{"type": "FeatureCollection", "features": [{"type": "Feature", "properties": {"fid": 1214, "OBJECTID": null, "Name": "AYT012", "LOTE_ID": "AYT012", "FINCA": "AYOTAL", "DISTRITO": "D34", "VARIEDAD": null, "CICLO": null, "TCH 23-24": null, "ESTIMADO 2": null, "AREA CAÑA": null, "ESTATUS": null, "UBICACIÒN": null, "SEMAN COSE": null, "SEMANA COS": null, "FECHA COSE": null, "EDAD COSEC": null, "FECHA CO_1": null, "FECHA SIEM": null, "FECHA CORT": null, "EDAD HOY": null, "TIPO COSEC": null, "TIPO DE CO": null, "BLOQUE COS": null, "RANGO DIST": null, "TIPO DE SU": null, "TIPO DE RI": null, "DISTANCIAM": null, "RENOVACIÒ": null, "Area Calc": 2.343, "WKT_Poligono": "MultiPolygon (((-87.26103226 13.23559003, -87.25994638 13.23652957, -87.25870566 13.23623203, -87.26022532 13.23477276, -87.26103226 13.23559003)))", "Etapas Fenologicas 2026-2027_Edad Formulada Meses": "5", "Etapas Fenologicas 2026-2027_Etapa Actual": "Elongacion Inicial"}, "geometry": {"type": "MultiPolygon", "coordinates": [[[[-87.2610322636114, 13.235590034032088], [-87.25994638301928, 13.23652957322208], [-87.25870565841026, 13.236232034812096], [-87.26022532318159, 13.234772759149807], [-87.2610322636114, 13.235590034032088]]]]}}, {"type": "Feature", "properties": {"fid": 1215, "OBJECTID": null, "Name": "AYT001", "LOTE_ID": "AYT001", "FINCA": "AYOTAL", "DISTRITO": "D34", "VARIEDAD": null, "CICLO": null, "TCH 23-24": null, "ESTIMADO 2": null, "AREA CAÑA": null, "ESTATUS": null, "UBICACIÒN": null, "SEMAN COSE": null, "SEMANA COS": null, "FECHA COSE": null, "EDAD COSEC": null, "FECHA CO_1": null, "FECHA SIEM": null, "FECHA CORT": null, "EDAD HOY": null, "TIPO COSEC": null, "TIPO DE CO": null, "BLOQUE COS": null, "RANGO DIST": null, "TIPO DE SU": null, "TIPO DE RI": null, "DISTANCIAM": null, "RENOVACIÒ": null, "Area Calc": 3.022, "WKT_Poligono": "MultiPolygon (((-87.27328449 13.22307318, -87.27273366 13.22359541, -87.27212937 13.22445124, -87.27137405 13.22387693, -87.27136201 13.22377606, -87.27136387 13.22309404, -87.27144025 13.22284386, -87.27164415 13.22275993, -87.27177917 13.22278587, -87.27194762 13.2226027, -87.27202181 13.22259537, -87.27215393 13.22248077, -87.27235801 13.22211408, -87.27253631 13.2217704, -87.27263708 13.22193688, -87.27271399 13.22246978, -87.27290929 13.22276452, -87.27328449 13.22307318)))", "Etapas Fenologicas 2026-2027_Edad Formulada Meses": "5", "Etapas Fenologicas 2026-2027_Etapa Actual": "Elongacion Inicial"}, "geometry": {"type": "MultiPolygon", "coordinates": [[[[-87.27328448656661, 13.223073181397927], [-87.27273365859618, 13.223595405482461], [-87.27212937038225, 13.22445124430026], [-87.27137404636078, 13.223876927453219], [-87.2713620074625, 13.22377605648423], [-87.27136386867194, 13.22309403667108], [-87.2714402547198, 13.22284385791038], [-87.27164415233214, 13.222759927805829], [-87.27177916933893, 13.222785866050446], [-87.27194762233188, 13.22260269761682], [-87.27202180761654, 13.222595374425035], [-87.27215393473091, 13.22248077183643], [-87.27235800903473, 13.222114080385108], [-87.2725363124436, 13.221770401051069], [-87.2726370835882, 13.221936879218429], [-87.27271398825322, 13.222469784148572], [-87.27290928824556, 13.22276451744279], [-87.27328448656661, 13.223073181397927]]]]}}, {"type": "Feature", "properties": {"fid": 1216, "OBJECTID": null, "Name": "AYT002", "LOTE_ID": "AYT002", "FINCA": "AYOTAL", "DISTRITO": "D34", "VARIEDAD": null, "CICLO": null, "TCH 23-24": null, "ESTIMADO 2": null, "AREA CAÑA": null, "ESTATUS": null, "UBICACIÒN": null, "SEMAN COSE": null, "SEMANA COS": null, "FECHA COSE": null, "EDAD COSEC": null, "FECHA CO_1": null, "FECHA SIEM": null, "FECHA CORT": null, "EDAD HOY": null, "TIPO COSEC": null, "TIPO DE CO": null, "BLOQUE COS": null, "RANGO DIST": null, "TIPO DE SU": null, "TIPO DE RI": null, "DISTANCIAM": null, "RENOVACIÒ": null, "Area Calc": 2.05, "WKT_Poligono": "MultiPolygon (((-87.27211203 13.22448782, -87.27153337 13.22538199, -87.27139548 13.22527289, -87.2712887 13.22536929, -87.27143567 13.22545186, -87.27137348 13.22552461, -87.27121289 13.22573912, -87.27129812 13.22583196, -87.27115299 13.22606707, -87.2700968 13.22527577, -87.27010619 13.22523559, -87.27036906 13.22521338, -87.27058948 13.2251201, -87.27075423 13.22497947, -87.27081671 13.22486192, -87.27085722 13.22476119, -87.27113305 13.22436133, -87.27130343 13.2240861, -87.27136607 13.22391965, -87.27211203 13.22448782)))", "Etapas Fenologicas 2026-2027_Edad Formulada Meses": "5", "Etapas Fenologicas 2026-2027_Etapa Actual": "Elongacion Inicial"}, "geometry": {"type": "MultiPolygon", "coordinates": [[[[-87.27211203372197, 13.22448782397382], [-87.27153337153693, 13.225381989567419], [-87.27139548250294, 13.22527289346569], [-87.27128870044979, 13.225369293659364], [-87.271435669545, 13.225451860275331], [-87.27137347664838, 13.225524609764939], [-87.27121288648895, 13.225739119665032], [-87.27129812471529, 13.225831962604829], [-87.27115298661364, 13.22606706593044], [-87.2700968004234, 13.2252757660268], [-87.27010619008884, 13.22523559488805], [-87.2703690589763, 13.225213381037829], [-87.27058947558066, 13.22512009730485], [-87.27075422847929, 13.224979472288641], [-87.27081671237305, 13.224861920457387], [-87.27085722487263, 13.2247611941604], [-87.27113305472601, 13.22436133077147], [-87.2713034313345, 13.224086097073831], [-87.27136607295785, 13.22391964858297], [-87.27211203372197, 13.22448782397382]]]]}}, {"type": "Feature", "properties": {"fid": 1217, "OBJECTID": null, "Name": "AYT007", "LOTE_ID": "AYT007", "FINCA": "AYOTAL", "DISTRITO": "D34", "VARIEDAD": null, "CICLO": null, "TCH 23-24": null, "ESTIMADO 2": null, "AREA CAÑA": null, "ESTATUS": null, "UBICACIÒN": null, "SEMAN COSE": null, "SEMANA COS": null, "FECHA COSE": null, "EDAD COSEC": null, "FECHA CO_1": null, "FECHA SIEM": null, "FECHA CORT": null, "EDAD HOY": null, "TIPO COSEC": null, "TIPO DE CO": null, "BLOQUE COS": null, "RANGO DIST": null, "TIPO DE SU": null, "TIPO DE RI": null, "DISTANCIAM": null, "RENOVACIÒ": null, "Area Calc": 3.913, "WKT_Poligono": "MultiPolygon (((-87.26632272 13.23073424, -87.26545804 13.23158956, -87.26428494 13.23272404, -87.26337453 13.23181137, -87.2635885 13.2316571, -87.26359535 13.23165265, -87.26379171 13.23163419, -87.26392952 13.23153463, -87.264037 13.23162313, -87.26412064 13.23158943, -87.26408699 13.23153664, -87.26410584 13.23147474, -87.26404473 13.23141079, -87.26403709 13.23134855, -87.26408449 13.23124542, -87.26433978 13.231159, -87.26430697 13.23109643, -87.26459174 13.23084634, -87.26499133 13.23059472, -87.26508844 13.23056277, -87.2653221 13.23061146, -87.26535827 13.2305838, -87.26511675 13.23025376, -87.26547362 13.22998885, -87.26571372 13.22989748, -87.26632272 13.23073424)))", "Etapas Fenologicas 2026-2027_Edad Formulada Meses": "5", "Etapas Fenologicas 2026-2027_Etapa Actual": "Elongacion Inicial"}, "geometry": {"type": "MultiPolygon", "coordinates": [[[[-87.26632271693349, 13.23073423823765], [-87.26545804377463, 13.23158956461533], [-87.26428494140868, 13.2327240417479], [-87.26337452674328, 13.2318113684557], [-87.26358849939513, 13.23165709960984], [-87.26359534699122, 13.231652651333182], [-87.26379170679706, 13.23163419467279], [-87.26392951597239, 13.23153463294501], [-87.264036996852, 13.231623133899589], [-87.26412063621353, 13.231589434159522], [-87.26408699396225, 13.231536642920219], [-87.2641058423899, 13.231474736201298], [-87.26404472878748, 13.231410790963317], [-87.26403709062356, 13.231348551360176], [-87.26408448806552, 13.231245424113979], [-87.2643397804724, 13.231159000711608], [-87.26430697158027, 13.231096432867728], [-87.26459174446977, 13.230846336337489], [-87.26499132668484, 13.2305947191738], [-87.26508843674459, 13.23056277351531], [-87.26532210482837, 13.23061146263579], [-87.26535826896773, 13.23058380290005], [-87.26511674785114, 13.23025376485038], [-87.26547362137806, 13.229988848545112], [-87.26571372306888, 13.22989747816403], [-87.26632271693349, 13.23073423823765]]]]}}, {"type": "Feature", "properties": {"fid": 1218, "OBJECTID": null, "Name": "AYT008", "LOTE_ID": "AYT008", "FINCA": "AYOTAL", "DISTRITO": "D34", "VARIEDAD": null, "CICLO": null, "TCH 23-24": null, "ESTIMADO 2": null, "AREA CAÑA": null, "ESTATUS": null, "UBICACIÒN": null, "SEMAN COSE": null, "SEMANA COS": null, "FECHA COSE": null, "EDAD COSEC": null, "FECHA CO_1": null, "FECHA SIEM": null, "FECHA CORT": null, "EDAD HOY": null, "TIPO COSEC": null, "TIPO DE CO": null, "BLOQUE COS": null, "RANGO DIST": null, "TIPO DE SU": null, "TIPO DE RI": null, "DISTANCIAM": null, "RENOVACIÒ": null, "Area Calc": 3.285, "WKT_Poligono": "MultiPolygon (((-87.26310417 13.2338505, -87.26267471 13.23417098, -87.26177184 13.23327699, -87.26214598 13.23292481, -87.26247919 13.23262078, -87.26270348 13.23237647, -87.26292288 13.23214477, -87.26328821 13.23189088, -87.26421612 13.23281546, -87.26358281 13.2334231, -87.26310417 13.2338505)))", "Etapas Fenologicas 2026-2027_Edad Formulada Meses": "5", "Etapas Fenologicas 2026-2027_Etapa Actual": "Elongacion Inicial"}, "geometry": {"type": "MultiPolygon", "coordinates": [[[[-87.26310417231926, 13.23385049852372], [-87.26267470774293, 13.234170981714309], [-87.2617718449823, 13.233276993722836], [-87.26214597808703, 13.23292481462378], [-87.26247919470205, 13.232620781870617], [-87.26270348143444, 13.232376470700391], [-87.26292287723064, 13.2321447717508], [-87.26328821067308, 13.231890880472578], [-87.2642161194436, 13.232815464375179], [-87.26358281388339, 13.233423103330818], [-87.26310417231926, 13.23385049852372]]]]}}, {"type": "Feature", "properties": {"fid": 1219, "OBJECTID": null, "Name": "AYT011", "LOTE_ID": "AYT011", "FINCA": "AYOTAL", "DISTRITO": "D34", "VARIEDAD": null, "CICLO": null, "TCH 23-24": null, "ESTIMADO 2": null, "AREA CAÑA": null, "ESTATUS": null, "UBICACIÒN": null, "SEMAN COSE": null, "SEMANA COS": null, "FECHA COSE": null, "EDAD COSEC": null, "FECHA CO_1": null, "FECHA SIEM": null, "FECHA CORT": null, "EDAD HOY": null, "TIPO COSEC": null, "TIPO DE CO": null, "BLOQUE COS": null, "RANGO DIST": null, "TIPO DE SU": null, "TIPO DE RI": null, "DISTANCIAM": null, "RENOVACIÒ": null, "Area Calc": 3.039, "WKT_Poligono": "MultiPolygon (((-87.2626456 13.23420395, -87.26109494 13.23555932, -87.26026895 13.23473598, -87.26173052 13.2332844, -87.2626456 13.23420395)))", "Etapas Fenologicas 2026-2027_Edad Formulada Meses": "5", "Etapas Fenologicas 2026-2027_Etapa Actual": "Elongacion Inicial"}, "geometry": {"type": "MultiPolygon", "coordinates": [[[[-87.26264559678141, 13.234203947375988], [-87.26109493925753, 13.235559315221904], [-87.26026895189904, 13.23473597627417], [-87.2617305155256, 13.23328439902764], [-87.26264559678141, 13.234203947375988]]]]}}, {"type": "Feature", "properties": {"fid": 1220, "OBJECTID": null, "Name": "AYT013", "LOTE_ID": "AYT013", "FINCA": "AYOTAL", "DISTRITO": "D34", "VARIEDAD": null, "CICLO": null, "TCH 23-24": null, "ESTIMADO 2": null, "AREA CAÑA": null, "ESTATUS": null, "UBICACIÒN": null, "SEMAN COSE": null, "SEMANA COS": null, "FECHA COSE": null, "EDAD COSEC": null, "FECHA CO_1": null, "FECHA SIEM": null, "FECHA CORT": null, "EDAD HOY": null, "TIPO COSEC": null, "TIPO DE CO": null, "BLOQUE COS": null, "RANGO DIST": null, "TIPO DE SU": null, "TIPO DE RI": null, "DISTANCIAM": null, "RENOVACIÒ": null, "Area Calc": 2.436, "WKT_Poligono": "MultiPolygon (((-87.26020696 13.23471344, -87.25863129 13.23623924, -87.25774113 13.23602369, -87.2576049 13.23594048, -87.25749085 13.23588061, -87.25720164 13.23560329, -87.25737496 13.2354924, -87.25758726 13.2354322, -87.257782 13.23534394, -87.25795 13.2353167, -87.25808323 13.23524073, -87.25817045 13.23511437, -87.25837209 13.23509605, -87.25849392 13.23518307, -87.2586651 13.23517013, -87.25895404 13.23547802, -87.25901208 13.23541771, -87.25900114 13.23540819, -87.25898073 13.2353061, -87.25902238 13.23524095, -87.25899808 13.23519875, -87.25906382 13.23514254, -87.25919069 13.23510448, -87.25925931 13.23495873, -87.25928372 13.23489482, -87.25943189 13.23478381, -87.25956463 13.23470347, -87.25958548 13.23459365, -87.25963086 13.23434574, -87.25970518 13.23422712, -87.26020696 13.23471344)))", "Etapas Fenologicas 2026-2027_Edad Formulada Meses": "5", "Etapas Fenologicas 2026-2027_Etapa Actual": "Elongacion Inicial"}, "geometry": {"type": "MultiPolygon", "coordinates": [[[[-87.26020695901866, 13.234713444984838], [-87.25863128909467, 13.236239241024766], [-87.25774112531104, 13.236023685633512], [-87.25760489774972, 13.235940478192083], [-87.2574908515176, 13.235880606528879], [-87.2572016442144, 13.235603292778523], [-87.25737495801486, 13.235492397265569], [-87.2575872590649, 13.2354322019693], [-87.25778199573654, 13.235343941235731], [-87.25794999861057, 13.235316703372257], [-87.258083230876, 13.235240725443239], [-87.25817044649861, 13.235114368575708], [-87.25837208702349, 13.235096052598738], [-87.25849392405534, 13.235183071201709], [-87.2586650965933, 13.23517013240787], [-87.25895404232496, 13.235478021448658], [-87.25901208448457, 13.235417706352058], [-87.259001135042, 13.23540818959966], [-87.25898073432195, 13.23530610125859], [-87.25902238264163, 13.23524094924452], [-87.25899807971713, 13.235198746203078], [-87.25906382268158, 13.235142541307088], [-87.2591906946576, 13.235104481747072], [-87.25925930721638, 13.23495873159042], [-87.25928371844792, 13.2348948211928], [-87.25943189242345, 13.234783807633239], [-87.25956463222379, 13.234703471041012], [-87.25958548229475, 13.234593650244776], [-87.25963086469528, 13.23434573934765], [-87.25970517709803, 13.234227122366557], [-87.26020695901866, 13.234713444984838]]]]}}, {"type": "Feature", "properties": {"fid": 1221, "OBJECTID": null, "Name": "AYT014", "LOTE_ID": "AYT014", "FINCA": "AYOTAL", "DISTRITO": "D34", "VARIEDAD": null, "CICLO": null, "TCH 23-24": null, "ESTIMADO 2": null, "AREA CAÑA": null, "ESTATUS": null, "UBICACIÒN": null, "SEMAN COSE": null, "SEMANA COS": null, "FECHA COSE": null, "EDAD COSEC": null, "FECHA CO_1": null, "FECHA SIEM": null, "FECHA CORT": null, "EDAD HOY": null, "TIPO COSEC": null, "TIPO DE CO": null, "BLOQUE COS": null, "RANGO DIST": null, "TIPO DE SU": null, "TIPO DE RI": null, "DISTANCIAM": null, "RENOVACIÒ": null, "Area Calc": 1.761, "WKT_Poligono": "MultiPolygon (((-87.25653018 13.23494702, -87.25636314 13.23476267, -87.25799662 13.23316349, -87.25887786 13.23407021, -87.25876918 13.23415441, -87.25862051 13.23416171, -87.25861127 13.23417391, -87.25852885 13.23418594, -87.25841247 13.23420228, -87.2582857 13.23423055, -87.25816278 13.23426318, -87.25803242 13.23427496, -87.25794021 13.23428279, -87.25793295 13.23428694, -87.25781039 13.23430302, -87.25766103 13.23432745, -87.25763802 13.23433154, -87.25751636 13.2343692, -87.25732973 13.23444655, -87.25710407 13.23451214, -87.25689544 13.23458301, -87.25686483 13.23467288, -87.2567078 13.23486206, -87.25653018 13.23494702)))", "Etapas Fenologicas 2026-2027_Edad Formulada Meses": "5", "Etapas Fenologicas 2026-2027_Etapa Actual": "Elongacion Inicial"}, "geometry": {"type": "MultiPolygon", "coordinates": [[[[-87.25653017587321, 13.23494701529947], [-87.25636314205107, 13.234762671511938], [-87.25799662457139, 13.233163489267048], [-87.25887785678904, 13.234070209295957], [-87.25876917524927, 13.234154413727026], [-87.25862050719579, 13.23416171420326], [-87.25861126838635, 13.234173907540908], [-87.2585288454292, 13.23418593929718], [-87.25841246790593, 13.23420228265844], [-87.25828570492541, 13.234230554869516], [-87.25816278428549, 13.234263182844368], [-87.25803242475065, 13.23427495688987], [-87.25794020627552, 13.23428278561143], [-87.25793294716372, 13.234286941995787], [-87.25781038837412, 13.23430302369743], [-87.25766102891895, 13.23432744643785], [-87.25763802459588, 13.234331539057129], [-87.25751636154436, 13.234369196473562], [-87.25732973487676, 13.23444654514891], [-87.25710406788471, 13.234512138301596], [-87.25689543793281, 13.234583010939392], [-87.2568648342809, 13.23467288481294], [-87.25670779861416, 13.234862059688187], [-87.25653017587321, 13.23494701529947]]]]}}, {"type": "Feature", "properties": {"fid": 1222, "OBJECTID": null, "Name": "AYT017", "LOTE_ID": "AYT017", "FINCA": "AYOTAL", "DISTRITO": "D34", "VARIEDAD": null, "CICLO": null, "TCH 23-24": null, "ESTIMADO 2": null, "AREA CAÑA": null, "ESTATUS": null, "UBICACIÒN": null, "SEMAN COSE": null, "SEMANA COS": null, "FECHA COSE": null, "EDAD COSEC": null, "FECHA CO_1": null, "FECHA SIEM": null, "FECHA CORT": null, "EDAD HOY": null, "TIPO COSEC": null, "TIPO DE CO": null, "BLOQUE COS": null, "RANGO DIST": null, "TIPO DE SU": null, "TIPO DE RI": null, "DISTANCIAM": null, "RENOVACIÒ": null, "Area Calc": 3.086, "WKT_Poligono": "MultiPolygon (((-87.25606258 13.2324855, -87.25730346 13.23371582, -87.25628399 13.23470881, -87.25573566 13.23424152, -87.25498549 13.23354428, -87.25606258 13.2324855)))", "Etapas Fenologicas 2026-2027_Edad Formulada Meses": "5", "Etapas Fenologicas 2026-2027_Etapa Actual": "Elongacion Inicial"}, "geometry": {"type": "MultiPolygon", "coordinates": [[[[-87.25606258059727, 13.232485498921438], [-87.25730346425684, 13.233715816050292], [-87.25628398945344, 13.234708806128479], [-87.25573566299691, 13.23424152464973], [-87.25498548634067, 13.23354427958136], [-87.25606258059727, 13.232485498921438]]]]}}, {"type": "Feature", "properties": {"fid": 1223, "OBJECTID": null, "Name": "AYT015", "LOTE_ID": "AYT015", "FINCA": "AYOTAL", "DISTRITO": "D34", "VARIEDAD": null, "CICLO": null, "TCH 23-24": null, "ESTIMADO 2": null, "AREA CAÑA": null, "ESTATUS": null, "UBICACIÒN": null, "SEMAN COSE": null, "SEMANA COS": null, "FECHA COSE": null, "EDAD COSEC": null, "FECHA CO_1": null, "FECHA SIEM": null, "FECHA CORT": null, "EDAD HOY": null, "TIPO COSEC": null, "TIPO DE CO": null, "BLOQUE COS": null, "RANGO DIST": null, "TIPO DE SU": null, "TIPO DE RI": null, "DISTANCIAM": null, "RENOVACIÒ": null, "Area Calc": 1.786, "WKT_Poligono": "MultiPolygon (((-87.25906873 13.23385252, -87.25890389 13.23402544, -87.25803183 13.23312863, -87.25938336 13.23184063, -87.25940526 13.23194094, -87.25942555 13.23219064, -87.25948889 13.23223736, -87.25953582 13.23223394, -87.25963093 13.23221625, -87.25973423 13.23231021, -87.25970345 13.23247231, -87.25959737 13.23252487, -87.25940754 13.23265382, -87.25911773 13.2328211, -87.2591674 13.23321585, -87.25919125 13.23347761, -87.25918211 13.23368572, -87.25916544 13.23368572, -87.25906873 13.23385252)))", "Etapas Fenologicas 2026-2027_Edad Formulada Meses": "5", "Etapas Fenologicas 2026-2027_Etapa Actual": "Elongacion Inicial"}, "geometry": {"type": "MultiPolygon", "coordinates": [[[[-87.25906872545097, 13.23385252096861], [-87.25890389261419, 13.234025438500932], [-87.2580318341598, 13.23312863269052], [-87.2593833581335, 13.23184062951225], [-87.25940526010203, 13.23194093875589], [-87.25942555200538, 13.232190637509872], [-87.25948888962647, 13.232237362553008], [-87.259535822216, 13.232233944489108], [-87.25963093105561, 13.232216246306658], [-87.25973423204583, 13.23231020541187], [-87.25970345145831, 13.232472308429289], [-87.25959737037648, 13.232524867551017], [-87.25940754085867, 13.232653818762598], [-87.25911772833442, 13.232821100377933], [-87.25916740042263, 13.233215849551302], [-87.25919125309149, 13.23347761432913], [-87.25918211065789, 13.233685722547914], [-87.25916543507662, 13.233685721753547], [-87.25906872545097, 13.23385252096861]]]]}}, {"type": "Feature", "properties": {"fid": 1224, "OBJECTID": null, "Name": "AYT018", "LOTE_ID": "AYT018", "FINCA": "AYOTAL", "DISTRITO": "D34", "VARIEDAD": null, "CICLO": null, "TCH 23-24": null, "ESTIMADO 2": null, "AREA CAÑA": null, "ESTATUS": null, "UBICACIÒN": null, "SEMAN COSE": null, "SEMANA COS": null, "FECHA COSE": null, "EDAD COSEC": null, "FECHA CO_1": null, "FECHA SIEM": null, "FECHA CORT": null, "EDAD HOY": null, "TIPO COSEC": null, "TIPO DE CO": null, "BLOQUE COS": null, "RANGO DIST": null, "TIPO DE SU": null, "TIPO DE RI": null, "DISTANCIAM": null, "RENOVACIÒ": null, "Area Calc": 3.771, "WKT_Poligono": "MultiPolygon (((-87.25861848 13.23246427, -87.25733533 13.23369344, -87.25609609 13.23244172, -87.25739901 13.23120047, -87.25861848 13.23246427)))", "Etapas Fenologicas 2026-2027_Edad Formulada Meses": "5", "Etapas Fenologicas 2026-2027_Etapa Actual": "Elongacion Inicial"}, "geometry": {"type": "MultiPolygon", "coordinates": [[[[-87.2586184825718, 13.23246427348602], [-87.2573353275018, 13.233693441044828], [-87.25609608603114, 13.232441721635238], [-87.25739900501236, 13.231200469634658], [-87.2586184825718, 13.23246427348602]]]]}}, {"type": "Feature", "properties": {"fid": 1225, "OBJECTID": null, "Name": "AYT019", "LOTE_ID": "AYT019", "FINCA": "AYOTAL", "DISTRITO": "D34", "VARIEDAD": null, "CICLO": null, "TCH 23-24": null, "ESTIMADO 2": null, "AREA CAÑA": null, "ESTATUS": null, "UBICACIÒN": null, "SEMAN COSE": null, "SEMANA COS": null, "FECHA COSE": null, "EDAD COSEC": null, "FECHA CO_1": null, "FECHA SIEM": null, "FECHA CORT": null, "EDAD HOY": null, "TIPO COSEC": null, "TIPO DE CO": null, "BLOQUE COS": null, "RANGO DIST": null, "TIPO DE SU": null, "TIPO DE RI": null, "DISTANCIAM": null, "RENOVACIÒ": null, "Area Calc": 3.429, "WKT_Poligono": "MultiPolygon (((-87.25937229 13.23177239, -87.25867656 13.23241103, -87.25741733 13.23116377, -87.25842106 13.23022569, -87.25872025 13.22991982, -87.25955868 13.23077265, -87.25939718 13.23088598, -87.25929045 13.23098065, -87.25939367 13.23109693, -87.25940966 13.23111926, -87.25949536 13.23121478, -87.25934772 13.23140514, -87.25937229 13.23177239)))", "Etapas Fenologicas 2026-2027_Edad Formulada Meses": "5", "Etapas Fenologicas 2026-2027_Etapa Actual": "Elongacion Inicial"}, "geometry": {"type": "MultiPolygon", "coordinates": [[[[-87.2593722902558, 13.231772394979862], [-87.25867656275392, 13.232411029417523], [-87.2574173273854, 13.231163769581999], [-87.25842106102618, 13.230225687073142], [-87.25872024823424, 13.229919821837438], [-87.25955867838319, 13.23077265155392], [-87.25939717750622, 13.230885977007471], [-87.25929044693716, 13.230980654848208], [-87.25939366775971, 13.23109692607751], [-87.25940966383637, 13.231119261917469], [-87.25949536306517, 13.23121477584749], [-87.25934771650975, 13.231405136990071], [-87.2593722902558, 13.231772394979862]]]]}}, {"type": "Feature", "properties": {"fid": 1226, "OBJECTID": null, "Name": "AYT020", "LOTE_ID": "AYT020", "FINCA": "AYOTAL", "DISTRITO": "D34", "VARIEDAD": null, "CICLO": null, "TCH 23-24": null, "ESTIMADO 2": null, "AREA CAÑA": null, "ESTATUS": null, "UBICACIÒN": null, "SEMAN COSE": null, "SEMANA COS": null, "FECHA COSE": null, "EDAD COSEC": null, "FECHA CO_1": null, "FECHA SIEM": null, "FECHA CORT": null, "EDAD HOY": null, "TIPO COSEC": null, "TIPO DE CO": null, "BLOQUE COS": null, "RANGO DIST": null, "TIPO DE SU": null, "TIPO DE RI": null, "DISTANCIAM": null, "RENOVACIÒ": null, "Area Calc": 3.721, "WKT_Poligono": "MultiPolygon (((-87.26128665 13.22987396, -87.26038679 13.23078065, -87.26003462 13.23080926, -87.25960277 13.23073489, -87.25875673 13.22986381, -87.26001941 13.22861051, -87.26129897 13.22985679, -87.26128665 13.22987396)))", "Etapas Fenologicas 2026-2027_Edad Formulada Meses": "5", "Etapas Fenologicas 2026-2027_Etapa Actual": "Elongacion Inicial"}, "geometry": {"type": "MultiPolygon", "coordinates": [[[[-87.26128665212066, 13.229873955475838], [-87.26038679233731, 13.230780645124577], [-87.26003461906944, 13.23080925529165], [-87.25960276914897, 13.23073489432077], [-87.25875672542973, 13.22986380841192], [-87.26001941249662, 13.22861050686327], [-87.26129896966923, 13.229856791598422], [-87.26128665212066, 13.229873955475838]]]]}}, {"type": "Feature", "properties": {"fid": 1227, "OBJECTID": null, "Name": "AYT016", "LOTE_ID": "AYT016", "FINCA": "AYOTAL", "DISTRITO": "D34", "VARIEDAD": null, "CICLO": null, "TCH 23-24": null, "ESTIMADO 2": null, "AREA CAÑA": null, "ESTATUS": null, "UBICACIÒN": null, "SEMAN COSE": null, "SEMANA COS": null, "FECHA COSE": null, "EDAD COSEC": null, "FECHA CO_1": null, "FECHA SIEM": null, "FECHA CORT": null, "EDAD HOY": null, "TIPO COSEC": null, "TIPO DE CO": null, "BLOQUE COS": null, "RANGO DIST": null, "TIPO DE SU": null, "TIPO DE RI": null, "DISTANCIAM": null, "RENOVACIÒ": null, "Area Calc": 0.54, "WKT_Poligono": "MultiPolygon (((-87.26172585 13.2303163, -87.26123651 13.23064905, -87.26080592 13.23077403, -87.26045637 13.23080728, -87.2613471 13.22991994, -87.26172585 13.2303163)))", "Etapas Fenologicas 2026-2027_Edad Formulada Meses": "5", "Etapas Fenologicas 2026-2027_Etapa Actual": "Elongacion Inicial"}, "geometry": {"type": "MultiPolygon", "coordinates": [[[[-87.26172584589713, 13.230316304635258], [-87.26123650559981, 13.230649047967121], [-87.26080592471303, 13.230774030904808], [-87.26045636749923, 13.230807283812577], [-87.26134709998092, 13.229919942585388], [-87.26172584589713, 13.230316304635258]]]]}}, {"type": "Feature", "properties": {"fid": 1228, "OBJECTID": null, "Name": "AYT003", "LOTE_ID": "AYT003", "FINCA": "AYOTAL", "DISTRITO": "D34", "VARIEDAD": null, "CICLO": null, "TCH 23-24": null, "ESTIMADO 2": null, "AREA CAÑA": null, "ESTATUS": null, "UBICACIÒN": null, "SEMAN COSE": null, "SEMANA COS": null, "FECHA COSE": null, "EDAD COSEC": null, "FECHA CO_1": null, "FECHA SIEM": null, "FECHA CORT": null, "EDAD HOY": null, "TIPO COSEC": null, "TIPO DE CO": null, "BLOQUE COS": null, "RANGO DIST": null, "TIPO DE SU": null, "TIPO DE RI": null, "DISTANCIAM": null, "RENOVACIÒ": null, "Area Calc": 1.15, "WKT_Poligono": "MultiPolygon (((-87.27112822 13.2261044, -87.27045908 13.22707937, -87.26976251 13.2266201, -87.2704904 13.22566327, -87.27112822 13.2261044)))", "Etapas Fenologicas 2026-2027_Edad Formulada Meses": "5", "Etapas Fenologicas 2026-2027_Etapa Actual": "Elongacion Inicial"}, "geometry": {"type": "MultiPolygon", "coordinates": [[[[-87.27112821869693, 13.226104395312897], [-87.27045907769029, 13.227079368009088], [-87.26976251216259, 13.226620102063958], [-87.27049039911672, 13.225663266263352], [-87.27112821869693, 13.226104395312897]]]]}}, {"type": "Feature", "properties": {"fid": 1229, "OBJECTID": null, "Name": "AYT005", "LOTE_ID": "AYT005", "FINCA": "AYOTAL", "DISTRITO": "D34", "VARIEDAD": null, "CICLO": null, "TCH 23-24": null, "ESTIMADO 2": null, "AREA CAÑA": null, "ESTATUS": null, "UBICACIÒN": null, "SEMAN COSE": null, "SEMANA COS": null, "FECHA COSE": null, "EDAD COSEC": null, "FECHA CO_1": null, "FECHA SIEM": null, "FECHA CORT": null, "EDAD HOY": null, "TIPO COSEC": null, "TIPO DE CO": null, "BLOQUE COS": null, "RANGO DIST": null, "TIPO DE SU": null, "TIPO DE RI": null, "DISTANCIAM": null, "RENOVACIÒ": null, "Area Calc": 1.518, "WKT_Poligono": "MultiPolygon (((-87.26842531 13.22570611, -87.26970755 13.22661925, -87.26917015 13.22736478, -87.26890828 13.22716261, -87.26894564 13.22699848, -87.26885669 13.22692798, -87.26875816 13.22689966, -87.26860126 13.22680004, -87.26853477 13.22671795, -87.26849205 13.22668338, -87.26843622 13.22666303, -87.26834305 13.22661127, -87.26832034 13.22654381, -87.26827525 13.22642704, -87.26825609 13.22635383, -87.26820174 13.22628444, -87.26812592 13.22618336, -87.26808395 13.22595813, -87.26810532 13.22581092, -87.26821493 13.22575587, -87.26828647 13.22573123, -87.26842531 13.22570611)))", "Etapas Fenologicas 2026-2027_Edad Formulada Meses": "5", "Etapas Fenologicas 2026-2027_Etapa Actual": "Elongacion Inicial"}, "geometry": {"type": "MultiPolygon", "coordinates": [[[[-87.26842530785389, 13.225706112401607], [-87.269707545206, 13.22661924881376], [-87.26917015425161, 13.227364780842189], [-87.26890828313417, 13.227162608687978], [-87.26894563628073, 13.22699847573289], [-87.26885668663198, 13.226927980537386], [-87.26875815708685, 13.22689965956796], [-87.2686012640776, 13.226800035285148], [-87.268534766394, 13.22671795190907], [-87.26849205171213, 13.226683375485212], [-87.26843621713138, 13.226663025740017], [-87.26834305331082, 13.226611268341582], [-87.26832033686932, 13.226543813812068], [-87.2682752452837, 13.226427044643922], [-87.26825609331873, 13.226353831583582], [-87.26820174477609, 13.22628443527767], [-87.26812591542193, 13.22618336405363], [-87.26808394793453, 13.225958127717371], [-87.26810532235254, 13.22581092016945], [-87.2682149272402, 13.2257558651103], [-87.26828647415215, 13.22573122548967], [-87.26842530785389, 13.225706112401607]]]]}}, {"type": "Feature", "properties": {"fid": 1230, "OBJECTID": null, "Name": "AYT004", "LOTE_ID": "AYT004", "FINCA": "AYOTAL", "DISTRITO": "D34", "VARIEDAD": null, "CICLO": null, "TCH 23-24": null, "ESTIMADO 2": null, "AREA CAÑA": null, "ESTATUS": null, "UBICACIÒN": null, "SEMAN COSE": null, "SEMANA COS": null, "FECHA COSE": null, "EDAD COSEC": null, "FECHA CO_1": null, "FECHA SIEM": null, "FECHA CORT": null, "EDAD HOY": null, "TIPO COSEC": null, "TIPO DE CO": null, "BLOQUE COS": null, "RANGO DIST": null, "TIPO DE SU": null, "TIPO DE RI": null, "DISTANCIAM": null, "RENOVACIÒ": null, "Area Calc": 0.907, "WKT_Poligono": "MultiPolygon (((-87.27041845 13.22712682, -87.27016877 13.22752149, -87.26995313 13.2277746, -87.269777 13.22785329, -87.26958637 13.22771708, -87.26947578 13.22751701, -87.26922743 13.22734988, -87.26973277 13.22666672, -87.27041845 13.22712682)))", "Etapas Fenologicas 2026-2027_Edad Formulada Meses": "5", "Etapas Fenologicas 2026-2027_Etapa Actual": "Elongacion Inicial"}, "geometry": {"type": "MultiPolygon", "coordinates": [[[[-87.27041844895928, 13.227126817508802], [-87.27016876715658, 13.22752149460184], [-87.26995312909769, 13.227774599550344], [-87.2697769991281, 13.227853287883693], [-87.2695863733861, 13.227717081258028], [-87.26947578358929, 13.227517005119749], [-87.26922742659656, 13.22734987836014], [-87.26973277312531, 13.226666724179402], [-87.27041844895928, 13.227126817508802]]]]}}, {"type": "Feature", "properties": {"fid": 1231, "OBJECTID": null, "Name": "AYT006", "LOTE_ID": "AYT006", "FINCA": "AYOTAL", "DISTRITO": "D34", "VARIEDAD": null, "CICLO": null, "TCH 23-24": null, "ESTIMADO 2": null, "AREA CAÑA": null, "ESTATUS": null, "UBICACIÒN": null, "SEMAN COSE": null, "SEMANA COS": null, "FECHA COSE": null, "EDAD COSEC": null, "FECHA CO_1": null, "FECHA SIEM": null, "FECHA CORT": null, "EDAD HOY": null, "TIPO COSEC": null, "TIPO DE CO": null, "BLOQUE COS": null, "RANGO DIST": null, "TIPO DE SU": null, "TIPO DE RI": null, "DISTANCIAM": null, "RENOVACIÒ": null, "Area Calc": 1.344, "WKT_Poligono": "MultiPolygon (((-87.26996671 13.22524396, -87.27044834 13.22561831, -87.2697232 13.22657402, -87.26860964 13.22578211, -87.26865589 13.22576787, -87.2688326 13.2257935, -87.26908522 13.22570304, -87.26945928 13.22550387, -87.26996671 13.22524396)))", "Etapas Fenologicas 2026-2027_Edad Formulada Meses": "5", "Etapas Fenologicas 2026-2027_Etapa Actual": "Elongacion Inicial"}, "geometry": {"type": "MultiPolygon", "coordinates": [[[[-87.26996670626163, 13.225243957650859], [-87.27044834077388, 13.225618311724686], [-87.26972320322034, 13.226574016751849], [-87.26860964496315, 13.22578210950732], [-87.26865588698101, 13.225767869455717], [-87.2688325957892, 13.22579350151055], [-87.26908522311734, 13.225703042693757], [-87.26945928380643, 13.22550386669723], [-87.26996670626163, 13.225243957650859]]]]}}, {"type": "Feature", "properties": {"fid": 1232, "OBJECTID": null, "Name": "AYT009", "LOTE_ID": "AYT009", "FINCA": "AYOTAL", "DISTRITO": "D34", "VARIEDAD": null, "CICLO": null, "TCH 23-24": null, "ESTIMADO 2": null, "AREA CAÑA": null, "ESTATUS": null, "UBICACIÒN": null, "SEMAN COSE": null, "SEMANA COS": null, "FECHA COSE": null, "EDAD COSEC": null, "FECHA CO_1": null, "FECHA SIEM": null, "FECHA CORT": null, "EDAD HOY": null, "TIPO COSEC": null, "TIPO DE CO": null, "BLOQUE COS": null, "RANGO DIST": null, "TIPO DE SU": null, "TIPO DE RI": null, "DISTANCIAM": null, "RENOVACIÒ": null, "Area Calc": 1.363, "WKT_Poligono": "MultiPolygon (((-87.26316375 13.23182303, -87.26308486 13.23193109, -87.2624595 13.23252998, -87.2617258 13.23322573, -87.26152473 13.23303974, -87.26135048 13.23286679, -87.26146224 13.23280166, -87.26151638 13.23274803, -87.26156089 13.232639, -87.26162432 13.23248798, -87.26169238 13.23233749, -87.26176816 13.23223207, -87.26180484 13.2321196, -87.26179742 13.23198857, -87.26188196 13.23191177, -87.26201729 13.23185962, -87.26218031 13.23178464, -87.26229564 13.23175162, -87.26234193 13.23177166, -87.26242981 13.23186248, -87.26251873 13.23194877, -87.26258549 13.23190886, -87.26262525 13.23184573, -87.2626538 13.23176597, -87.26271646 13.23173338, -87.26282787 13.23181728, -87.26293627 13.23183989, -87.26307339 13.23184746, -87.26316375 13.23182303)))", "Etapas Fenologicas 2026-2027_Edad Formulada Meses": "5", "Etapas Fenologicas 2026-2027_Etapa Actual": "Elongacion Inicial"}, "geometry": {"type": "MultiPolygon", "coordinates": [[[[-87.26316375031486, 13.231823033063147], [-87.26308485564229, 13.23193108603481], [-87.26245950007271, 13.232529975702509], [-87.26172579750752, 13.23322573318644], [-87.26152473171265, 13.233039740941914], [-87.26135048390941, 13.232866788860939], [-87.26146224393825, 13.232801658979858], [-87.2615163764071, 13.2327480314789], [-87.2615608920657, 13.23263900134261], [-87.26162432047002, 13.232487979336536], [-87.26169237552207, 13.23233749149995], [-87.2617681588588, 13.23223206742275], [-87.26180484300855, 13.232119601241946], [-87.26179741690812, 13.231988572316599], [-87.26188195527098, 13.231911769376737], [-87.2620172886146, 13.23185962105868], [-87.26218031495083, 13.231784638511472], [-87.26229563699779, 13.23175161522586], [-87.26234192837022, 13.231771660117019], [-87.26242981233726, 13.231862483411138], [-87.26251873282392, 13.231948768473778], [-87.2625854881297, 13.231908855068461], [-87.26262525326332, 13.231845734547381], [-87.26265380358888, 13.23176597447835], [-87.26271645523384, 13.2317333836173], [-87.26282786548838, 13.231817281524249], [-87.26293627260506, 13.2318398898593], [-87.263073385703, 13.231847463972798], [-87.26316375031486, 13.231823033063147]]]]}}, {"type": "Feature", "properties": {"fid": 1233, "OBJECTID": null, "Name": "AYT010", "LOTE_ID": "AYT010", "FINCA": "AYOTAL", "DISTRITO": "D34", "VARIEDAD": null, "CICLO": null, "TCH 23-24": null, "ESTIMADO 2": null, "AREA CAÑA": null, "ESTATUS": null, "UBICACIÒN": null, "SEMAN COSE": null, "SEMANA COS": null, "FECHA COSE": null, "EDAD COSEC": null, "FECHA CO_1": null, "FECHA SIEM": null, "FECHA CORT": null, "EDAD HOY": null, "TIPO COSEC": null, "TIPO DE CO": null, "BLOQUE COS": null, "RANGO DIST": null, "TIPO DE SU": null, "TIPO DE RI": null, "DISTANCIAM": null, "RENOVACIÒ": null, "Area Calc": 2.344, "WKT_Poligono": "MultiPolygon (((-87.26132001 13.23291602, -87.26169589 13.23326327, -87.26092828 13.2340239, -87.26022847 13.23470168, -87.25969822 13.23415764, -87.25979347 13.23382489, -87.25983955 13.23374288, -87.25990345 13.23358622, -87.25998566 13.23346726, -87.26014386 13.23337651, -87.26030091 13.23324235, -87.26038426 13.23317179, -87.26043612 13.23293752, -87.2606519 13.23266411, -87.26071111 13.23268062, -87.26071407 13.23268059, -87.26089989 13.23288852, -87.261037 13.23291147, -87.26114846 13.23295302, -87.26123985 13.23294954, -87.26132001 13.23291602)))", "Etapas Fenologicas 2026-2027_Edad Formulada Meses": "5", "Etapas Fenologicas 2026-2027_Etapa Actual": "Elongacion Inicial"}, "geometry": {"type": "MultiPolygon", "coordinates": [[[[-87.26132000608818, 13.23291602092847], [-87.26169588938636, 13.233263273763992], [-87.26092827900676, 13.234023903040677], [-87.2602284730432, 13.234701683868499], [-87.25969821748356, 13.234157638315319], [-87.25979347133605, 13.233824894892988], [-87.25983954540135, 13.233742881288387], [-87.25990344679249, 13.233586219088497], [-87.25998565644468, 13.233467258344477], [-87.26014385908245, 13.23337651001545], [-87.2603009106982, 13.2332423527194], [-87.26038426204894, 13.233171793809479], [-87.26043611971501, 13.23293751738775], [-87.26065189990213, 13.23266411370129], [-87.26071110697669, 13.232680619122727], [-87.26071406718904, 13.23268059009805], [-87.26089989265648, 13.23288852055606], [-87.26103700071911, 13.232911469529938], [-87.26114846438148, 13.232953019441693], [-87.26123984713568, 13.232949543790888], [-87.26132000608818, 13.23291602092847]]]]}}, {"type": "Feature", "properties": {"fid": 1234, "OBJECTID": null, "Name": "AYT051", "LOTE_ID": "AYT051", "FINCA": "AYOTAL", "DISTRITO": "D34", "VARIEDAD": null, "CICLO": null, "TCH 23-24": null, "ESTIMADO 2": null, "AREA CAÑA": null, "ESTATUS": null, "UBICACIÒN": null, "SEMAN COSE": null, "SEMANA COS": null, "FECHA COSE": null, "EDAD COSEC": null, "FECHA CO_1": null, "FECHA SIEM": null, "FECHA CORT": null, "EDAD HOY": null, "TIPO COSEC": null, "TIPO DE CO": null, "BLOQUE COS": null, "RANGO DIST": null, "TIPO DE SU": null, "TIPO DE RI": null, "DISTANCIAM": null, "RENOVACIÒ": null, "Area Calc": 0.892, "WKT_Poligono": "MultiPolygon (((-87.26602341 13.21259691, -87.26584815 13.21259184, -87.26611096 13.21207882, -87.26624821 13.21180267, -87.26643551 13.21143846, -87.26675993 13.21173861, -87.26701574 13.21200094, -87.2669353 13.21213049, -87.26683542 13.21228345, -87.26672411 13.2124802, -87.26657211 13.21250928, -87.26640394 13.21268061, -87.26621865 13.21261474, -87.26602341 13.21259691)))", "Etapas Fenologicas 2026-2027_Edad Formulada Meses": "5", "Etapas Fenologicas 2026-2027_Etapa Actual": "Elongacion Inicial"}, "geometry": {"type": "MultiPolygon", "coordinates": [[[[-87.26602341498345, 13.21259690758799], [-87.26584815329817, 13.212591835633582], [-87.26611095707449, 13.212078815290562], [-87.26624820506352, 13.211802671897336], [-87.26643551076835, 13.211438461085287], [-87.2667599334528, 13.21173860942817], [-87.26701573873565, 13.21200094011673], [-87.26693530276337, 13.212130487678142], [-87.26683541963786, 13.21228345370278], [-87.26672411475246, 13.21248019588784], [-87.26657211235883, 13.212509277922969], [-87.26640394162237, 13.21268060681188], [-87.26621865174548, 13.212614736806508], [-87.26602341498345, 13.21259690758799]]]]}}, {"type": "Feature", "properties": {"fid": 1235, "OBJECTID": null, "Name": "AYT052", "LOTE_ID": "AYT052", "FINCA": "AYOTAL", "DISTRITO": "D34", "VARIEDAD": null, "CICLO": null, "TCH 23-24": null, "ESTIMADO 2": null, "AREA CAÑA": null, "ESTATUS": null, "UBICACIÒN": null, "SEMAN COSE": null, "SEMANA COS": null, "FECHA COSE": null, "EDAD COSEC": null, "FECHA CO_1": null, "FECHA SIEM": null, "FECHA CORT": null, "EDAD HOY": null, "TIPO COSEC": null, "TIPO DE CO": null, "BLOQUE COS": null, "RANGO DIST": null, "TIPO DE SU": null, "TIPO DE RI": null, "DISTANCIAM": null, "RENOVACIÒ": null, "Area Calc": 1.612, "WKT_Poligono": "MultiPolygon (((-87.26646684 13.21138874, -87.26690184 13.21053035, -87.26720656 13.21071872, -87.26740867 13.21081938, -87.26760637 13.21087281, -87.26779689 13.21084272, -87.26804511 13.21078814, -87.26793626 13.21103588, -87.2678413 13.21122714, -87.26778971 13.21126798, -87.26773761 13.21119311, -87.26768562 13.21119066, -87.26766471 13.21135542, -87.26773286 13.21152287, -87.26762994 13.21173856, -87.2675319 13.21194257, -87.26743526 13.2121318, -87.26737083 13.21224774, -87.26731722 13.21218966, -87.26723584 13.21211066, -87.2671764 13.21205027, -87.26720154 13.21193243, -87.26718495 13.21188428, -87.26717126 13.21179253, -87.26711546 13.21185389, -87.26711659 13.21197683, -87.26698916 13.21189032, -87.26678944 13.21170687, -87.26646684 13.21138874)))", "Etapas Fenologicas 2026-2027_Edad Formulada Meses": "5", "Etapas Fenologicas 2026-2027_Etapa Actual": "Elongacion Inicial"}, "geometry": {"type": "MultiPolygon", "coordinates": [[[[-87.26646684360239, 13.211388741822159], [-87.26690184287528, 13.21053035335667], [-87.26720656321207, 13.210718721835892], [-87.26740866812447, 13.210819383142978], [-87.26760636995459, 13.21087280952713], [-87.26779688674078, 13.210842719472158], [-87.2680451052115, 13.21078814463437], [-87.26793625802345, 13.211035882576079], [-87.26784129755211, 13.211227141393346], [-87.26778970503287, 13.211267984427186], [-87.26773761190705, 13.211193111738066], [-87.26768562148084, 13.211190664847688], [-87.26766471250556, 13.211355421517577], [-87.26773286472856, 13.211522874639668], [-87.26762994347843, 13.211738560751588], [-87.2675319029745, 13.21194257475318], [-87.26743526327175, 13.212131800897758], [-87.26737082698529, 13.212247736239247], [-87.26731721604304, 13.21218965825862], [-87.26723583626662, 13.21211066140022], [-87.26717639839795, 13.212050265619856], [-87.2672015382933, 13.21193242601289], [-87.2671849501025, 13.211884283815072], [-87.2671712587244, 13.21179253026698], [-87.2671154634648, 13.21185388958226], [-87.26711658632156, 13.211976830290919], [-87.2669891592686, 13.211890323417348], [-87.26678944331464, 13.211706869446008], [-87.26646684360239, 13.211388741822159]]]]}}, {"type": "Feature", "properties": {"fid": 1236, "OBJECTID": null, "Name": "AYT053", "LOTE_ID": "AYT053", "FINCA": "AYOTAL", "DISTRITO": "D34", "VARIEDAD": null, "CICLO": null, "TCH 23-24": null, "ESTIMADO 2": null, "AREA CAÑA": null, "ESTATUS": null, "UBICACIÒN": null, "SEMAN COSE": null, "SEMANA COS": null, "FECHA COSE": null, "EDAD COSEC": null, "FECHA CO_1": null, "FECHA SIEM": null, "FECHA CORT": null, "EDAD HOY": null, "TIPO COSEC": null, "TIPO DE CO": null, "BLOQUE COS": null, "RANGO DIST": null, "TIPO DE SU": null, "TIPO DE RI": null, "DISTANCIAM": null, "RENOVACIÒ": null, "Area Calc": 3.841, "WKT_Poligono": "MultiPolygon (((-87.26804108 13.21514776, -87.26791504 13.21536666, -87.26659356 13.21409899, -87.26666799 13.21393498, -87.26695332 13.21340507, -87.26723775 13.21290742, -87.26748246 13.21246814, -87.2678528 13.21285925, -87.26808892 13.2130731, -87.26834526 13.2133179, -87.26861448 13.21358369, -87.26872291 13.21368323, -87.268425 13.21434065, -87.26804108 13.21514776)))", "Etapas Fenologicas 2026-2027_Edad Formulada Meses": "5", "Etapas Fenologicas 2026-2027_Etapa Actual": "Elongacion Inicial"}, "geometry": {"type": "MultiPolygon", "coordinates": [[[[-87.26804107954347, 13.215147755377982], [-87.26791504406646, 13.215366660847614], [-87.26659356168334, 13.214098986159948], [-87.2666679876434, 13.213934975997677], [-87.26695331840207, 13.21340506862209], [-87.2672377455436, 13.212907420763358], [-87.26748245576755, 13.212468141291508], [-87.26785279781446, 13.21285925464565], [-87.26808891693346, 13.21307310072981], [-87.26834525979652, 13.213317898781819], [-87.26861448002391, 13.213583688852662], [-87.26872290720732, 13.213683230645008], [-87.26842500221717, 13.214340650767118], [-87.26804107954347, 13.215147755377982]]]]}}, {"type": "Feature", "properties": {"fid": 1237, "OBJECTID": null, "Name": "AYT054", "LOTE_ID": "AYT054", "FINCA": "AYOTAL", "DISTRITO": "D34", "VARIEDAD": null, "CICLO": null, "TCH 23-24": null, "ESTIMADO 2": null, "AREA CAÑA": null, "ESTATUS": null, "UBICACIÒN": null, "SEMAN COSE": null, "SEMANA COS": null, "FECHA COSE": null, "EDAD COSEC": null, "FECHA CO_1": null, "FECHA SIEM": null, "FECHA CORT": null, "EDAD HOY": null, "TIPO COSEC": null, "TIPO DE CO": null, "BLOQUE COS": null, "RANGO DIST": null, "TIPO DE SU": null, "TIPO DE RI": null, "DISTANCIAM": null, "RENOVACIÒ": null, "Area Calc": 3.908, "WKT_Poligono": "MultiPolygon (((-87.26911273 13.21276625, -87.26872983 13.21361539, -87.26739509 13.21228111, -87.26753865 13.21201424, -87.26775374 13.2115425, -87.26787182 13.21127762, -87.26797699 13.2110391, -87.26807929 13.21080919, -87.26829762 13.21070705, -87.26858176 13.21098749, -87.26951051 13.21191825, -87.26930646 13.21234986, -87.26911273 13.21276625)))", "Etapas Fenologicas 2026-2027_Edad Formulada Meses": "5", "Etapas Fenologicas 2026-2027_Etapa Actual": "Elongacion Inicial"}, "geometry": {"type": "MultiPolygon", "coordinates": [[[[-87.26911273019854, 13.21276624956797], [-87.26872982879793, 13.213615389107472], [-87.26739508990498, 13.21228110667263], [-87.26753865178466, 13.21201424112211], [-87.26775373958033, 13.211542498900991], [-87.26787181731116, 13.21127762056739], [-87.26797699129489, 13.211039102568671], [-87.26807929045329, 13.21080919163769], [-87.26829761886535, 13.21070705357287], [-87.26858176391045, 13.21098748643425], [-87.26951051498804, 13.211918250047738], [-87.2693064608772, 13.212349863392589], [-87.26911273019854, 13.21276624956797]]]]}}, {"type": "Feature", "properties": {"fid": 1238, "OBJECTID": null, "Name": "AYT059", "LOTE_ID": "AYT059", "FINCA": "AYOTAL", "DISTRITO": "D34", "VARIEDAD": null, "CICLO": null, "TCH 23-24": null, "ESTIMADO 2": null, "AREA CAÑA": null, "ESTATUS": null, "UBICACIÒN": null, "SEMAN COSE": null, "SEMANA COS": null, "FECHA COSE": null, "EDAD COSEC": null, "FECHA CO_1": null, "FECHA SIEM": null, "FECHA CORT": null, "EDAD HOY": null, "TIPO COSEC": null, "TIPO DE CO": null, "BLOQUE COS": null, "RANGO DIST": null, "TIPO DE SU": null, "TIPO DE RI": null, "DISTANCIAM": null, "RENOVACIÒ": null, "Area Calc": 3.07, "WKT_Poligono": "MultiPolygon (((-87.27217246 13.21028437, -87.27166629 13.21134465, -87.27068369 13.21041825, -87.26959944 13.20931816, -87.26975005 13.20924251, -87.26988779 13.20915115, -87.27000765 13.20904874, -87.27013966 13.20884721, -87.27025434 13.20885538, -87.27033175 13.20898585, -87.27040198 13.20919316, -87.27063344 13.2093675, -87.27097495 13.20951485, -87.27119267 13.20955466, -87.27142267 13.20950598, -87.27163453 13.20963469, -87.27217246 13.21028437)))", "Etapas Fenologicas 2026-2027_Edad Formulada Meses": "5", "Etapas Fenologicas 2026-2027_Etapa Actual": "Elongacion Inicial"}, "geometry": {"type": "MultiPolygon", "coordinates": [[[[-87.27217245806125, 13.21028436623174], [-87.271666286476, 13.21134464907395], [-87.27068368948005, 13.210418247317508], [-87.26959944493932, 13.209318157248676], [-87.26975004735058, 13.209242505692364], [-87.26988778992471, 13.209151148672982], [-87.27000764687344, 13.209048739704658], [-87.2701396625238, 13.208847205387169], [-87.2702543379121, 13.20885537920048], [-87.27033174693071, 13.208985846901118], [-87.27040197788762, 13.209193163450637], [-87.27063344386053, 13.209367500561827], [-87.2709749530724, 13.209514852881782], [-87.27119267054097, 13.209554662738123], [-87.27142267347443, 13.209505976912801], [-87.27163453194845, 13.20963469045011], [-87.27217245806125, 13.21028436623174]]]]}}, {"type": "Feature", "properties": {"fid": 1239, "OBJECTID": null, "Name": "AYT055", "LOTE_ID": "AYT055", "FINCA": "AYOTAL", "DISTRITO": "D34", "VARIEDAD": null, "CICLO": null, "TCH 23-24": null, "ESTIMADO 2": null, "AREA CAÑA": null, "ESTATUS": null, "UBICACIÒN": null, "SEMAN COSE": null, "SEMANA COS": null, "FECHA COSE": null, "EDAD COSEC": null, "FECHA CO_1": null, "FECHA SIEM": null, "FECHA CORT": null, "EDAD HOY": null, "TIPO COSEC": null, "TIPO DE CO": null, "BLOQUE COS": null, "RANGO DIST": null, "TIPO DE SU": null, "TIPO DE RI": null, "DISTANCIAM": null, "RENOVACIÒ": null, "Area Calc": 2.886, "WKT_Poligono": "MultiPolygon (((-87.27033682 13.21014432, -87.26953121 13.21187755, -87.26832519 13.21068554, -87.26859284 13.21045635, -87.2687615 13.21031077, -87.26893288 13.21017944, -87.26907698 13.21010287, -87.26928363 13.20983191, -87.26944688 13.20948264, -87.26955452 13.20937088, -87.26971257 13.20948908, -87.26986843 13.20965183, -87.26995797 13.20978886, -87.27007289 13.20989466, -87.27012501 13.20991867, -87.27013879 13.2099353, -87.27017319 13.20995462, -87.27020834 13.20999159, -87.27023749 13.21001349, -87.2702882 13.21006238, -87.27033682 13.21014432)))", "Etapas Fenologicas 2026-2027_Edad Formulada Meses": "4", "Etapas Fenologicas 2026-2027_Etapa Actual": "Elongacion Inicial"}, "geometry": {"type": "MultiPolygon", "coordinates": [[[[-87.2703368222313, 13.21014431771466], [-87.26953121110162, 13.21187755402458], [-87.26832519426206, 13.210685541737849], [-87.26859283832486, 13.210456352418246], [-87.26876149821388, 13.210310767717488], [-87.26893288460178, 13.210179443690606], [-87.26907697882741, 13.210102870494788], [-87.26928363288039, 13.20983190503169], [-87.26944688135171, 13.209482639335057], [-87.26955452160401, 13.209370879179412], [-87.26971256557458, 13.209489083788558], [-87.26986843037834, 13.209651834624154], [-87.26995796791037, 13.20978886452328], [-87.27007288664248, 13.209894658546034], [-87.27012500759656, 13.209918668632739], [-87.27013879011061, 13.209935301840167], [-87.2701731912626, 13.20995462206949], [-87.27020834265508, 13.209991590938188], [-87.27023748658593, 13.21001348821287], [-87.27028819812362, 13.21006238147183], [-87.2703368222313, 13.21014431771466]]]]}}, {"type": "Feature", "properties": {"fid": 1240, "OBJECTID": null, "Name": "AYT056", "LOTE_ID": "AYT056", "FINCA": "AYOTAL", "DISTRITO": "D34", "VARIEDAD": null, "CICLO": null, "TCH 23-24": null, "ESTIMADO 2": null, "AREA CAÑA": null, "ESTATUS": null, "UBICACIÒN": null, "SEMAN COSE": null, "SEMANA COS": null, "FECHA COSE": null, "EDAD COSEC": null, "FECHA CO_1": null, "FECHA SIEM": null, "FECHA CORT": null, "EDAD HOY": null, "TIPO COSEC": null, "TIPO DE CO": null, "BLOQUE COS": null, "RANGO DIST": null, "TIPO DE SU": null, "TIPO DE RI": null, "DISTANCIAM": null, "RENOVACIÒ": null, "Area Calc": 3.835, "WKT_Poligono": "MultiPolygon (((-87.27004057 13.21501068, -87.26925074 13.21668265, -87.26794987 13.21543401, -87.26875767 13.21372342, -87.27004057 13.21501068)))", "Etapas Fenologicas 2026-2027_Edad Formulada Meses": "5", "Etapas Fenologicas 2026-2027_Etapa Actual": "Elongacion Inicial"}, "geometry": {"type": "MultiPolygon", "coordinates": [[[[-87.27004056930016, 13.21501068383488], [-87.26925073749227, 13.216682653769137], [-87.26794986978618, 13.21543401369062], [-87.2687576743832, 13.213723417155068], [-87.27004056930016, 13.21501068383488]]]]}}, {"type": "Feature", "properties": {"fid": 1241, "OBJECTID": null, "Name": "AYT057", "LOTE_ID": "AYT057", "FINCA": "AYOTAL", "DISTRITO": "D34", "VARIEDAD": null, "CICLO": null, "TCH 23-24": null, "ESTIMADO 2": null, "AREA CAÑA": null, "ESTATUS": null, "UBICACIÒN": null, "SEMAN COSE": null, "SEMANA COS": null, "FECHA COSE": null, "EDAD COSEC": null, "FECHA CO_1": null, "FECHA SIEM": null, "FECHA CORT": null, "EDAD HOY": null, "TIPO COSEC": null, "TIPO DE CO": null, "BLOQUE COS": null, "RANGO DIST": null, "TIPO DE SU": null, "TIPO DE RI": null, "DISTANCIAM": null, "RENOVACIÒ": null, "Area Calc": 3.812, "WKT_Poligono": "MultiPolygon (((-87.27006387 13.21495612, -87.26877225 13.21367443, -87.26955239 13.21194281, -87.27049669 13.21288681, -87.27039156 13.21308056, -87.2703125 13.21320795, -87.2702291 13.21340943, -87.27021335 13.21342752, -87.27014316 13.21359097, -87.27009656 13.21369088, -87.27013453 13.21376262, -87.27019108 13.21378144, -87.27030934 13.21373565, -87.27033468 13.21362244, -87.27026755 13.21342978, -87.27030812 13.21330394, -87.27036317 13.21319556, -87.27051629 13.21291571, -87.27086006 13.21325406, -87.27006387 13.21495612)))", "Etapas Fenologicas 2026-2027_Edad Formulada Meses": "5", "Etapas Fenologicas 2026-2027_Etapa Actual": "Elongacion Inicial"}, "geometry": {"type": "MultiPolygon", "coordinates": [[[[-87.27006386785652, 13.214956115643632], [-87.26877225412112, 13.2136744279906], [-87.26955238533368, 13.2119428050056], [-87.27049669456602, 13.212886811954348], [-87.27039155582523, 13.21308056364775], [-87.27031249700926, 13.213207947088648], [-87.27022910352109, 13.213409426810392], [-87.27021335003201, 13.213427523619147], [-87.27014315887251, 13.213590971051639], [-87.2700965572093, 13.213690878108148], [-87.27013452734452, 13.213762621046323], [-87.27019107964726, 13.21378144319567], [-87.27030933538906, 13.213735654452448], [-87.27033468313654, 13.213622437475692], [-87.27026754759615, 13.213429776920526], [-87.27030812004202, 13.213303941906709], [-87.27036317167652, 13.21319555533288], [-87.27051629198793, 13.212915713601728], [-87.2708600553281, 13.21325406031053], [-87.27006386785652, 13.214956115643632]]]]}}, {"type": "Feature", "properties": {"fid": 1242, "OBJECTID": null, "Name": "AYT058", "LOTE_ID": "AYT058", "FINCA": "AYOTAL", "DISTRITO": "D34", "VARIEDAD": null, "CICLO": null, "TCH 23-24": null, "ESTIMADO 2": null, "AREA CAÑA": null, "ESTATUS": null, "UBICACIÒN": null, "SEMAN COSE": null, "SEMANA COS": null, "FECHA COSE": null, "EDAD COSEC": null, "FECHA CO_1": null, "FECHA SIEM": null, "FECHA CORT": null, "EDAD HOY": null, "TIPO COSEC": null, "TIPO DE CO": null, "BLOQUE COS": null, "RANGO DIST": null, "TIPO DE SU": null, "TIPO DE RI": null, "DISTANCIAM": null, "RENOVACIÒ": null, "Area Calc": 3.8, "WKT_Poligono": "MultiPolygon (((-87.27164917 13.21145622, -87.27086709 13.21318842, -87.26957453 13.21190096, -87.270389 13.21018131, -87.27047447 13.21024971, -87.27045873 13.21025675, -87.27049504 13.21026389, -87.27047035 13.21030029, -87.27045512 13.2104068, -87.27046321 13.21051186, -87.27051389 13.21055521, -87.27054336 13.21060548, -87.2705937 13.21062097, -87.27068293 13.21060531, -87.27073179 13.21060135, -87.27076772 13.21057055, -87.27164917 13.21145622)))", "Etapas Fenologicas 2026-2027_Edad Formulada Meses": "4", "Etapas Fenologicas 2026-2027_Etapa Actual": "Elongacion Inicial"}, "geometry": {"type": "MultiPolygon", "coordinates": [[[[-87.27164917436001, 13.2114562181575], [-87.27086708628099, 13.21318841704573], [-87.26957452606239, 13.21190095987011], [-87.27038899873166, 13.210181307327698], [-87.27047447322333, 13.210249714795538], [-87.27045872692742, 13.210256749225538], [-87.27049503596625, 13.21026389188064], [-87.27047034811179, 13.21030028617673], [-87.27045511504812, 13.21040680199572], [-87.2704632122749, 13.21051186402199], [-87.27051388988636, 13.210555213269819], [-87.27054335884215, 13.21060548000519], [-87.27059369868617, 13.21062097007284], [-87.27068292810067, 13.210605308438518], [-87.27073178938166, 13.210601348063792], [-87.27076771716575, 13.210570546502531], [-87.27164917436001, 13.2114562181575]]]]}}, {"type": "Feature", "properties": {"fid": 1243, "OBJECTID": null, "Name": "AYT060", "LOTE_ID": "AYT060", "FINCA": "AYOTAL", "DISTRITO": "D34", "VARIEDAD": null, "CICLO": null, "TCH 23-24": null, "ESTIMADO 2": null, "AREA CAÑA": null, "ESTATUS": null, "UBICACIÒN": null, "SEMAN COSE": null, "SEMANA COS": null, "FECHA COSE": null, "EDAD COSEC": null, "FECHA CO_1": null, "FECHA SIEM": null, "FECHA CORT": null, "EDAD HOY": null, "TIPO COSEC": null, "TIPO DE CO": null, "BLOQUE COS": null, "RANGO DIST": null, "TIPO DE SU": null, "TIPO DE RI": null, "DISTANCIAM": null, "RENOVACIÒ": null, "Area Calc": 0.693, "WKT_Poligono": "MultiPolygon (((-87.2722808 13.21198659, -87.27177419 13.21149037, -87.27229626 13.21036758, -87.27242836 13.21049613, -87.27244431 13.21062354, -87.27241785 13.21075205, -87.27243747 13.21093119, -87.27241145 13.21105066, -87.27240841 13.21118985, -87.27239353 13.21143628, -87.27237172 13.21159771, -87.27233543 13.21170786, -87.27233166 13.21185512, -87.2723168 13.21189663, -87.2722808 13.21198659)))", "Etapas Fenologicas 2026-2027_Edad Formulada Meses": "5", "Etapas Fenologicas 2026-2027_Etapa Actual": "Elongacion Inicial"}, "geometry": {"type": "MultiPolygon", "coordinates": [[[[-87.2722807979887, 13.21198659210091], [-87.27177418547231, 13.21149037030991], [-87.27229625920414, 13.21036757687834], [-87.27242836143998, 13.210496130769112], [-87.27244431158387, 13.210623543289671], [-87.27241785467426, 13.21075204675701], [-87.27243747384836, 13.210931189456533], [-87.27241144968949, 13.211050660443746], [-87.27240840980461, 13.2111898461719], [-87.27239352850052, 13.21143627990207], [-87.2723717180796, 13.211597711912642], [-87.27233542848454, 13.211707864265179], [-87.27233166478332, 13.211855121509348], [-87.2723168038425, 13.211896633071587], [-87.2722807979887, 13.21198659210091]]]]}}, {"type": "Feature", "properties": {"fid": 1244, "OBJECTID": null, "Name": "AYT061", "LOTE_ID": "AYT061", "FINCA": "AYOTAL", "DISTRITO": "D34", "VARIEDAD": null, "CICLO": null, "TCH 23-24": null, "ESTIMADO 2": null, "AREA CAÑA": null, "ESTATUS": null, "UBICACIÒN": null, "SEMAN COSE": null, "SEMANA COS": null, "FECHA COSE": null, "EDAD COSEC": null, "FECHA CO_1": null, "FECHA SIEM": null, "FECHA CORT": null, "EDAD HOY": null, "TIPO COSEC": null, "TIPO DE CO": null, "BLOQUE COS": null, "RANGO DIST": null, "TIPO DE SU": null, "TIPO DE RI": null, "DISTANCIAM": null, "RENOVACIÒ": null, "Area Calc": 2.615, "WKT_Poligono": "MultiPolygon (((-87.27211511 13.21441691, -87.27093976 13.21327422, -87.27175165 13.21152873, -87.27229411 13.21204863, -87.27227503 13.21211646, -87.27225762 13.2122267, -87.27225959 13.21230133, -87.27227142 13.21238279, -87.27226942 13.21248637, -87.27225441 13.21266595, -87.27223236 13.21272514, -87.27221863 13.21282026, -87.27221714 13.21287582, -87.27222813 13.2129135, -87.27223199 13.21301729, -87.27222201 13.21303563, -87.27220381 13.21313957, -87.27220506 13.21321813, -87.27218327 13.2132705, -87.27220685 13.21335737, -87.27219471 13.21341661, -87.27219015 13.21347498, -87.27219079 13.21358364, -87.27215673 13.2136694, -87.27217937 13.21373859, -87.27217229 13.21378133, -87.27217854 13.21389695, -87.27214721 13.21405537, -87.27213865 13.21416701, -87.27213911 13.21421162, -87.2721357 13.21426527, -87.27211511 13.21441691)))", "Etapas Fenologicas 2026-2027_Edad Formulada Meses": "4", "Etapas Fenologicas 2026-2027_Etapa Actual": "Elongacion Inicial"}, "geometry": {"type": "MultiPolygon", "coordinates": [[[[-87.27211511054733, 13.2144169112631], [-87.27093976075282, 13.213274223252819], [-87.27175164631136, 13.211528733722819], [-87.27229411210998, 13.212048630302109], [-87.27227502920967, 13.21211645809435], [-87.27225762303935, 13.21222669866153], [-87.27225958668984, 13.212301333829549], [-87.27227142458622, 13.212382792195196], [-87.27226941958556, 13.212486367258242], [-87.27225440827935, 13.212665945994408], [-87.27223235885911, 13.212725138835092], [-87.27221862908698, 13.212820258097018], [-87.27221713763515, 13.212875821089119], [-87.2722281274241, 13.21291349702982], [-87.27223198791268, 13.21301728507245], [-87.27222201323573, 13.213035627218659], [-87.27220381168993, 13.2131395662173], [-87.27220505923634, 13.21321813256837], [-87.27218327133998, 13.213270499044656], [-87.2722068491215, 13.21335736592612], [-87.27219470955238, 13.21341660675331], [-87.27219015009871, 13.213474982845206], [-87.27219079406986, 13.213583643606897], [-87.27215672694447, 13.213669402296441], [-87.27217936959337, 13.213738585796738], [-87.27217229031676, 13.21378132575081], [-87.27217854175512, 13.213896952482141], [-87.27214720841924, 13.214055370264377], [-87.27213865499587, 13.21416701366822], [-87.27213910785943, 13.214211622221137], [-87.27213569582418, 13.214265272813908], [-87.27211511054733, 13.2144169112631]]]]}}, {"type": "Feature", "properties": {"fid": 1245, "OBJECTID": null, "Name": "AYT062", "LOTE_ID": "AYT062", "FINCA": "AYOTAL", "DISTRITO": "D34", "VARIEDAD": null, "CICLO": null, "TCH 23-24": null, "ESTIMADO 2": null, "AREA CAÑA": null, "ESTATUS": null, "UBICACIÒN": null, "SEMAN COSE": null, "SEMANA COS": null, "FECHA COSE": null, "EDAD COSEC": null, "FECHA CO_1": null, "FECHA SIEM": null, "FECHA CORT": null, "EDAD HOY": null, "TIPO COSEC": null, "TIPO DE CO": null, "BLOQUE COS": null, "RANGO DIST": null, "TIPO DE SU": null, "TIPO DE RI": null, "DISTANCIAM": null, "RENOVACIÒ": null, "Area Calc": 4.064, "WKT_Poligono": "MultiPolygon (((-87.27160793 13.21650308, -87.27010402 13.2150088, -87.27091938 13.21330827, -87.27211692 13.21447018, -87.27209314 13.21459122, -87.27208631 13.21468068, -87.2720759 13.21474926, -87.27205409 13.21481253, -87.27205372 13.2148629, -87.27203805 13.21490791, -87.27202996 13.21502087, -87.27200282 13.21507137, -87.27199988 13.21512129, -87.27197735 13.21522173, -87.27189719 13.21536446, -87.2718785 13.21543612, -87.27184037 13.21552113, -87.27178585 13.21562263, -87.27175187 13.21571432, -87.27173219 13.21578944, -87.27172372 13.21589022, -87.27166177 13.21604242, -87.27164536 13.21610727, -87.27162789 13.21618165, -87.27164361 13.21621763, -87.27164164 13.21630119, -87.2716349 13.21635902, -87.27163369 13.21638849, -87.27160793 13.21650308)))", "Etapas Fenologicas 2026-2027_Edad Formulada Meses": "4", "Etapas Fenologicas 2026-2027_Etapa Actual": "Elongacion Inicial"}, "geometry": {"type": "MultiPolygon", "coordinates": [[[[-87.27160793078416, 13.21650307999173], [-87.27010402194547, 13.2150087986184], [-87.27091937864533, 13.21330827286778], [-87.27211691766442, 13.214470177305758], [-87.27209314197195, 13.21459122297382], [-87.27208631116922, 13.214680676455806], [-87.272075899461, 13.214749259581906], [-87.27205409046606, 13.21481252844555], [-87.27205371657297, 13.21486290143478], [-87.27203804599301, 13.214907905187259], [-87.2720299586468, 13.215020872064352], [-87.27200281842639, 13.21507137157589], [-87.2719998835972, 13.215121285314906], [-87.27197735459761, 13.215221730209839], [-87.27189718747832, 13.2153644639166], [-87.2718785006384, 13.215436117235026], [-87.27184037059246, 13.215521134856997], [-87.27178584899187, 13.215622625181581], [-87.27175187307472, 13.215714316667746], [-87.27173218835341, 13.215789435675758], [-87.271723723088, 13.215890217908461], [-87.2716617730536, 13.21604241703131], [-87.27164535857744, 13.216107268339188], [-87.27162788922973, 13.216181650232574], [-87.2716436068726, 13.216217628404678], [-87.27164163738436, 13.216301190059358], [-87.27163490417017, 13.21635901884581], [-87.27163368918055, 13.216388486553779], [-87.27160793078416, 13.21650307999173]]]]}}, {"type": "Feature", "properties": {"fid": 1246, "OBJECTID": null, "Name": "AYT063", "LOTE_ID": "AYT063", "FINCA": "AYOTAL", "DISTRITO": "D34", "VARIEDAD": null, "CICLO": null, "TCH 23-24": null, "ESTIMADO 2": null, "AREA CAÑA": null, "ESTATUS": null, "UBICACIÒN": null, "SEMAN COSE": null, "SEMANA COS": null, "FECHA COSE": null, "EDAD COSEC": null, "FECHA CO_1": null, "FECHA SIEM": null, "FECHA CORT": null, "EDAD HOY": null, "TIPO COSEC": null, "TIPO DE CO": null, "BLOQUE COS": null, "RANGO DIST": null, "TIPO DE SU": null, "TIPO DE RI": null, "DISTANCIAM": null, "RENOVACIÒ": null, "Area Calc": 3.881, "WKT_Poligono": "MultiPolygon (((-87.26960839 13.21604016, -87.27008537 13.21506067, -87.27168855 13.21662, -87.27160032 13.21680137, -87.27153295 13.21690684, -87.27139658 13.21695966, -87.27134246 13.21695947, -87.27118989 13.2170359, -87.27106668 13.2170801, -87.27095617 13.21709264, -87.27084356 13.21706525, -87.27066292 13.21712779, -87.27059696 13.21714802, -87.27043803 13.21717318, -87.27029636 13.21721475, -87.27015982 13.21726225, -87.26997213 13.21736026, -87.26987866 13.21743977, -87.26982116 13.21755663, -87.26975952 13.21768999, -87.26966606 13.21766003, -87.26961481 13.21761203, -87.26956656 13.21757886, -87.2695311 13.21756048, -87.26950223 13.21753277, -87.2694487 13.21749537, -87.26940866 13.21747935, -87.26937062 13.2173989, -87.26935133 13.21738327, -87.26930416 13.21728309, -87.26928089 13.21715953, -87.26927884 13.21697272, -87.26937121 13.21670285, -87.2693764 13.21658341, -87.26940364 13.21651755, -87.26945523 13.21636892, -87.26960839 13.21604016)))", "Etapas Fenologicas 2026-2027_Edad Formulada Meses": "4", "Etapas Fenologicas 2026-2027_Etapa Actual": "Elongacion Inicial"}, "geometry": {"type": "MultiPolygon", "coordinates": [[[[-87.26960838763597, 13.216040155293799], [-87.27008536566986, 13.215060671952537], [-87.27168855292511, 13.216619995981818], [-87.27160032138983, 13.216801367023008], [-87.27153295069031, 13.216906838497808], [-87.27139657731004, 13.21695966038636], [-87.27134245681555, 13.216959472227257], [-87.2711898896793, 13.217035895424688], [-87.27106668027491, 13.217080102406557], [-87.27095616823972, 13.217092636706486], [-87.27084355555498, 13.217065254169556], [-87.27066292374008, 13.217127793774948], [-87.27059695546713, 13.21714802207169], [-87.2704380307549, 13.21717317960069], [-87.2702963588894, 13.217214753487871], [-87.2701598226071, 13.21726225198784], [-87.26997213179713, 13.217360259906346], [-87.26987866423528, 13.217439773583289], [-87.2698211621287, 13.21755662636569], [-87.26975951912276, 13.21768999211195], [-87.26966605669826, 13.217660033167611], [-87.26961481216242, 13.217612028414761], [-87.26956656162807, 13.217578864034909], [-87.2695310978537, 13.217560482418918], [-87.26950222815063, 13.217532774054586], [-87.26944870027538, 13.2174953661732], [-87.26940865633019, 13.217479354151068], [-87.26937062349242, 13.217398896152037], [-87.2693513280382, 13.217383270367172], [-87.26930415923273, 13.217283085039728], [-87.26928088717813, 13.217159530127837], [-87.26927884283586, 13.216972715278839], [-87.26937120822106, 13.216702850663616], [-87.26937640140885, 13.21658341078766], [-87.2694036375649, 13.21651754897458], [-87.26945523039402, 13.216368924603517], [-87.26960838763597, 13.216040155293799]]]]}}, {"type": "Feature", "properties": {"fid": 1247, "OBJECTID": null, "Name": "AYT064", "LOTE_ID": "AYT064", "FINCA": "AYOTAL", "DISTRITO": "D34", "VARIEDAD": null, "CICLO": null, "TCH 23-24": null, "ESTIMADO 2": null, "AREA CAÑA": null, "ESTATUS": null, "UBICACIÒN": null, "SEMAN COSE": null, "SEMANA COS": null, "FECHA COSE": null, "EDAD COSEC": null, "FECHA CO_1": null, "FECHA SIEM": null, "FECHA CORT": null, "EDAD HOY": null, "TIPO COSEC": null, "TIPO DE CO": null, "BLOQUE COS": null, "RANGO DIST": null, "TIPO DE SU": null, "TIPO DE RI": null, "DISTANCIAM": null, "RENOVACIÒ": null, "Area Calc": 2.173, "WKT_Poligono": "MultiPolygon (((-87.26527183 13.22084812, -87.26533547 13.22076224, -87.2653774 13.22072333, -87.26539856 13.22070221, -87.26541467 13.22069106, -87.26541898 13.22069701, -87.26669736 13.22201991, -87.2666345 13.22209212, -87.26648266 13.22222994, -87.26637497 13.22232824, -87.26631134 13.22238374, -87.26630425 13.22239058, -87.26624033 13.22245693, -87.26615198 13.2225444, -87.26611378 13.22258309, -87.26607124 13.22262126, -87.26600256 13.22268878, -87.26597618 13.22266291, -87.26591072 13.22259718, -87.26583995 13.22251777, -87.26580642 13.22249731, -87.26578634 13.22247162, -87.26576048 13.22244878, -87.26571437 13.22240437, -87.26569778 13.22239042, -87.26560447 13.22228974, -87.26555694 13.22225437, -87.26551123 13.22220364, -87.26552054 13.22218755, -87.26551828 13.22218775, -87.26546983 13.22217601, -87.26540289 13.2221263, -87.26533162 13.22204584, -87.26526923 13.2219887, -87.2652162 13.221934, -87.26520282 13.22191467, -87.26517617 13.22188508, -87.26515064 13.2218548, -87.26513031 13.22183495, -87.26510993 13.22181113, -87.26510988 13.22180995, -87.26505914 13.22175775, -87.26504859 13.22173815, -87.26502538 13.22172337, -87.26501587 13.22170701, -87.26496016 13.22165825, -87.26489022 13.22159617, -87.26480531 13.22148675, -87.26479607 13.22146452, -87.26474336 13.22141671, -87.26473624 13.22137668, -87.2647363 13.22134988, -87.26481904 13.22127976, -87.26484439 13.22126579, -87.26487353 13.22124342, -87.26490993 13.22119748, -87.26494435 13.22116881, -87.26500485 13.2211069, -87.26513375 13.22098234, -87.26519315 13.22092051, -87.26521009 13.22090464, -87.26527183 13.22084812)))", "Etapas Fenologicas 2026-2027_Edad Formulada Meses": "5", "Etapas Fenologicas 2026-2027_Etapa Actual": "Elongacion Inicial"}, "geometry": {"type": "MultiPolygon", "coordinates": [[[[-87.26527182846212, 13.220848116736365], [-87.26533547065061, 13.220762236218068], [-87.26537740009363, 13.220723325885269], [-87.26539856187054, 13.220702209738697], [-87.26541467060089, 13.22069106399702], [-87.26541897546338, 13.22069700919289], [-87.26669736215051, 13.222019905646139], [-87.26663450193529, 13.22209211955371], [-87.26648265701473, 13.222229942762178], [-87.26637497433478, 13.222328237986257], [-87.26631133525379, 13.222383742464793], [-87.26630425301246, 13.22239058326022], [-87.26624032508585, 13.222456925010796], [-87.26615197968783, 13.222544397921668], [-87.2661137755106, 13.22258309164897], [-87.26607124106197, 13.22262126408], [-87.26600255640577, 13.22268878457247], [-87.26597617528613, 13.222662909102976], [-87.2659107184353, 13.222597179594608], [-87.26583994938879, 13.222517774897709], [-87.26580641934979, 13.22249731084878], [-87.26578634202605, 13.222471622234348], [-87.26576047692475, 13.222448780729549], [-87.26571437029959, 13.222404365754509], [-87.26569778203624, 13.222390422753538], [-87.26560446924566, 13.222289742365382], [-87.2655569445492, 13.222254369245523], [-87.26551123108895, 13.222203644635128], [-87.26552054213327, 13.222187554985968], [-87.26551828108741, 13.22218774744831], [-87.26546982823587, 13.222176011499686], [-87.2654028887865, 13.222126295394979], [-87.26533161878292, 13.222045839901792], [-87.26526922962965, 13.221988698545122], [-87.26521620212333, 13.221933999725609], [-87.26520281749097, 13.22191466524447], [-87.26517616894097, 13.221885080379698], [-87.26515064342748, 13.221854795693547], [-87.26513030967796, 13.22183494903213], [-87.26510993169609, 13.221811133099429], [-87.26510987530688, 13.221809954843739], [-87.26505914139304, 13.221757753384463], [-87.26504859109562, 13.221738152990488], [-87.26502538248403, 13.221723368260388], [-87.2650158701042, 13.221707014596618], [-87.26496015562208, 13.221658246161159], [-87.26489022389516, 13.221596168484012], [-87.26480530770266, 13.221486751193089], [-87.26479607029437, 13.221464517654839], [-87.26474336090008, 13.221416708320458], [-87.26473624406952, 13.221376676014062], [-87.26473629704775, 13.221349884993298], [-87.26481903720799, 13.22127975651207], [-87.26484438890373, 13.221265794170312], [-87.26487352749373, 13.221243419305958], [-87.26490993434092, 13.221197483034551], [-87.26494435420561, 13.221168806237518], [-87.2650048528041, 13.22110689769702], [-87.26513374907546, 13.220982337888838], [-87.26519314506871, 13.22092050831499], [-87.26521008723186, 13.220904643736029], [-87.26527182846212, 13.220848116736365]]]]}}, {"type": "Feature", "properties": {"fid": 1248, "OBJECTID": null, "Name": "AYT065", "LOTE_ID": "AYT065", "FINCA": "AYOTAL", "DISTRITO": "D34", "VARIEDAD": null, "CICLO": null, "TCH 23-24": null, "ESTIMADO 2": null, "AREA CAÑA": null, "ESTATUS": null, "UBICACIÒN": null, "SEMAN COSE": null, "SEMANA COS": null, "FECHA COSE": null, "EDAD COSEC": null, "FECHA CO_1": null, "FECHA SIEM": null, "FECHA CORT": null, "EDAD HOY": null, "TIPO COSEC": null, "TIPO DE CO": null, "BLOQUE COS": null, "RANGO DIST": null, "TIPO DE SU": null, "TIPO DE RI": null, "DISTANCIAM": null, "RENOVACIÒ": null, "Area Calc": 2.583, "WKT_Poligono": "MultiPolygon (((-87.26467995 13.22158394, -87.26475973 13.22163812, -87.26484098 13.22172129, -87.26487231 13.22174607, -87.26492135 13.2218124, -87.26497314 13.22186244, -87.2650276 13.22191454, -87.26507955 13.22196426, -87.26513951 13.22203166, -87.26517194 13.22205431, -87.26527845 13.22219858, -87.26529189 13.22222091, -87.26538722 13.22229049, -87.2654894 13.22240812, -87.26551798 13.22244583, -87.26556671 13.2224945, -87.26588983 13.22280782, -87.26578936 13.22288831, -87.2657767 13.22290013, -87.26569001 13.22296848, -87.26562691 13.22301836, -87.26561489 13.22303626, -87.2656024 13.22304942, -87.2654825 13.22317983, -87.26548003 13.2231872, -87.26538051 13.22329545, -87.26535855 13.22330579, -87.26535341 13.22332518, -87.26521259 13.22345877, -87.26515698 13.22352419, -87.26505584 13.22361487, -87.26500514 13.22360502, -87.26497757 13.22359084, -87.26496754 13.22358041, -87.26487113 13.2235037, -87.26478972 13.2234334, -87.2647707 13.2233993, -87.26471692 13.22333886, -87.26466626 13.22327936, -87.26458425 13.22320795, -87.2645463 13.22318809, -87.26451729 13.22314465, -87.26442685 13.2230543, -87.26440582 13.22304586, -87.26435239 13.22297567, -87.26431925 13.22292433, -87.26426761 13.22288522, -87.26424774 13.22285045, -87.26423503 13.22283942, -87.26420814 13.22280264, -87.26416277 13.22276218, -87.26414487 13.22275074, -87.26410274 13.22270449, -87.26400994 13.22260891, -87.26390764 13.22249372, -87.263852 13.22244324, -87.26380922 13.22239632, -87.26378212 13.22237392, -87.26376487 13.22235097, -87.26373818 13.22234392, -87.26379288 13.22230606, -87.2638133 13.22228096, -87.26387668 13.22221102, -87.26397024 13.22211482, -87.2641064 13.22200481, -87.26417138 13.22197379, -87.26424159 13.22189612, -87.26427129 13.22186842, -87.26438289 13.22181217, -87.264511 13.2216998, -87.26467995 13.22158394)))", "Etapas Fenologicas 2026-2027_Edad Formulada Meses": "5", "Etapas Fenologicas 2026-2027_Etapa Actual": "Elongacion Inicial"}, "geometry": {"type": "MultiPolygon", "coordinates": [[[[-87.26467994509994, 13.221583935176561], [-87.26475973288039, 13.221638117368908], [-87.2648409791273, 13.221721288781549], [-87.2648723138859, 13.221746071973628], [-87.26492135208616, 13.22181240421886], [-87.26497313746326, 13.22186244323191], [-87.26502760201662, 13.221914535012967], [-87.26507954728707, 13.22196426465214], [-87.26513950543458, 13.222031662820916], [-87.2651719386068, 13.222054314883723], [-87.26527844838805, 13.222198582520676], [-87.26529188574315, 13.22222090854514], [-87.2653872182734, 13.222290491996716], [-87.26548939690805, 13.222408119817464], [-87.26551797522549, 13.22244583325407], [-87.26556671331076, 13.222494500626206], [-87.26588983463051, 13.222807817778216], [-87.2657893555912, 13.22288830951512], [-87.26577669541743, 13.222900128920896], [-87.26569001484035, 13.222968484128938], [-87.265626914429, 13.22301836220639], [-87.2656148888833, 13.22303625662116], [-87.26560240395746, 13.2230494238993], [-87.26548249826253, 13.22317983482712], [-87.26548002913857, 13.223187197260758], [-87.26538051163259, 13.223295450774167], [-87.26535854579426, 13.223305786693299], [-87.26535340599524, 13.2233251775742], [-87.2652125881421, 13.22345876572757], [-87.26515697714947, 13.22352419398266], [-87.26505584046738, 13.22361487108492], [-87.26500513795402, 13.22360501954171], [-87.2649775680411, 13.223590843567218], [-87.26496754179217, 13.223580409448559], [-87.26487112894165, 13.223503700272609], [-87.26478972393348, 13.22343340476398], [-87.2647706966205, 13.223399302803628], [-87.26471691994239, 13.2233388552674], [-87.2646662633586, 13.22327935903899], [-87.26458424559473, 13.22320795065747], [-87.26454630086795, 13.223188092385056], [-87.26451728555529, 13.223144649926018], [-87.26442684700761, 13.223054296764898], [-87.26440581721582, 13.22304586424074], [-87.26435238894578, 13.222975671619478], [-87.26431925281314, 13.222924331416442], [-87.26426760535274, 13.22288521898589], [-87.26424773755136, 13.2228504520832], [-87.26423503391364, 13.22283942209888], [-87.26420814037213, 13.22280263775724], [-87.26416276828805, 13.222762181947106], [-87.26414487192378, 13.22275073689505], [-87.26410274103931, 13.22270448725066], [-87.26400994338405, 13.222608906155125], [-87.26390764199044, 13.22249371815589], [-87.26385199904703, 13.222443239519736], [-87.26380921821716, 13.222396324670438], [-87.26378211678151, 13.22237392351188], [-87.26376487055873, 13.22235097073328], [-87.26373818474998, 13.222343922363308], [-87.26379288396892, 13.222306059785076], [-87.26381330425633, 13.222280958377361], [-87.2638766762295, 13.222211018751107], [-87.26397023566858, 13.222114819644059], [-87.26410640096906, 13.222004812393113], [-87.26417137569116, 13.221973785483852], [-87.26424159092241, 13.221896123879269], [-87.26427128619834, 13.221868420196957], [-87.26438288777351, 13.221812171921776], [-87.26451099662741, 13.221699801290487], [-87.26467994509994, 13.221583935176561]]]]}}, {"type": "Feature", "properties": {"fid": 1249, "OBJECTID": null, "Name": "AYT066", "LOTE_ID": "AYT066", "FINCA": "AYOTAL", "DISTRITO": "D34", "VARIEDAD": null, "CICLO": null, "TCH 23-24": null, "ESTIMADO 2": null, "AREA CAÑA": null, "ESTATUS": null, "UBICACIÒN": null, "SEMAN COSE": null, "SEMANA COS": null, "FECHA COSE": null, "EDAD COSEC": null, "FECHA CO_1": null, "FECHA SIEM": null, "FECHA CORT": null, "EDAD HOY": null, "TIPO COSEC": null, "TIPO DE CO": null, "BLOQUE COS": null, "RANGO DIST": null, "TIPO DE SU": null, "TIPO DE RI": null, "DISTANCIAM": null, "RENOVACIÒ": null, "Area Calc": 3.028, "WKT_Poligono": "MultiPolygon (((-87.26364708 13.22240276, -87.26379029 13.22255325, -87.26386181 13.22259645, -87.26392191 13.22265642, -87.26398632 13.22273076, -87.26409773 13.22282761, -87.26413209 13.22285199, -87.26417322 13.2229065, -87.26424517 13.22296031, -87.26430054 13.2230382, -87.26438565 13.22311239, -87.26457931 13.2232912, -87.2646637 13.22338865, -87.26469488 13.22341064, -87.26482195 13.22351289, -87.26494906 13.22363367, -87.26498496 13.22369436, -87.26497787 13.22372003, -87.26491277 13.2237781, -87.2648719 13.22382244, -87.26486419 13.22382905, -87.26478303 13.22390232, -87.26468483 13.22399793, -87.26461306 13.2240575, -87.26457526 13.22410566, -87.2644836 13.22418947, -87.26446732 13.22421323, -87.26441747 13.2242583, -87.26409611 13.2245385, -87.26400986 13.22458924, -87.2639113 13.22450202, -87.26380714 13.22439107, -87.26375715 13.22434646, -87.26370787 13.22429017, -87.26363724 13.22424693, -87.26360959 13.22421311, -87.26360114 13.22420582, -87.26357838 13.22419563, -87.26354453 13.22417776, -87.26352377 13.22415375, -87.26348778 13.22410432, -87.26341869 13.2240432, -87.26329938 13.22393144, -87.26306429 13.2237043, -87.26298459 13.22360589, -87.26292584 13.22355745, -87.26284677 13.22348054, -87.26275881 13.22338962, -87.26273432 13.22335847, -87.26269451 13.2233099, -87.26280175 13.22319857, -87.26291328 13.22306453, -87.26298221 13.22300738, -87.26325168 13.22274345, -87.26357661 13.22243806, -87.26364708 13.22240276)))", "Etapas Fenologicas 2026-2027_Edad Formulada Meses": "5", "Etapas Fenologicas 2026-2027_Etapa Actual": "Elongacion Inicial"}, "geometry": {"type": "MultiPolygon", "coordinates": [[[[-87.26364707513287, 13.222402757374839], [-87.26379029374549, 13.22255324581572], [-87.26386181354218, 13.222596446181257], [-87.2639219136313, 13.22265641508952], [-87.26398631589468, 13.22273076241589], [-87.2640977342633, 13.222827607930679], [-87.26413208567779, 13.222851988027418], [-87.2641732221116, 13.22290650378163], [-87.26424517179865, 13.22296030939486], [-87.26430054492131, 13.223038201002907], [-87.2643856526244, 13.22311238707111], [-87.26457931108726, 13.22329119509489], [-87.26466369621703, 13.223388653319539], [-87.26469487759628, 13.22341064083575], [-87.26482195134639, 13.223512889307433], [-87.2649490616279, 13.223633671692987], [-87.26498495647286, 13.223694363551989], [-87.26497786942211, 13.223720032690732], [-87.26491277013109, 13.223778097831339], [-87.26487189545483, 13.223822444521266], [-87.26486419165082, 13.223829048828328], [-87.26478303022674, 13.22390232231379], [-87.26468483425819, 13.22399793264198], [-87.26461306466629, 13.22405750273806], [-87.26457525889096, 13.224105661246712], [-87.26448359989233, 13.22418946824632], [-87.26446732085724, 13.22421323046223], [-87.26441747435234, 13.224258295393552], [-87.26409611389272, 13.224538503096046], [-87.26400985924319, 13.22458924431971], [-87.26391130184794, 13.224502022801342], [-87.26380713982935, 13.22439106842941], [-87.26375714742784, 13.224346460497317], [-87.26370787338868, 13.22429017261013], [-87.2636372446989, 13.224246931624096], [-87.26360958834022, 13.224213110218818], [-87.26360114277503, 13.22420581992904], [-87.26357837914594, 13.224195634821154], [-87.26354452968017, 13.224177762312719], [-87.26352377280966, 13.224153748083836], [-87.263487783091, 13.22410432218362], [-87.26341868954917, 13.224043195965837], [-87.26329937690194, 13.2239314433522], [-87.26306428863056, 13.22370429607998], [-87.26298459067311, 13.223605886568931], [-87.26292584174067, 13.22355744862159], [-87.26284677413449, 13.223480539412089], [-87.26275880959044, 13.223389622872512], [-87.2627343216749, 13.223358470776628], [-87.2626945124274, 13.223309895807738], [-87.26280174562159, 13.22319856516698], [-87.26291327763869, 13.223064528317897], [-87.26298221303988, 13.22300737761521], [-87.26325167557584, 13.22274345129934], [-87.26357660788858, 13.222438064263597], [-87.26364707513287, 13.222402757374839]]]]}}, {"type": "Feature", "properties": {"fid": 1250, "OBJECTID": null, "Name": "AYT067", "LOTE_ID": "AYT067", "FINCA": "AYOTAL", "DISTRITO": "D34", "VARIEDAD": null, "CICLO": null, "TCH 23-24": null, "ESTIMADO 2": null, "AREA CAÑA": null, "ESTATUS": null, "UBICACIÒN": null, "SEMAN COSE": null, "SEMANA COS": null, "FECHA COSE": null, "EDAD COSEC": null, "FECHA CO_1": null, "FECHA SIEM": null, "FECHA CORT": null, "EDAD HOY": null, "TIPO COSEC": null, "TIPO DE CO": null, "BLOQUE COS": null, "RANGO DIST": null, "TIPO DE SU": null, "TIPO DE RI": null, "DISTANCIAM": null, "RENOVACIÒ": null, "Area Calc": 2.805, "WKT_Poligono": "MultiPolygon (((-87.2637127 13.22449692, -87.26391507 13.22477559, -87.26379817 13.22490632, -87.26377723 13.22491238, -87.26351746 13.22515282, -87.2633495 13.22531438, -87.26320543 13.2254447, -87.26308705 13.22556837, -87.26300483 13.22565153, -87.26230829 13.22494141, -87.26171259 13.2243319, -87.26174539 13.22429574, -87.26244671 13.22361726, -87.26250771 13.2235516, -87.26261061 13.22348164, -87.26274635 13.22359697, -87.26280282 13.2236606, -87.26292511 13.22378018, -87.26297962 13.22383856, -87.2631998 13.22404228, -87.26326339 13.22411706, -87.26336005 13.22421411, -87.2635251 13.22438682, -87.26354754 13.22439748, -87.2637127 13.22449692)))", "Etapas Fenologicas 2026-2027_Edad Formulada Meses": "4", "Etapas Fenologicas 2026-2027_Etapa Actual": "Elongacion Inicial"}, "geometry": {"type": "MultiPolygon", "coordinates": [[[[-87.26371269944312, 13.22449692061235], [-87.26391507181037, 13.224775592163683], [-87.26379817065902, 13.22490631518123], [-87.26377722535048, 13.22491238378226], [-87.26351745878874, 13.22515281527545], [-87.26334950144079, 13.225314376040037], [-87.26320542908553, 13.22544469878384], [-87.26308705072998, 13.225568369988228], [-87.2630048293738, 13.225651531689671], [-87.26230829403592, 13.224941413196667], [-87.26171258673993, 13.22433189667073], [-87.26174539495148, 13.22429574308418], [-87.26244670832627, 13.2236172612095], [-87.26250770748219, 13.223551604557258], [-87.26261061483429, 13.22348163673601], [-87.26274634906416, 13.223596966720919], [-87.26280281760724, 13.223660602510478], [-87.262925111116, 13.223780176730568], [-87.26297962369246, 13.22383856252297], [-87.26319980159191, 13.22404227692824], [-87.26326338887003, 13.224117057431558], [-87.26336005361921, 13.224214107946251], [-87.26352510424049, 13.224386823046578], [-87.263547543201, 13.22439747876728], [-87.26371269944312, 13.22449692061235]]]]}}, {"type": "Feature", "properties": {"fid": 1251, "OBJECTID": null, "Name": "AYT068", "LOTE_ID": "AYT068", "FINCA": "AYOTAL", "DISTRITO": "D34", "VARIEDAD": null, "CICLO": null, "TCH 23-24": null, "ESTIMADO 2": null, "AREA CAÑA": null, "ESTATUS": null, "UBICACIÒN": null, "SEMAN COSE": null, "SEMANA COS": null, "FECHA COSE": null, "EDAD COSEC": null, "FECHA CO_1": null, "FECHA SIEM": null, "FECHA CORT": null, "EDAD HOY": null, "TIPO COSEC": null, "TIPO DE CO": null, "BLOQUE COS": null, "RANGO DIST": null, "TIPO DE SU": null, "TIPO DE RI": null, "DISTANCIAM": null, "RENOVACIÒ": null, "Area Calc": 2.788, "WKT_Poligono": "MultiPolygon (((-87.26132769 13.22209331, -87.2613869 13.22215096, -87.26144553 13.22219226, -87.26146619 13.222223, -87.26153124 13.22228393, -87.26157977 13.22233067, -87.26158793 13.22233698, -87.26167708 13.22244906, -87.26176691 13.22251732, -87.26187407 13.22262499, -87.26194928 13.22268995, -87.26201687 13.22276033, -87.26214105 13.22286919, -87.26215622 13.2228933, -87.26221426 13.22295484, -87.26223595 13.2229789, -87.26228549 13.22302325, -87.26234033 13.22307331, -87.26242801 13.22316508, -87.26252112 13.22327407, -87.26255204 13.223306, -87.26255439 13.22333629, -87.26252056 13.2233715, -87.26246619 13.22342486, -87.26245288 13.22344122, -87.26242565 13.2234694, -87.26227086 13.22361339, -87.26214753 13.22372069, -87.26211844 13.22375136, -87.26207646 13.22379655, -87.26203812 13.22383559, -87.26201952 13.22385246, -87.26200273 13.22386665, -87.26197684 13.22388936, -87.26193513 13.22394401, -87.26180893 13.22406669, -87.26166329 13.22417738, -87.26164353 13.22418221, -87.26156681 13.22416663, -87.26146313 13.22408125, -87.2614352 13.22405234, -87.26135382 13.22399362, -87.26130917 13.22394427, -87.26124784 13.2238933, -87.26122861 13.22387774, -87.26118933 13.22383242, -87.26115919 13.22378711, -87.26073306 13.22336308, -87.26070226 13.22332631, -87.26068492 13.22329074, -87.26066989 13.22327162, -87.26063276 13.22323081, -87.26062097 13.22319736, -87.2605819 13.22314904, -87.26049272 13.22305321, -87.26044393 13.22301292, -87.26042211 13.22295386, -87.26051512 13.22284884, -87.26053998 13.22282678, -87.26058429 13.22278562, -87.26068881 13.22268759, -87.26070951 13.22266782, -87.2607762 13.22260472, -87.26083469 13.22254563, -87.26114343 13.22224229, -87.26129262 13.22210907, -87.26132769 13.22209331)))", "Etapas Fenologicas 2026-2027_Edad Formulada Meses": "4", "Etapas Fenologicas 2026-2027_Etapa Actual": "Elongacion Inicial"}, "geometry": {"type": "MultiPolygon", "coordinates": [[[[-87.26132769070499, 13.22209330858268], [-87.26138690036105, 13.222150959561821], [-87.26144553316104, 13.22219226163355], [-87.26146618687702, 13.222223001760199], [-87.2615312404684, 13.222283931797438], [-87.2615797732287, 13.222330667512907], [-87.2615879332522, 13.222336984704922], [-87.26167707889546, 13.22244906002341], [-87.26176690998956, 13.22251731831932], [-87.26187407217881, 13.222624986554894], [-87.26194928022687, 13.222689949931599], [-87.2620168662279, 13.22276033228346], [-87.26214105358555, 13.222869185174648], [-87.26215622240129, 13.222893297121521], [-87.26221425825354, 13.222954843049369], [-87.26223595023386, 13.222978900646478], [-87.26228549168782, 13.22302325271465], [-87.26234032941588, 13.22307330543807], [-87.2624280139976, 13.223165081313098], [-87.26252111789466, 13.22327407007484], [-87.26255203692429, 13.223305996261539], [-87.26255439286346, 13.22333628676343], [-87.26252055786192, 13.223371498482686], [-87.2624661929651, 13.2234248554138], [-87.26245288118447, 13.223441224287622], [-87.26242565448088, 13.223469404018061], [-87.26227085581121, 13.22361339131679], [-87.26214752507943, 13.22372069238864], [-87.2621184417615, 13.223751358421751], [-87.26207645606476, 13.22379654712297], [-87.26203812473742, 13.22383559465576], [-87.26201952202648, 13.22385245905375], [-87.26200272512571, 13.223866649224147], [-87.261976843799, 13.223889361854518], [-87.26193512565413, 13.22394401347263], [-87.26180893306498, 13.22406668777142], [-87.26166328584357, 13.224177383569021], [-87.26164353062597, 13.224182208590756], [-87.26156681240379, 13.224166632537418], [-87.2614631261808, 13.224081245003692], [-87.26143519559824, 13.22405234080212], [-87.26135381881252, 13.223993623845208], [-87.26130917031799, 13.22394427106052], [-87.26124783604972, 13.22389329869522], [-87.26122860754029, 13.223877740198876], [-87.26118932901488, 13.22383241855441], [-87.26115919448941, 13.223787106882211], [-87.2607330613779, 13.223363080830211], [-87.26070225603326, 13.223326309193359], [-87.26068491733564, 13.223290737727849], [-87.26066988867483, 13.223271621562388], [-87.26063275503355, 13.223230807313632], [-87.26062097212048, 13.223197356051351], [-87.26058190288721, 13.223149039840479], [-87.26049272211144, 13.223053208281097], [-87.26044392757376, 13.223012916730838], [-87.26042210556432, 13.222953857504558], [-87.26051511783379, 13.22284883943], [-87.26053998499006, 13.222826777483442], [-87.26058428853203, 13.22278562258332], [-87.26068881422611, 13.2226875882578], [-87.26070951249986, 13.22266781760112], [-87.26077620288982, 13.222604724561057], [-87.26083468647302, 13.22254563332278], [-87.26114342525175, 13.222242289365031], [-87.26129261996948, 13.22210907031374], [-87.26132769070499, 13.22209330858268]]]]}}, {"type": "Feature", "properties": {"fid": 1252, "OBJECTID": null, "Name": "AYT069", "LOTE_ID": "AYT069", "FINCA": "AYOTAL", "DISTRITO": "D34", "VARIEDAD": null, "CICLO": null, "TCH 23-24": null, "ESTIMADO 2": null, "AREA CAÑA": null, "ESTATUS": null, "UBICACIÒN": null, "SEMAN COSE": null, "SEMANA COS": null, "FECHA COSE": null, "EDAD COSEC": null, "FECHA CO_1": null, "FECHA SIEM": null, "FECHA CORT": null, "EDAD HOY": null, "TIPO COSEC": null, "TIPO DE CO": null, "BLOQUE COS": null, "RANGO DIST": null, "TIPO DE SU": null, "TIPO DE RI": null, "DISTANCIAM": null, "RENOVACIÒ": null, "Area Calc": 2.872, "WKT_Poligono": "MultiPolygon (((-87.26357106 13.22232537, -87.26359421 13.22235538, -87.26355589 13.22240591, -87.2634457 13.22252258, -87.2633044 13.22265028, -87.26321693 13.22273066, -87.26308082 13.22283245, -87.26304855 13.22286488, -87.26300592 13.2229147, -87.26297779 13.22295633, -87.26287523 13.22304478, -87.26286058 13.22306654, -87.26279075 13.2231293, -87.26264808 13.22326099, -87.26258291 13.22326195, -87.26256258 13.22324166, -87.26253136 13.22320487, -87.26251693 13.22318804, -87.26242681 13.22310725, -87.26234166 13.22300753, -87.26224166 13.22290468, -87.26215297 13.22283666, -87.2621111 13.22279427, -87.26206097 13.22275933, -87.26204075 13.2227287, -87.26199461 13.22266554, -87.26189096 13.22254297, -87.26185798 13.22252954, -87.26176477 13.22244699, -87.26168897 13.22235606, -87.26165795 13.22233492, -87.26163796 13.22231003, -87.26159674 13.22228693, -87.26144499 13.22215112, -87.26142513 13.22212916, -87.26135903 13.22207513, -87.26132601 13.22203406, -87.26143142 13.22195131, -87.26144218 13.2219459, -87.2615675 13.22183829, -87.26159313 13.22181465, -87.26162922 13.22178073, -87.2616855 13.22171854, -87.26170033 13.22169657, -87.2617655 13.22163008, -87.26178116 13.22161379, -87.26186632 13.22151472, -87.26190975 13.22146909, -87.26199085 13.22139713, -87.26211806 13.22126371, -87.26231772 13.22114901, -87.26233022 13.22114514, -87.2624559 13.22126392, -87.26247373 13.22127802, -87.26261142 13.2214196, -87.26271783 13.22152201, -87.26282128 13.22161473, -87.2629338 13.22172729, -87.26308674 13.22186796, -87.26309199 13.2218774, -87.26320633 13.22199232, -87.26332719 13.22211816, -87.26345231 13.22222961, -87.26349169 13.22226381, -87.26357106 13.22232537)))", "Etapas Fenologicas 2026-2027_Edad Formulada Meses": "5", "Etapas Fenologicas 2026-2027_Etapa Actual": "Elongacion Inicial"}, "geometry": {"type": "MultiPolygon", "coordinates": [[[[-87.26357105873268, 13.222325371055952], [-87.26359420848732, 13.22235537735695], [-87.26355588927196, 13.22240590753068], [-87.26344569922259, 13.2225225809616], [-87.26330439665644, 13.222650280522332], [-87.26321692509545, 13.222730656043149], [-87.26308081766891, 13.22283244961318], [-87.26304855152301, 13.222864877787348], [-87.26300592150481, 13.22291470196115], [-87.2629777896119, 13.22295632526044], [-87.26287523432447, 13.22304477779611], [-87.2628605836391, 13.223066540953939], [-87.2627907508267, 13.22312930459092], [-87.2626480771079, 13.22326098978485], [-87.26258291002102, 13.223261950534956], [-87.26256257649962, 13.22324165996929], [-87.26253135667262, 13.223204868754152], [-87.26251692545962, 13.223188043917098], [-87.26242681244096, 13.223107246372502], [-87.26234165713544, 13.223007529497222], [-87.26224166215468, 13.222904678463427], [-87.2621529740931, 13.22283665607935], [-87.26211109769673, 13.222794265289227], [-87.26206096835718, 13.222759328945248], [-87.26204075247001, 13.22272870377153], [-87.2619946067629, 13.222665544960126], [-87.26189096362576, 13.222542968967138], [-87.26185797503516, 13.22252953842133], [-87.26176476822512, 13.22244699356596], [-87.26168897057688, 13.222356062268549], [-87.26165794835252, 13.22233491849128], [-87.2616379599762, 13.222310026335576], [-87.2615967424555, 13.222286931934516], [-87.26144499182607, 13.22215112496769], [-87.26142512800446, 13.222129159650118], [-87.2613590304963, 13.222075127414703], [-87.26132601324821, 13.222034060593112], [-87.26143141948913, 13.221951314117337], [-87.26144218495885, 13.22194589954569], [-87.2615674996408, 13.22183829313648], [-87.2615931324008, 13.221814652989586], [-87.26162922407647, 13.221780734650402], [-87.26168549544498, 13.22171853738925], [-87.2617003330826, 13.221696569240873], [-87.26176549909185, 13.221630080848318], [-87.26178115857049, 13.22161379216456], [-87.26186632113735, 13.221514720112564], [-87.26190975164756, 13.22146908864659], [-87.26199084647395, 13.2213971324304], [-87.26211806087221, 13.221263713606103], [-87.26231771691984, 13.221149005798416], [-87.2623302242446, 13.22114514139532], [-87.26245590322841, 13.22126391629504], [-87.2624737340049, 13.221278023810738], [-87.26261142473913, 13.221419602446952], [-87.26271783233831, 13.22152200854025], [-87.26282127639128, 13.221614726631921], [-87.26293380213573, 13.22172728804138], [-87.26308674427538, 13.2218679583471], [-87.26309198783315, 13.221877397160839], [-87.26320632786955, 13.2219923181801], [-87.26332719139349, 13.222118161692137], [-87.26345231006104, 13.222229606876219], [-87.26349169081857, 13.222263814857326], [-87.26357105873268, 13.222325371055952]]]]}}, {"type": "Feature", "properties": {"fid": 1253, "OBJECTID": null, "Name": "AYT070", "LOTE_ID": "AYT070", "FINCA": "AYOTAL", "DISTRITO": "D34", "VARIEDAD": null, "CICLO": null, "TCH 23-24": null, "ESTIMADO 2": null, "AREA CAÑA": null, "ESTATUS": null, "UBICACIÒN": null, "SEMAN COSE": null, "SEMANA COS": null, "FECHA COSE": null, "EDAD COSEC": null, "FECHA CO_1": null, "FECHA SIEM": null, "FECHA CORT": null, "EDAD HOY": null, "TIPO COSEC": null, "TIPO DE CO": null, "BLOQUE COS": null, "RANGO DIST": null, "TIPO DE SU": null, "TIPO DE RI": null, "DISTANCIAM": null, "RENOVACIÒ": null, "Area Calc": 2.866, "WKT_Poligono": "MultiPolygon (((-87.26466846 13.22135819, -87.26467097 13.22137921, -87.26457207 13.2214874, -87.26454329 13.22151425, -87.26440897 13.22163223, -87.2643351 13.22170703, -87.26422133 13.22181013, -87.26398947 13.22205752, -87.26396719 13.22208868, -87.26381604 13.22223229, -87.26378516 13.22226795, -87.26376797 13.22228303, -87.26372724 13.22227956, -87.26364228 13.22221577, -87.26356358 13.22215613, -87.26348 13.2220872, -87.26344394 13.22203711, -87.2633849 13.22197912, -87.26333593 13.22192794, -87.26323651 13.22183265, -87.26319562 13.2217928, -87.26313686 13.22174899, -87.26306311 13.22166812, -87.26304523 13.22166211, -87.26301001 13.22161935, -87.26298798 13.22158107, -87.26291296 13.22151617, -87.26288536 13.22149824, -87.2627573 13.22135813, -87.26265207 13.22125418, -87.26252789 13.22111696, -87.2625199 13.2211038, -87.26246124 13.22104721, -87.26245201 13.22101503, -87.26259073 13.220927, -87.2627162 13.22084743, -87.2628081 13.22074399, -87.26287264 13.22071823, -87.26297394 13.22061317, -87.26299796 13.22055205, -87.26304376 13.22051225, -87.26313439 13.22038593, -87.26329221 13.22024162, -87.26340931 13.22014441, -87.26372019 13.22036517, -87.26373498 13.22037718, -87.26375024 13.22041342, -87.26378874 13.22046171, -87.26390414 13.220572, -87.26393985 13.22059632, -87.26400149 13.22068771, -87.26402519 13.22071389, -87.26404969 13.22073502, -87.26405673 13.22075592, -87.26409339 13.22080045, -87.26412666 13.22082763, -87.2641744 13.22089036, -87.26426956 13.22097162, -87.26428566 13.22098765, -87.26432769 13.22102542, -87.26438163 13.22106745, -87.2644026 13.2210837, -87.2645037 13.22119274, -87.26456703 13.22123719, -87.26460961 13.22129201, -87.26463427 13.22132821, -87.26466846 13.22135819)))", "Etapas Fenologicas 2026-2027_Edad Formulada Meses": "5", "Etapas Fenologicas 2026-2027_Etapa Actual": "Elongacion Inicial"}, "geometry": {"type": "MultiPolygon", "coordinates": [[[[-87.26466845895882, 13.221358189703029], [-87.26467097428632, 13.22137920718451], [-87.26457207294884, 13.22148740370204], [-87.26454329370063, 13.22151424679535], [-87.26440897318555, 13.221632228705479], [-87.26433510089043, 13.22170702685314], [-87.26422133052603, 13.221810134345159], [-87.26398946936933, 13.22205752063805], [-87.26396718512416, 13.22208868498786], [-87.26381603866156, 13.22223229304248], [-87.263785156496, 13.22226794694961], [-87.2637679709371, 13.222283034697941], [-87.26372723808406, 13.22227956093798], [-87.26364228191242, 13.22221577433086], [-87.26356358179393, 13.22215613445273], [-87.26348000419577, 13.2220872008997], [-87.26344393874322, 13.22203711150589], [-87.26338489725855, 13.221979116677959], [-87.26333593094735, 13.22192793709335], [-87.263236511907, 13.221832645325089], [-87.26319562018477, 13.221792797641701], [-87.26313685580705, 13.2217489927856], [-87.26306310932686, 13.22166811982024], [-87.26304523095237, 13.221662114022749], [-87.26301001181261, 13.221619348109948], [-87.2629879829192, 13.221581067875267], [-87.26291295964735, 13.22151616616586], [-87.26288535747759, 13.22149823583886], [-87.2627572961758, 13.221358130428499], [-87.26265207129681, 13.22125418220394], [-87.2625278861332, 13.22111695581209], [-87.262519901263, 13.22110380017075], [-87.26246124225484, 13.22104721236681], [-87.26245201183146, 13.22101503214962], [-87.26259072882513, 13.220927001068068], [-87.26271620371651, 13.220847431105629], [-87.26280810383288, 13.220743993784316], [-87.26287264039904, 13.220718225109998], [-87.26297393602937, 13.220613166443771], [-87.26299796072136, 13.22055204701743], [-87.26304376090987, 13.220512248327386], [-87.26313439491966, 13.220385933093668], [-87.26329221155433, 13.220241615195308], [-87.26340931276364, 13.220144411887668], [-87.26372018563373, 13.220365169898137], [-87.26373498265662, 13.22037717601827], [-87.2637502375894, 13.220413417674868], [-87.26378874321587, 13.220461709259382], [-87.26390414049942, 13.220572001363701], [-87.2639398526024, 13.220596321548264], [-87.2640014922616, 13.220687714283258], [-87.26402518818895, 13.22071389288223], [-87.26404968734052, 13.220735019377342], [-87.26405673293624, 13.220755918481169], [-87.26409338526082, 13.220800449554599], [-87.2641266593527, 13.220827632551451], [-87.26417440288175, 13.22089036105809], [-87.26426956243274, 13.22097161679091], [-87.26428566259476, 13.22098764843771], [-87.26432769231735, 13.2210254228977], [-87.26438162600655, 13.2210674549694], [-87.26440259686044, 13.22108370391525], [-87.26450369721022, 13.22119273911469], [-87.26456703397832, 13.221237186716708], [-87.26460960652055, 13.221292012281488], [-87.26463427337154, 13.221328210407123], [-87.26466845895882, 13.221358189703029]]]]}}, {"type": "Feature", "properties": {"fid": 1259, "OBJECTID": null, "Name": "AYT071", "LOTE_ID": "AYT071", "FINCA": "AYOTAL", "DISTRITO": "D34", "VARIEDAD": null, "CICLO": null, "TCH 23-24": null, "ESTIMADO 2": null, "AREA CAÑA": null, "ESTATUS": null, "UBICACIÒN": null, "SEMAN COSE": null, "SEMANA COS": null, "FECHA COSE": null, "EDAD COSEC": null, "FECHA CO_1": null, "FECHA SIEM": null, "FECHA CORT": null, "EDAD HOY": null, "TIPO COSEC": null, "TIPO DE CO": null, "BLOQUE COS": null, "RANGO DIST": null, "TIPO DE SU": null, "TIPO DE RI": null, "DISTANCIAM": null, "RENOVACIÒ": null, "Area Calc": 1.901, "WKT_Poligono": "MultiPolygon (((-87.26347705 13.22012307, -87.26346429 13.22009792, -87.26346253 13.22009555, -87.2634926 13.22007212, -87.2635779 13.21998031, -87.26362665 13.21993655, -87.26367205 13.21989107, -87.26369793 13.2199139, -87.26373202 13.21991402, -87.26374195 13.21989504, -87.26375201 13.21984106, -87.26374609 13.21983502, -87.26381962 13.21974571, -87.26389451 13.2196686, -87.2639133 13.2196509, -87.26394448 13.21961306, -87.26408603 13.21946275, -87.26526012 13.22055931, -87.26520066 13.22058129, -87.26508695 13.22064945, -87.26503541 13.22067434, -87.2649848 13.22066828, -87.26492767 13.22068212, -87.26490481 13.220685, -87.26487223 13.22068424, -87.264734 13.2206921, -87.26472501 13.22070791, -87.26468576 13.22068683, -87.26471954 13.22071127, -87.26488804 13.22071934, -87.26508449 13.22072416, -87.26513286 13.22071159, -87.2652499 13.22065922, -87.26529684 13.22064422, -87.26536387 13.22064474, -87.26539637 13.22067662, -87.26506689 13.2210398, -87.26498563 13.22110955, -87.26492327 13.22116888, -87.26476723 13.22130277, -87.2647228 13.22130007, -87.26459909 13.22122519, -87.26451017 13.2211388, -87.26446644 13.22111218, -87.26445354 13.22109203, -87.26433289 13.22097597, -87.26430179 13.22093214, -87.26426781 13.22087647, -87.26422542 13.22086179, -87.26418231 13.22081074, -87.26417089 13.22076424, -87.26408669 13.22070058, -87.2640441 13.22062146, -87.2640449 13.22053236, -87.26400777 13.22054544, -87.2639618 13.22057177, -87.26392272 13.22054304, -87.26383225 13.2204529, -87.26377326 13.22039998, -87.26366405 13.22028534, -87.26360684 13.22025086, -87.26359251 13.22022554, -87.26353276 13.22017001, -87.26347705 13.22012307)))", "Etapas Fenologicas 2026-2027_Edad Formulada Meses": "5", "Etapas Fenologicas 2026-2027_Etapa Actual": "Elongacion Inicial"}, "geometry": {"type": "MultiPolygon", "coordinates": [[[[-87.26347705125393, 13.220123073529232], [-87.26346429099772, 13.220097915865923], [-87.26346253306714, 13.220095545736658], [-87.26349259752993, 13.220072120977262], [-87.26357790357625, 13.21998031358219], [-87.26362664511767, 13.219936550542778], [-87.26367205153937, 13.219891065699546], [-87.26369792665727, 13.219913901392328], [-87.26373201586567, 13.219914024130727], [-87.26374195258842, 13.21989504485222], [-87.26375201212889, 13.21984106445737], [-87.26374608772545, 13.219835016798049], [-87.26381961753127, 13.219745709254349], [-87.26389451322612, 13.2196685957689], [-87.2639133008907, 13.219650903032518], [-87.26394447588919, 13.21961305771439], [-87.2640860288356, 13.219462746387611], [-87.26526012150048, 13.220559308888118], [-87.2652006599321, 13.22058128613454], [-87.2650869466442, 13.220649453032511], [-87.26503540649955, 13.22067433987312], [-87.26498479821973, 13.22066828014438], [-87.26492766550663, 13.220682124816499], [-87.26490481473012, 13.22068500167948], [-87.26487223332538, 13.220684241152997], [-87.26473399666388, 13.220692102215388], [-87.26472500845826, 13.22070791126964], [-87.26468576409857, 13.220686830642428], [-87.26471953881021, 13.220711273430442], [-87.26488804047116, 13.22071933605962], [-87.26508449108596, 13.220724155049348], [-87.26513285973299, 13.22071158900806], [-87.26524990479433, 13.220659224447559], [-87.26529683744286, 13.22064421785004], [-87.2653638663629, 13.220644737146857], [-87.2653963654152, 13.22067662362817], [-87.26506689003114, 13.221039798018726], [-87.26498563154851, 13.221109554505919], [-87.2649232658512, 13.221168875321608], [-87.26476723366594, 13.221302770864538], [-87.26472279933228, 13.22130006853128], [-87.26459909333144, 13.221225190376877], [-87.2645101701378, 13.22113880288689], [-87.26446644092456, 13.221112179223509], [-87.26445353948739, 13.221092032499223], [-87.26433288985828, 13.220975965169137], [-87.26430179159816, 13.22093214138163], [-87.26426780747744, 13.220876471728609], [-87.26422542297766, 13.220861792209147], [-87.26418231019251, 13.22081074316908], [-87.2641708884269, 13.22076424120527], [-87.26408669085468, 13.22070058010941], [-87.26404410276803, 13.220621463039402], [-87.26404489731235, 13.22053235943849], [-87.26400776631084, 13.220545440617867], [-87.26396180066995, 13.220571772034804], [-87.26392271881393, 13.220543040347739], [-87.26383225224858, 13.220452904347027], [-87.2637732630158, 13.22039997681259], [-87.26366405428354, 13.2202853429768], [-87.26360683838482, 13.22025086307355], [-87.26359251219421, 13.22022553532357], [-87.26353276316483, 13.220170005003197], [-87.26347705125393, 13.220123073529232]]]]}}, {"type": "Feature", "properties": {"fid": 1261, "OBJECTID": null, "Name": "AYT072", "LOTE_ID": "AYT072", "FINCA": "AYOTAL", "DISTRITO": "D34", "VARIEDAD": null, "CICLO": null, "TCH 23-24": null, "ESTIMADO 2": null, "AREA CAÑA": null, "ESTATUS": null, "UBICACIÒN": null, "SEMAN COSE": null, "SEMANA COS": null, "FECHA COSE": null, "EDAD COSEC": null, "FECHA CO_1": null, "FECHA SIEM": null, "FECHA CORT": null, "EDAD HOY": null, "TIPO COSEC": null, "TIPO DE CO": null, "BLOQUE COS": null, "RANGO DIST": null, "TIPO DE SU": null, "TIPO DE RI": null, "DISTANCIAM": null, "RENOVACIÒ": null, "Area Calc": 3.155, "WKT_Poligono": "MultiPolygon (((-87.26466718 13.21479776, -87.26568717 13.21581943, -87.26568778 13.21583819, -87.2656632 13.21587467, -87.26563427 13.21596607, -87.2656157 13.21599321, -87.26555433 13.21613964, -87.26547356 13.21631047, -87.26542179 13.21644277, -87.26535808 13.21658074, -87.26531609 13.21664679, -87.2653002 13.21667745, -87.2652419 13.21680623, -87.26520943 13.21688021, -87.2651811 13.21694458, -87.26514904 13.21705599, -87.26506191 13.21722317, -87.26504735 13.21723921, -87.2649817 13.21736463, -87.26489693 13.21747684, -87.26486156 13.21747985, -87.26482483 13.21745589, -87.26478194 13.21742797, -87.26477307 13.21740902, -87.26468455 13.21731553, -87.26464274 13.21725582, -87.26459141 13.21721681, -87.26456132 13.2171904, -87.26450654 13.21713972, -87.26444171 13.21706776, -87.2644111 13.21704107, -87.26436711 13.21700381, -87.26430037 13.21690515, -87.2642528 13.21684552, -87.26422765 13.21683268, -87.26416054 13.21679514, -87.26412288 13.21675984, -87.26406189 13.21670697, -87.26403287 13.21667093, -87.26401596 13.21665393, -87.26399648 13.21663028, -87.26396267 13.21657681, -87.26391038 13.2165316, -87.2638936 13.21651269, -87.26382062 13.21643468, -87.2638061 13.21638601, -87.26382706 13.21635998, -87.26385425 13.21630539, -87.26388494 13.21625023, -87.26393151 13.2161694, -87.26395802 13.21613693, -87.26402311 13.21608184, -87.26404887 13.21603912, -87.26406388 13.21600815, -87.26406711 13.21600284, -87.2641074 13.21593716, -87.26416309 13.21582247, -87.26424321 13.21563254, -87.26430595 13.21557941, -87.2642998 13.21555642, -87.26434348 13.21544348, -87.26436131 13.2154232, -87.26438414 13.2153503, -87.26440139 13.21532832, -87.2644848 13.215196, -87.26451999 13.215128, -87.26452105 13.21512195, -87.26454414 13.21507984, -87.26456041 13.21502948, -87.26456834 13.21499604, -87.26463453 13.21488922, -87.26465816 13.21481815, -87.26466718 13.21479776)))", "Etapas Fenologicas 2026-2027_Edad Formulada Meses": "5", "Etapas Fenologicas 2026-2027_Etapa Actual": "Elongacion Inicial"}, "geometry": {"type": "MultiPolygon", "coordinates": [[[[-87.26466717646865, 13.21479776154682], [-87.26568717479601, 13.215819431891857], [-87.26568777879467, 13.21583819376346], [-87.26566320178557, 13.215874670090297], [-87.26563426814921, 13.21596607082716], [-87.26561569977859, 13.215993211387802], [-87.26555432790805, 13.21613964242181], [-87.26547356420826, 13.21631047146774], [-87.26542178612519, 13.21644276992334], [-87.26535808339257, 13.216580735697049], [-87.26531608921957, 13.21664678994311], [-87.26530020271971, 13.21667744745198], [-87.26524190446294, 13.216806234181869], [-87.26520943311185, 13.216880210331592], [-87.26518109811468, 13.2169445827078], [-87.26514903505701, 13.217055991978299], [-87.26506191444146, 13.217223167117892], [-87.26504734778754, 13.217239206503962], [-87.26498170361535, 13.21736462727224], [-87.26489693495407, 13.217476836347599], [-87.26486155655405, 13.217479854778412], [-87.26482483402394, 13.21745588518074], [-87.26478193781325, 13.217427965217563], [-87.26477307131448, 13.21740901547086], [-87.26468455142654, 13.217315526682977], [-87.26464273658932, 13.217255815052118], [-87.2645914125957, 13.217216813574138], [-87.26456131560116, 13.217190404080858], [-87.26450653549605, 13.217139720291037], [-87.26444170814058, 13.217067758936093], [-87.26441110346559, 13.21704107042514], [-87.26436710581069, 13.217003807053082], [-87.26430036761627, 13.21690514598779], [-87.26425280321475, 13.21684551542433], [-87.26422764740896, 13.21683267761858], [-87.26416054205016, 13.21679513990491], [-87.26412288283142, 13.216759839566], [-87.26406189256369, 13.216706970444454], [-87.26403287222738, 13.216670929624389], [-87.264015964823, 13.21665393202407], [-87.26399648033942, 13.216630281087612], [-87.26396267399265, 13.21657680863745], [-87.26391038310419, 13.21653159714267], [-87.2638935998847, 13.21651268836505], [-87.26382061529551, 13.216434680625756], [-87.26380610204379, 13.216386012653865], [-87.26382706439678, 13.21635998026614], [-87.26385424619565, 13.216305388393048], [-87.26388494126098, 13.216250228399891], [-87.26393150711868, 13.21616940139526], [-87.26395801831234, 13.216136929038958], [-87.26402310582395, 13.216081842665469], [-87.26404887040215, 13.216039124075582], [-87.26406387909667, 13.21600814603249], [-87.26406711334013, 13.21600283908909], [-87.26410739556432, 13.21593715607701], [-87.26416308680778, 13.21582247400339], [-87.26424321408324, 13.215632535350847], [-87.26430594506631, 13.215579411755948], [-87.26429979555319, 13.215556422432728], [-87.26434347949845, 13.2154434838935], [-87.26436131113942, 13.215423200271342], [-87.2643841371008, 13.21535029571224], [-87.26440139330114, 13.215328320631835], [-87.26448479871708, 13.2151959999887], [-87.26451998620247, 13.21512799554075], [-87.26452104870329, 13.21512195011083], [-87.26454413857164, 13.215079839870869], [-87.26456040850871, 13.215029477826867], [-87.2645683422891, 13.214996042095406], [-87.26463452690518, 13.214889218215829], [-87.26465816391769, 13.21481815153221], [-87.26466717646865, 13.21479776154682]]]]}}, {"type": "Feature", "properties": {"fid": 1262, "OBJECTID": null, "Name": "AYT073", "LOTE_ID": "AYT073", "FINCA": "AYOTAL", "DISTRITO": "D34", "VARIEDAD": null, "CICLO": null, "TCH 23-24": null, "ESTIMADO 2": null, "AREA CAÑA": null, "ESTATUS": null, "UBICACIÒN": null, "SEMAN COSE": null, "SEMANA COS": null, "FECHA COSE": null, "EDAD COSEC": null, "FECHA CO_1": null, "FECHA SIEM": null, "FECHA CORT": null, "EDAD HOY": null, "TIPO COSEC": null, "TIPO DE CO": null, "BLOQUE COS": null, "RANGO DIST": null, "TIPO DE SU": null, "TIPO DE RI": null, "DISTANCIAM": null, "RENOVACIÒ": null, "Area Calc": 3.309, "WKT_Poligono": "MultiPolygon (((-87.26379311 13.21661753, -87.26383059 13.21659931, -87.26391574 13.21665371, -87.26393227 13.21668041, -87.26396103 13.21671313, -87.2639633 13.21673845, -87.26406477 13.21682559, -87.26412673 13.21688609, -87.26414858 13.21689795, -87.26418824 13.21693623, -87.26419974 13.21694386, -87.26493644 13.2176757, -87.26489543 13.21776991, -87.26487538 13.21782063, -87.26483109 13.21790056, -87.26480016 13.21798021, -87.26479203 13.21800472, -87.26474462 13.2181028, -87.2647252 13.21815284, -87.26470396 13.21818834, -87.26469803 13.21820979, -87.2646456 13.21828587, -87.26459486 13.21840579, -87.26458269 13.21843139, -87.26456805 13.21845029, -87.26454249 13.2185134, -87.26449577 13.21856859, -87.26448167 13.21861136, -87.26445059 13.21869922, -87.26444018 13.21873166, -87.26443522 13.21876802, -87.26437891 13.21886456, -87.26437398 13.21888413, -87.26435427 13.21893345, -87.26431355 13.21902284, -87.264283 13.21908081, -87.26427555 13.21910361, -87.26424725 13.21916566, -87.26421893 13.21922814, -87.26419213 13.21924984, -87.26413796 13.21922019, -87.2641142 13.21921488, -87.264087 13.21918501, -87.26405492 13.21914987, -87.26401177 13.21912569, -87.26399993 13.21910931, -87.2639763 13.21909262, -87.26391775 13.2190449, -87.26387466 13.21902401, -87.26384299 13.21901211, -87.26380073 13.21896994, -87.26375778 13.21893994, -87.26372775 13.21892337, -87.26370397 13.21891005, -87.26369895 13.21891495, -87.26359975 13.21887183, -87.26356159 13.2188438, -87.26349466 13.21877776, -87.26341992 13.21870197, -87.26333664 13.21865382, -87.26330785 13.21860109, -87.26330048 13.21859479, -87.26317829 13.21847837, -87.26309609 13.2184031, -87.2630589 13.21837186, -87.26304561 13.21835243, -87.26302304 13.21831405, -87.26301601 13.21830591, -87.2630391 13.21820568, -87.26306906 13.21816001, -87.2630889 13.21809616, -87.26310897 13.2180676, -87.26315405 13.21798182, -87.26320479 13.21786062, -87.26322129 13.21783385, -87.26327439 13.21773622, -87.26331504 13.21765781, -87.26334387 13.21762219, -87.26335089 13.21762001, -87.2633711 13.21757367, -87.26337676 13.21752082, -87.26343397 13.21740829, -87.26345891 13.21734066, -87.26351553 13.21724374, -87.26357244 13.21712127, -87.26357695 13.21711291, -87.26361309 13.21700496, -87.26361635 13.21700051, -87.26368677 13.21684749, -87.26375537 13.21671662, -87.26378464 13.21665132, -87.26379311 13.21661753)))", "Etapas Fenologicas 2026-2027_Edad Formulada Meses": "5", "Etapas Fenologicas 2026-2027_Etapa Actual": "Elongacion Inicial"}, "geometry": {"type": "MultiPolygon", "coordinates": [[[[-87.26379311453316, 13.216617530072877], [-87.26383059293677, 13.21659930616912], [-87.26391573539215, 13.216653709305847], [-87.26393227333767, 13.216680410066099], [-87.26396102708813, 13.216713130957258], [-87.26396329956985, 13.21673844510487], [-87.26406476602024, 13.216825593064458], [-87.2641267310145, 13.216886087468549], [-87.26414858011498, 13.216897947433178], [-87.26418824404986, 13.21693622693098], [-87.26419973639278, 13.21694386128422], [-87.26493644088694, 13.217675696358748], [-87.26489543229057, 13.217769905861187], [-87.26487538223431, 13.217820629667658], [-87.26483109310195, 13.217900563276917], [-87.26480016354675, 13.21798021127372], [-87.26479202649843, 13.218004721932838], [-87.26474462085092, 13.218102804634459], [-87.26472520143007, 13.21815283848037], [-87.26470395840828, 13.21818834140301], [-87.26469802853204, 13.21820979000652], [-87.2646455994233, 13.218285866197661], [-87.264594857268, 13.218405790490731], [-87.26458268653613, 13.2184313907503], [-87.26456805392952, 13.21845028901824], [-87.26454249031494, 13.218513403207968], [-87.26449577387403, 13.218568586620359], [-87.2644816694313, 13.218611358304779], [-87.26445059106011, 13.218699224064771], [-87.26444017702134, 13.218731661842668], [-87.26443522311983, 13.218768022857567], [-87.26437891336496, 13.21886455883761], [-87.26437398133815, 13.21888412825119], [-87.26435427213467, 13.218933450803098], [-87.26431354603942, 13.219022839351089], [-87.2642829971006, 13.21908080570666], [-87.26427554793091, 13.219103612166649], [-87.26424725400636, 13.21916566335066], [-87.26421892507608, 13.219228142027998], [-87.26419213050914, 13.21924984381059], [-87.26413795760891, 13.219220185833478], [-87.26411419601116, 13.21921488191419], [-87.26408699614164, 13.219185005683661], [-87.26405492447982, 13.219149870788737], [-87.26401177418097, 13.219125688861888], [-87.26399992609532, 13.21910930980956], [-87.26397630124396, 13.219092615879179], [-87.26391775022316, 13.21904489769491], [-87.26387466405345, 13.2190240147727], [-87.2638429939252, 13.21901210828012], [-87.26380073284085, 13.218969944925647], [-87.26375777695615, 13.21893993756833], [-87.26372774645823, 13.21892337384474], [-87.26370397103412, 13.21891005229758], [-87.26369894755246, 13.21891494778549], [-87.26359975491802, 13.218871828052189], [-87.26356158541026, 13.21884379517534], [-87.26349466374657, 13.218777757419868], [-87.26341992280861, 13.218701971214537], [-87.26333664258281, 13.218653820567331], [-87.2633078498204, 13.21860108648342], [-87.26330047987014, 13.21859478603785], [-87.26317828621292, 13.218478373609546], [-87.26309608579204, 13.218403103266477], [-87.26305889835112, 13.218371859265696], [-87.26304561425408, 13.21835243300868], [-87.26302303712208, 13.218314050655701], [-87.26301601245451, 13.218305910083638], [-87.26303909851171, 13.21820568306537], [-87.26306905669685, 13.218160007776799], [-87.26308890155252, 13.218096156696376], [-87.26310897415678, 13.218067602266524], [-87.26315405216361, 13.217981817327782], [-87.26320479203686, 13.217860624637717], [-87.26322128714824, 13.21783385335766], [-87.26327438902089, 13.21773622188945], [-87.26331504081395, 13.21765780876456], [-87.26334387227382, 13.217622190785667], [-87.26335088723398, 13.217620006297537], [-87.26337109566377, 13.21757366812115], [-87.26337676319083, 13.217520817329179], [-87.26343397027625, 13.217408290670106], [-87.26345890753959, 13.21734065805473], [-87.26351553099914, 13.217243743029266], [-87.263572437785, 13.217121270330468], [-87.26357695221806, 13.21711291216151], [-87.26361309221625, 13.217004957810678], [-87.26361634711185, 13.217000511492207], [-87.2636867744659, 13.216847491427218], [-87.26375537027232, 13.216716619780982], [-87.26378464351042, 13.21665132235123], [-87.26379311453316, 13.216617530072877]]]]}}, {"type": "Feature", "properties": {"fid": 1263, "OBJECTID": null, "Name": "AYT074", "LOTE_ID": "AYT074", "FINCA": "AYOTAL", "DISTRITO": "D34", "VARIEDAD": null, "CICLO": null, "TCH 23-24": null, "ESTIMADO 2": null, "AREA CAÑA": null, "ESTATUS": null, "UBICACIÒN": null, "SEMAN COSE": null, "SEMANA COS": null, "FECHA COSE": null, "EDAD COSEC": null, "FECHA CO_1": null, "FECHA SIEM": null, "FECHA CORT": null, "EDAD HOY": null, "TIPO COSEC": null, "TIPO DE CO": null, "BLOQUE COS": null, "RANGO DIST": null, "TIPO DE SU": null, "TIPO DE RI": null, "DISTANCIAM": null, "RENOVACIÒ": null, "Area Calc": 1.742, "WKT_Poligono": "MultiPolygon (((-87.2629828 13.21838741, -87.2634593 13.21885554, -87.2636239 13.2189426, -87.26372987 13.21899602, -87.26391127 13.21908317, -87.26397036 13.21914556, -87.26406889 13.21923802, -87.2641201 13.21927217, -87.26414543 13.2193084, -87.26392875 13.21961402, -87.26384959 13.21968441, -87.26381988 13.21971215, -87.26373341 13.21978405, -87.26368027 13.21983837, -87.26359735 13.21990514, -87.26356866 13.21991519, -87.26353703 13.21992308, -87.26351083 13.2199641, -87.26343291 13.22005278, -87.26340903 13.2200429, -87.26338808 13.2200451, -87.2633839 13.2200559, -87.26329941 13.21997339, -87.26315656 13.21981618, -87.26308663 13.2197426, -87.26303268 13.2196909, -87.26301081 13.21967804, -87.2629246 13.21958282, -87.26281832 13.21949253, -87.26277157 13.21945366, -87.26275976 13.21943284, -87.26272492 13.21940039, -87.26262784 13.21931321, -87.26258837 13.21927892, -87.26252009 13.21921305, -87.26243967 13.21913848, -87.26235564 13.21904095, -87.26237677 13.21901286, -87.26243852 13.21892559, -87.26253954 13.21883475, -87.26257406 13.21879929, -87.26258289 13.2187812, -87.26281334 13.21857329, -87.26288756 13.21849057, -87.2629828 13.21838741)))", "Etapas Fenologicas 2026-2027_Edad Formulada Meses": "5", "Etapas Fenologicas 2026-2027_Etapa Actual": "Elongacion Inicial"}, "geometry": {"type": "MultiPolygon", "coordinates": [[[[-87.2629827991971, 13.218387410956499], [-87.26345929830246, 13.218855536993031], [-87.26362390301674, 13.218942599224407], [-87.26372986737238, 13.21899602427304], [-87.26391127354631, 13.219083169178889], [-87.26397036244097, 13.219145555421628], [-87.2640688902362, 13.21923801667759], [-87.26412009661142, 13.21927217209143], [-87.26414543304578, 13.219308397323108], [-87.2639287465411, 13.21961402245637], [-87.26384959473289, 13.219684413752132], [-87.26381987755602, 13.219712151698698], [-87.26373341003593, 13.21978405396288], [-87.26368027059209, 13.21983836590061], [-87.26359735148172, 13.219905139911246], [-87.26356866256077, 13.2199151926368], [-87.26353703347118, 13.219923076709158], [-87.26351083137564, 13.219964102225163], [-87.26343291026743, 13.220052775138287], [-87.26340902821205, 13.220042898373363], [-87.26338807773602, 13.220045101628866], [-87.26338390195836, 13.220055899349532], [-87.26329941145252, 13.219973387068338], [-87.2631565616121, 13.219816184868689], [-87.26308662817242, 13.219742601302569], [-87.26303268139456, 13.219690897056909], [-87.26301081255852, 13.219678041615], [-87.26292459660601, 13.219582816517518], [-87.26281831586022, 13.21949252927964], [-87.26277157312711, 13.21945366363342], [-87.26275976338715, 13.21943284432914], [-87.26272492153998, 13.21940039002089], [-87.26262783524346, 13.21931321291297], [-87.26258836973373, 13.219278923744621], [-87.26252008502351, 13.21921305478474], [-87.26243967087338, 13.219138482678158], [-87.26235564325047, 13.219040947841899], [-87.26237676778328, 13.21901285716243], [-87.26243851539103, 13.218925594325308], [-87.26253953680336, 13.21883475138022], [-87.2625740599877, 13.21879928963158], [-87.26258289152717, 13.21878119906602], [-87.26281334399714, 13.218573289010486], [-87.26288756443003, 13.218490574019578], [-87.2629827991971, 13.218387410956499]]]]}}, {"type": "Feature", "properties": {"fid": 1264, "OBJECTID": null, "Name": "AYT075", "LOTE_ID": "AYT075", "FINCA": "AYOTAL", "DISTRITO": "D34", "VARIEDAD": null, "CICLO": null, "TCH 23-24": null, "ESTIMADO 2": null, "AREA CAÑA": null, "ESTATUS": null, "UBICACIÒN": null, "SEMAN COSE": null, "SEMANA COS": null, "FECHA COSE": null, "EDAD COSEC": null, "FECHA CO_1": null, "FECHA SIEM": null, "FECHA CORT": null, "EDAD HOY": null, "TIPO COSEC": null, "TIPO DE CO": null, "BLOQUE COS": null, "RANGO DIST": null, "TIPO DE SU": null, "TIPO DE RI": null, "DISTANCIAM": null, "RENOVACIÒ": null, "Area Calc": 2.37, "WKT_Poligono": "MultiPolygon (((-87.26243674 13.22099013, -87.26233936 13.22095164, -87.26218556 13.2208091, -87.26215214 13.22076119, -87.26204188 13.22065676, -87.26202034 13.22064612, -87.26198461 13.22059257, -87.26187631 13.22049083, -87.26186302 13.22047496, -87.26181287 13.22042665, -87.26176678 13.22038669, -87.26169074 13.22028933, -87.26162812 13.22024117, -87.26161322 13.2202106, -87.26155589 13.2201297, -87.2616101 13.22008693, -87.26160289 13.22006119, -87.26159603 13.22003514, -87.26151555 13.21999106, -87.26145355 13.22001091, -87.26140558 13.2200162, -87.26138933 13.22000155, -87.26134976 13.219927, -87.26144493 13.21983397, -87.2615238 13.2197678, -87.26156323 13.21973023, -87.26168917 13.21961512, -87.26176296 13.21953886, -87.26181701 13.21948583, -87.2618741 13.21946077, -87.26190232 13.21941261, -87.26201881 13.21930285, -87.26203222 13.21927909, -87.2620881 13.21923491, -87.26219602 13.21910197, -87.26222406 13.21907821, -87.2622602 13.21903296, -87.2623219 13.21904502, -87.26235091 13.21906643, -87.26243844 13.21914448, -87.26250844 13.21921949, -87.26256313 13.21928271, -87.26267681 13.2194084, -87.26270225 13.219452, -87.26276484 13.21950756, -87.26288838 13.21964359, -87.26290607 13.21966527, -87.26298488 13.21974881, -87.26300118 13.21977405, -87.26304145 13.21981732, -87.26315708 13.21990056, -87.26328182 13.21999991, -87.26329404 13.22001504, -87.26332849 13.22009537, -87.2633187 13.22010513, -87.26323972 13.22020463, -87.26311616 13.22033429, -87.2630103 13.2204317, -87.26295912 13.22048704, -87.26283507 13.22059552, -87.26281301 13.22060909, -87.26279225 13.22064072, -87.26267663 13.22075509, -87.26264751 13.22077646, -87.26253671 13.22088316, -87.26252785 13.22089008, -87.26252337 13.22089483, -87.26247586 13.2209442, -87.26246495 13.22096414, -87.26243674 13.22099013)))", "Etapas Fenologicas 2026-2027_Edad Formulada Meses": "5", "Etapas Fenologicas 2026-2027_Etapa Actual": "Elongacion Inicial"}, "geometry": {"type": "MultiPolygon", "coordinates": [[[[-87.26243674227308, 13.22099013372993], [-87.26233935594821, 13.2209516364083], [-87.26218555748649, 13.220809100970468], [-87.26215213837709, 13.22076119490422], [-87.26204188335878, 13.220656755897808], [-87.26202034317262, 13.220646122888247], [-87.26198461485795, 13.220592574323428], [-87.26187631186184, 13.220490829467828], [-87.26186302201589, 13.220474960289849], [-87.26181286637728, 13.220426645529542], [-87.26176677721695, 13.22038668578373], [-87.2616907375557, 13.220289333206027], [-87.26162811645192, 13.220241172228558], [-87.26161322445002, 13.220210602307189], [-87.26155589359288, 13.22012970027414], [-87.26161010439272, 13.220086926907316], [-87.26160289419018, 13.22006119067781], [-87.26159602745611, 13.22003514146054], [-87.26151554736035, 13.219991055093512], [-87.26145355487269, 13.22001091210138], [-87.2614055818822, 13.22001619899948], [-87.2613893279919, 13.22000154846672], [-87.26134976472952, 13.219927003218848], [-87.26144492518186, 13.21983397479252], [-87.26152380259018, 13.219767797517328], [-87.26156323260027, 13.219730225971997], [-87.26168916601947, 13.219615119475161], [-87.26176295637964, 13.21953886102289], [-87.2618170062108, 13.219485829985858], [-87.26187410375545, 13.219460768215779], [-87.26190232001268, 13.219412612475551], [-87.26201881141971, 13.21930285473614], [-87.2620322201106, 13.219279089808921], [-87.2620880999888, 13.2192349060836], [-87.2621960185407, 13.219101969209538], [-87.262224060204, 13.219078212992901], [-87.26226019645198, 13.21903295890007], [-87.26232189693172, 13.219045017564119], [-87.26235091422707, 13.219066430444178], [-87.26243844471307, 13.21914447893446], [-87.26250843715445, 13.219219486548088], [-87.26256313261224, 13.219282712681798], [-87.2626768061266, 13.219408397318618], [-87.26270225206572, 13.21945199704459], [-87.2627648448942, 13.21950756230706], [-87.26288837801583, 13.21964359410549], [-87.26290607487131, 13.219665265796518], [-87.26298488077575, 13.219748812239489], [-87.26300118047995, 13.2197740463249], [-87.26304144659717, 13.21981731709271], [-87.26315707719439, 13.21990055997049], [-87.2632818248495, 13.219999908568397], [-87.26329403662203, 13.22001503567673], [-87.26332849280489, 13.22009536556572], [-87.26331870226679, 13.22010512545112], [-87.2632397151409, 13.220204632949722], [-87.26311616467423, 13.22033428591502], [-87.26301030339849, 13.220431704752134], [-87.26295911625718, 13.220487040876328], [-87.2628350745204, 13.22059551985943], [-87.26281300501739, 13.220609086638792], [-87.26279224942064, 13.220640723407747], [-87.26267662561393, 13.220755089886055], [-87.26264751427124, 13.220776455432139], [-87.2625367083512, 13.22088315600351], [-87.26252784552672, 13.22089007903279], [-87.26252336745851, 13.220894833158699], [-87.26247585994885, 13.22094419524097], [-87.26246495323554, 13.220964140940946], [-87.26243674227308, 13.22099013372993]]]]}}, {"type": "Feature", "properties": {"fid": 1265, "OBJECTID": null, "Name": "AYT076", "LOTE_ID": "AYT076", "FINCA": "AYOTAL", "DISTRITO": "D34", "VARIEDAD": null, "CICLO": null, "TCH 23-24": null, "ESTIMADO 2": null, "AREA CAÑA": null, "ESTATUS": null, "UBICACIÒN": null, "SEMAN COSE": null, "SEMANA COS": null, "FECHA COSE": null, "EDAD COSEC": null, "FECHA CO_1": null, "FECHA SIEM": null, "FECHA CORT": null, "EDAD HOY": null, "TIPO COSEC": null, "TIPO DE CO": null, "BLOQUE COS": null, "RANGO DIST": null, "TIPO DE SU": null, "TIPO DE RI": null, "DISTANCIAM": null, "RENOVACIÒ": null, "Area Calc": 2.372, "WKT_Poligono": "MultiPolygon (((-87.26026552 13.22081113, -87.26042709 13.22065555, -87.26045433 13.22062729, -87.26048204 13.22059072, -87.26052025 13.22055199, -87.2605293 13.22054086, -87.26083416 13.22028746, -87.26084604 13.22026752, -87.26097968 13.22015204, -87.26101491 13.22011702, -87.26116614 13.21998465, -87.26119302 13.22000648, -87.26122499 13.22004414, -87.26124169 13.22005703, -87.26127446 13.2200994, -87.26138316 13.22018906, -87.26146694 13.22027698, -87.26148601 13.22028601, -87.26151592 13.2203081, -87.26164199 13.22044263, -87.26169714 13.22050468, -87.26177428 13.22059999, -87.26180792 13.22062743, -87.26187448 13.2206674, -87.26193231 13.2207329, -87.26204019 13.22083378, -87.26215703 13.22092963, -87.26226904 13.22098704, -87.26228979 13.22101308, -87.26225023 13.22105722, -87.26207838 13.22120326, -87.26203733 13.22123661, -87.26190571 13.22136217, -87.26188533 13.22138353, -87.26183351 13.221434, -87.26177826 13.22149833, -87.26171328 13.2215571, -87.26167953 13.2215874, -87.26165598 13.22161414, -87.2616171 13.22164589, -87.26157882 13.22168994, -87.26150911 13.22176278, -87.2614722 13.22179282, -87.26143901 13.22183987, -87.26141304 13.22185501, -87.26137741 13.22189483, -87.26134977 13.22192139, -87.26134703 13.22193658, -87.26130427 13.22189692, -87.26127397 13.22187016, -87.26132412 13.22181073, -87.26135805 13.2217714, -87.26130363 13.22174323, -87.26126038 13.22172928, -87.26117499 13.22180833, -87.26114386 13.22179995, -87.26111973 13.22177364, -87.26108265 13.22171401, -87.26104276 13.22168447, -87.26100857 13.22164533, -87.26095359 13.2215955, -87.26090083 13.22156035, -87.26085427 13.2214968, -87.26077804 13.22143278, -87.26070885 13.22136755, -87.26065007 13.22129505, -87.26060105 13.22125083, -87.26052508 13.22115006, -87.26045268 13.22106663, -87.26039211 13.22101799, -87.26038795 13.22099073, -87.26035954 13.22096498, -87.26027578 13.22089533, -87.26026615 13.22088535, -87.26026552 13.22081113)))", "Etapas Fenologicas 2026-2027_Edad Formulada Meses": "4", "Etapas Fenologicas 2026-2027_Etapa Actual": "Elongacion Inicial"}, "geometry": {"type": "MultiPolygon", "coordinates": [[[[-87.26026552135042, 13.22081113117391], [-87.2604270916341, 13.220655549449978], [-87.26045432643858, 13.22062728509709], [-87.26048204331947, 13.220590722246127], [-87.26052025382866, 13.220551990357098], [-87.26052930187178, 13.220540860952024], [-87.26083416178031, 13.220287459687276], [-87.26084604115339, 13.22026752272873], [-87.26097967917052, 13.220152042617386], [-87.26101491029785, 13.220117022756249], [-87.26116614048519, 13.219984645282047], [-87.26119302386128, 13.220006479951849], [-87.26122498655839, 13.22004413861436], [-87.26124168721672, 13.220057031907627], [-87.26127445854303, 13.22009940387962], [-87.26138316129929, 13.220189063324957], [-87.26146694117895, 13.22027698481558], [-87.26148600717036, 13.22028601495813], [-87.26151592309624, 13.220308102867206], [-87.26164199381702, 13.2204426300041], [-87.26169713990666, 13.22050467940859], [-87.26177427643775, 13.220599986009649], [-87.26180792250227, 13.220627430614448], [-87.26187447743075, 13.22066740239925], [-87.26193230513209, 13.220732901238557], [-87.26204019166683, 13.220833779907936], [-87.26215702784579, 13.220929632944488], [-87.26226904489533, 13.220987039559697], [-87.2622897928727, 13.22101307975537], [-87.26225023076442, 13.22105722018198], [-87.2620783798278, 13.221203259827861], [-87.26203733135733, 13.22123660513333], [-87.26190570967707, 13.221362167807358], [-87.26188532520976, 13.221383526048847], [-87.26183351264844, 13.221434001906568], [-87.26177826346371, 13.221498334276529], [-87.26171328128041, 13.221557102806608], [-87.26167952839468, 13.22158739564713], [-87.26165598323138, 13.221614139316808], [-87.26161709731915, 13.221645885865419], [-87.26157882347837, 13.221689943701255], [-87.26150910637807, 13.22176277901595], [-87.26147219725372, 13.221792818544298], [-87.26143901390971, 13.221839868547352], [-87.2614130394382, 13.22185501382206], [-87.26137741158085, 13.221894833722217], [-87.2613497710559, 13.22192139025165], [-87.26134702566452, 13.221936582938882], [-87.26130426776204, 13.221896921151817], [-87.26127396665625, 13.22187016091491], [-87.26132411869827, 13.221810727272619], [-87.26135805474186, 13.22177140059753], [-87.26130362814635, 13.221743227357623], [-87.26126038449016, 13.221729282816042], [-87.26117499362071, 13.22180832762547], [-87.26114385736523, 13.221799953877502], [-87.26111973011093, 13.22177364101047], [-87.2610826457862, 13.221714006697919], [-87.26104275747575, 13.221684465070629], [-87.26100857350545, 13.221645330460719], [-87.26095359214469, 13.22159550195803], [-87.26090083210839, 13.221560351051403], [-87.26085427462262, 13.221496796728808], [-87.26077804170977, 13.221432775088259], [-87.26070884883697, 13.221367548171468], [-87.2606500741481, 13.221295047366418], [-87.2606010500881, 13.221250834058278], [-87.26052508399218, 13.221150061566169], [-87.2604526778866, 13.22106663484341], [-87.26039211480376, 13.221017992635637], [-87.26038794527861, 13.220990729284082], [-87.2603595420671, 13.22096497945926], [-87.2602757795335, 13.220895325482228], [-87.26026614991049, 13.220885352280868], [-87.26026552135042, 13.22081113117391]]]]}}, {"type": "Feature", "properties": {"fid": 1266, "OBJECTID": null, "Name": "AYT077", "LOTE_ID": "AYT077", "FINCA": "AYOTAL", "DISTRITO": "D34", "VARIEDAD": null, "CICLO": null, "TCH 23-24": null, "ESTIMADO 2": null, "AREA CAÑA": null, "ESTATUS": null, "UBICACIÒN": null, "SEMAN COSE": null, "SEMANA COS": null, "FECHA COSE": null, "EDAD COSEC": null, "FECHA CO_1": null, "FECHA SIEM": null, "FECHA CORT": null, "EDAD HOY": null, "TIPO COSEC": null, "TIPO DE CO": null, "BLOQUE COS": null, "RANGO DIST": null, "TIPO DE SU": null, "TIPO DE RI": null, "DISTANCIAM": null, "RENOVACIÒ": null, "Area Calc": 3.019, "WKT_Poligono": "MultiPolygon (((-87.2610085 13.21980314, -87.26113374 13.21992677, -87.26111467 13.21995613, -87.26090534 13.22016992, -87.26079844 13.22024717, -87.26067657 13.22037401, -87.2606179 13.2204253, -87.26051738 13.22053967, -87.26040645 13.22064192, -87.26037632 13.22067858, -87.26035167 13.22069327, -87.26025526 13.22078571, -87.26021922 13.22081362, -87.26021428 13.22081682, -87.26020234 13.22080992, -87.26018105 13.22080478, -87.2600585 13.22070761, -87.259986 13.22062209, -87.25995827 13.22061214, -87.25989912 13.22056121, -87.2598811 13.22055206, -87.25987095 13.22053104, -87.25983141 13.22048733, -87.25981829 13.2204763, -87.25972205 13.22036424, -87.25964983 13.22029598, -87.25952348 13.22018822, -87.25950923 13.22016331, -87.25938913 13.22005004, -87.25929044 13.2199486, -87.25919091 13.21986587, -87.25915194 13.21981456, -87.25913448 13.21978959, -87.25909998 13.21975084, -87.25904514 13.21972218, -87.25902241 13.21969027, -87.25903803 13.21968135, -87.259044 13.2196669, -87.25904393 13.21965651, -87.25904163 13.21964842, -87.2590516 13.2196446, -87.25906951 13.21964824, -87.25908286 13.21964548, -87.25909472 13.21964166, -87.2590992 13.21963419, -87.25909708 13.21962788, -87.25909564 13.21961901, -87.25910399 13.21961224, -87.25911285 13.21961322, -87.25912367 13.21961471, -87.25912488 13.21961007, -87.25912863 13.2196034, -87.25914193 13.21960282, -87.25914848 13.21959771, -87.2591561 13.21958811, -87.25916356 13.2195811, -87.25916957 13.2195717, -87.2591693 13.21956099, -87.25917325 13.21955423, -87.25917343 13.21954421, -87.2591722 13.21953386, -87.25917746 13.21952871, -87.25918271 13.21952129, -87.25918046 13.21951487, -87.25918889 13.21950803, -87.25918156 13.21950218, -87.25917699 13.21949951, -87.25917163 13.21949105, -87.25916426 13.21949241, -87.25916266 13.21948314, -87.25916271 13.21948139, -87.25915783 13.2194766, -87.25915742 13.2194753, -87.25915125 13.21946968, -87.25915194 13.21946238, -87.25915223 13.21945347, -87.25915395 13.21944173, -87.25915436 13.21943242, -87.25916512 13.21942242, -87.25916454 13.21941043, -87.25916743 13.2194024, -87.25916664 13.21939548, -87.25916515 13.21938826, -87.25917163 13.21937829, -87.25918505 13.21931235, -87.25920641 13.2192345, -87.25924393 13.21915804, -87.25929309 13.21901784, -87.25929006 13.21897588, -87.25936041 13.21883945, -87.25946362 13.21879712, -87.25955955 13.21883488, -87.25962396 13.2188186, -87.25964493 13.21879243, -87.25961401 13.21873232, -87.25959707 13.21865723, -87.2595323 13.21860289, -87.25942982 13.21863037, -87.25934943 13.2186005, -87.25931034 13.21860282, -87.25928642 13.21861076, -87.25926512 13.21856118, -87.25926624 13.21853601, -87.25931983 13.2185079, -87.25925253 13.21837311, -87.25916218 13.21816234, -87.2591609 13.21813851, -87.2591942 13.21806221, -87.25932938 13.21819046, -87.25941719 13.21827412, -87.25942788 13.21829762, -87.25947997 13.21833535, -87.25958772 13.21842099, -87.25964386 13.21847898, -87.25960634 13.21853239, -87.25963299 13.218565, -87.25967897 13.21855934, -87.25970115 13.21861145, -87.25968755 13.21866622, -87.25979616 13.2186886, -87.25981694 13.21867302, -87.25983907 13.21868783, -87.2598222 13.21876872, -87.25988202 13.21883624, -87.25992651 13.21877356, -87.25998638 13.21882385, -87.26002156 13.21887322, -87.26010635 13.21893992, -87.26017591 13.21901169, -87.26012642 13.21907247, -87.26015477 13.21906686, -87.26022744 13.21907657, -87.26035291 13.21919796, -87.26037237 13.21920396, -87.26045212 13.21927037, -87.26045315 13.21928211, -87.26056801 13.21939487, -87.2606894 13.21949969, -87.26074807 13.21958175, -87.26081878 13.21964407, -87.26092763 13.2197233, -87.2610085 13.21980314)))", "Etapas Fenologicas 2026-2027_Edad Formulada Meses": "4", "Etapas Fenologicas 2026-2027_Etapa Actual": "Elongacion Inicial"}, "geometry": {"type": "MultiPolygon", "coordinates": [[[[-87.26100850131303, 13.219803140432816], [-87.26113373533684, 13.219926774463843], [-87.26111466684716, 13.219956134858494], [-87.2609053394148, 13.220169920503302], [-87.26079843563738, 13.220247166218874], [-87.26067656714294, 13.220374011586838], [-87.26061789990074, 13.22042529688211], [-87.26051737912539, 13.220539669683902], [-87.26040645159917, 13.220641916522728], [-87.26037632423214, 13.22067858245966], [-87.26035167395136, 13.2206932682403], [-87.26025525966024, 13.220785708508052], [-87.26021922080501, 13.220813618285149], [-87.26021428421755, 13.220816820354703], [-87.26020233659072, 13.220809916936778], [-87.26018105137595, 13.220804777824746], [-87.2600585032902, 13.2207076056167], [-87.25998600025382, 13.220622086347388], [-87.25995826642921, 13.220612142001018], [-87.25989912437844, 13.220561205946428], [-87.2598811010858, 13.22055205634665], [-87.25987095353862, 13.220531038793078], [-87.2598314127049, 13.220487330962078], [-87.25981828793296, 13.220476302931678], [-87.25972204959535, 13.220364239021327], [-87.25964983030646, 13.22029597870111], [-87.25952348164635, 13.220188217088488], [-87.25950923468703, 13.220163312873977], [-87.25938913026393, 13.220050040092582], [-87.25929043616645, 13.219948600939068], [-87.259190911145, 13.219865869678516], [-87.25915194235724, 13.219814561819629], [-87.25913448211904, 13.219789587836209], [-87.25909997543702, 13.219750837115768], [-87.25904513715963, 13.219722176334109], [-87.25902241022987, 13.219690267591039], [-87.25903803420687, 13.219681354627419], [-87.2590440016106, 13.21966689792644], [-87.2590439304501, 13.21965651318586], [-87.2590416329622, 13.219648415816808], [-87.25905159710082, 13.219644595265727], [-87.25906950779947, 13.21964824297777], [-87.25908286013947, 13.219645475541478], [-87.25909471705963, 13.219641659285328], [-87.25909919918064, 13.219634194754821], [-87.25909708228856, 13.219627883280282], [-87.25909564338698, 13.219619012325957], [-87.25910399283845, 13.219612239621567], [-87.25911284975591, 13.21961322281858], [-87.25912367151281, 13.219614712759778], [-87.25912487612152, 13.21961006874867], [-87.25912862746476, 13.21960339562452], [-87.25914192832391, 13.21960281681146], [-87.25914848235495, 13.219597706108296], [-87.25915609700127, 13.21958810792707], [-87.2591635643179, 13.21958109879911], [-87.25916956731878, 13.219571702157177], [-87.25916930112585, 13.219560988024869], [-87.25917325107757, 13.219554225486958], [-87.25917342913542, 13.219544210549708], [-87.25917220109058, 13.219533855846432], [-87.2591774579655, 13.21952870713318], [-87.25918270814611, 13.21952128678635], [-87.25918046145347, 13.21951487380206], [-87.2591888872317, 13.219508025718842], [-87.25918155731077, 13.219502183801508], [-87.2591769873351, 13.21949950506412], [-87.25917162536192, 13.219491054544932], [-87.25916426097552, 13.219492405575819], [-87.25916266173073, 13.219483140859396], [-87.2591627063054, 13.21948138768315], [-87.2591578327633, 13.219476598882817], [-87.25915741632275, 13.21947529565306], [-87.25915124808542, 13.219469683266901], [-87.25915193965349, 13.219462384951326], [-87.25915223211253, 13.219453465824309], [-87.25915394886475, 13.219441732159009], [-87.25915436297467, 13.21943242088478], [-87.25916512242512, 13.21942241680794], [-87.2591645426816, 13.21941043142141], [-87.2591674340199, 13.219402402719417], [-87.25916664037857, 13.21939547919487], [-87.25916514609837, 13.21938826287147], [-87.25917162813464, 13.219378289360549], [-87.25918505284436, 13.219312350859129], [-87.25920640869568, 13.219234495590959], [-87.25924393428573, 13.21915804049997], [-87.2592930893336, 13.21901784062871], [-87.25929005623094, 13.218975882599779], [-87.25936040643828, 13.218839453799138], [-87.25946361648256, 13.21879711973335], [-87.25955955296169, 13.218834878435768], [-87.259623955428, 13.218818604346518], [-87.2596449322403, 13.218792434029359], [-87.25961401187811, 13.21873231707706], [-87.25959706919504, 13.218657231464308], [-87.25953230269533, 13.218602889573212], [-87.25942982446365, 13.218630365436821], [-87.25934943150479, 13.218600499884158], [-87.25931034241293, 13.21860281614646], [-87.25928642396818, 13.218610756629161], [-87.25926512081648, 13.218561180312], [-87.2592662382817, 13.218536006926406], [-87.25931983231337, 13.21850790106392], [-87.25925252647238, 13.218373106094308], [-87.25916218454635, 13.21816233873907], [-87.25916090379445, 13.218138514041748], [-87.25919419707725, 13.218062208777631], [-87.25932938120401, 13.218190459777688], [-87.25941718556012, 13.21827412175893], [-87.25942788009526, 13.21829761719866], [-87.25947997227783, 13.218335351581926], [-87.2595877163536, 13.218420993799288], [-87.2596438618576, 13.218478975153952], [-87.25960633817324, 13.218532389522219], [-87.25963299178349, 13.21856500053278], [-87.25967897287191, 13.218559337979531], [-87.25970114730734, 13.218611454845826], [-87.25968754501145, 13.218666221554322], [-87.25979615667667, 13.218688604033012], [-87.25981693993405, 13.218673023354038], [-87.25983906845566, 13.218687827528722], [-87.25982220408713, 13.218768716849508], [-87.25988201548196, 13.218836244436867], [-87.25992650730417, 13.2187735625517], [-87.25998637524675, 13.218823847945988], [-87.26002156012025, 13.218873222815947], [-87.26010634689996, 13.218939916917902], [-87.26017590824645, 13.219011694949106], [-87.26012641913493, 13.219072466203318], [-87.26015476935083, 13.21906686019176], [-87.26022743933821, 13.219076573469072], [-87.26035291322347, 13.219197958710078], [-87.26037236695045, 13.21920396228502], [-87.26045212453373, 13.21927036714037], [-87.26045315169443, 13.219282112631646], [-87.26056800809992, 13.219394867571925], [-87.2606894024607, 13.21949968559057], [-87.26074807351756, 13.21958174579965], [-87.26081877635765, 13.219644072374498], [-87.26092763051673, 13.219723296610303], [-87.26100850131303, 13.219803140432816]]]]}}, {"type": "Feature", "properties": {"fid": 1267, "OBJECTID": null, "Name": "AYT078", "LOTE_ID": "AYT078", "FINCA": "AYOTAL", "DISTRITO": "D34", "VARIEDAD": null, "CICLO": null, "TCH 23-24": null, "ESTIMADO 2": null, "AREA CAÑA": null, "ESTATUS": null, "UBICACIÒN": null, "SEMAN COSE": null, "SEMANA COS": null, "FECHA COSE": null, "EDAD COSEC": null, "FECHA CO_1": null, "FECHA SIEM": null, "FECHA CORT": null, "EDAD HOY": null, "TIPO COSEC": null, "TIPO DE CO": null, "BLOQUE COS": null, "RANGO DIST": null, "TIPO DE SU": null, "TIPO DE RI": null, "DISTANCIAM": null, "RENOVACIÒ": null, "Area Calc": 3.748, "WKT_Poligono": "MultiPolygon (((-87.26059058 13.217358, -87.26061003 13.21738113, -87.26066104 13.21741122, -87.26067531 13.2174334, -87.26068789 13.21744595, -87.26071857 13.21747564, -87.2608018 13.21755414, -87.26088527 13.21762645, -87.26104508 13.2178425, -87.26113907 13.21797352, -87.26117521 13.21803426, -87.26127446 13.21813912, -87.26135423 13.21821525, -87.26139913 13.21826328, -87.26139919 13.21828037, -87.26144169 13.2183141, -87.26148341 13.21833768, -87.26151915 13.21836328, -87.26155594 13.21840898, -87.26165567 13.21848896, -87.26168655 13.21852415, -87.26172345 13.21855856, -87.26186372 13.21865789, -87.26194282 13.21876738, -87.26198743 13.21880791, -87.26203436 13.21887248, -87.26215109 13.21896857, -87.26223601 13.2190268, -87.26221409 13.21904269, -87.26218382 13.21907811, -87.26217437 13.21911371, -87.26215354 13.21912785, -87.2621303 13.21916915, -87.26211253 13.21918371, -87.26205041 13.21925484, -87.26199897 13.21929667, -87.26190584 13.21937123, -87.26185928 13.21940257, -87.26171636 13.21953554, -87.26170418 13.21955905, -87.26166054 13.21959517, -87.2615644 13.21966494, -87.26153645 13.21970474, -87.26150624 13.21973195, -87.26140665 13.21980879, -87.26137332 13.21982943, -87.26131008 13.21988226, -87.26120421 13.21980523, -87.26118345 13.21978254, -87.26115068 13.21976008, -87.26098203 13.21961797, -87.26096633 13.21959809, -87.26087968 13.2195025, -87.26087595 13.21949266, -87.26078826 13.21942164, -87.26065367 13.21931783, -87.26061914 13.21930351, -87.26060867 13.21927416, -87.26057282 13.21921269, -87.26051749 13.21916692, -87.26043978 13.21911077, -87.26036406 13.21904765, -87.26033704 13.21903453, -87.26028008 13.21896752, -87.26026532 13.2189535, -87.26021537 13.21889376, -87.26009874 13.21880975, -87.26002879 13.21874836, -87.25998844 13.21869639, -87.25995011 13.21865587, -87.25984735 13.21854137, -87.25980473 13.21851784, -87.25971993 13.21844894, -87.25971855 13.21841217, -87.2596587 13.21837669, -87.25964124 13.218343, -87.25964002 13.21833116, -87.25957235 13.218252, -87.25969484 13.21815003, -87.25976605 13.21808024, -87.25979728 13.21806775, -87.25999239 13.2178962, -87.26014381 13.2177434, -87.26017403 13.21770859, -87.26042357 13.21746801, -87.26059058 13.217358)))", "Etapas Fenologicas 2026-2027_Edad Formulada Meses": "4", "Etapas Fenologicas 2026-2027_Etapa Actual": "Elongacion Inicial"}, "geometry": {"type": "MultiPolygon", "coordinates": [[[[-87.26059057726168, 13.217357999191908], [-87.26061002569436, 13.21738112569711], [-87.26066103988377, 13.217411222423276], [-87.26067530608496, 13.217433401277708], [-87.26068789277667, 13.217445949025818], [-87.26071857008854, 13.21747564216794], [-87.26080179887396, 13.21755414464595], [-87.26088526694015, 13.21762645002501], [-87.26104508315133, 13.217842499669867], [-87.2611390703886, 13.217973515772309], [-87.26117520799941, 13.21803426154483], [-87.26127446406903, 13.218139119725107], [-87.2613542271075, 13.218215248459448], [-87.26139912772459, 13.218263278169069], [-87.2613991941253, 13.21828036908118], [-87.2614416940105, 13.218314097925239], [-87.26148340965811, 13.21833767956428], [-87.26151914683382, 13.218363284917523], [-87.26155593836603, 13.218408978914441], [-87.26165566966495, 13.21848895942826], [-87.26168655076656, 13.218524152080768], [-87.26172345159165, 13.218558557999236], [-87.2618637241285, 13.2186578895388], [-87.26194282374925, 13.21876738386412], [-87.26198743378231, 13.218807908957107], [-87.26203436245011, 13.218872478434967], [-87.262151092281, 13.21896857399514], [-87.26223600779046, 13.21902679528181], [-87.26221409289295, 13.219042690691563], [-87.2621838194824, 13.219078105295997], [-87.26217437056388, 13.21911371175265], [-87.26215354045323, 13.219127853234788], [-87.2621303038072, 13.219169148335402], [-87.26211252972942, 13.219183706963127], [-87.26205041447209, 13.219254840352288], [-87.26199897036223, 13.219296674502749], [-87.26190583644662, 13.219371230221176], [-87.26185927814028, 13.219402565110807], [-87.26171635581063, 13.219535543363506], [-87.26170418057404, 13.219559045904898], [-87.26166054216026, 13.2195951696015], [-87.26156440310709, 13.219664942649006], [-87.2615364522068, 13.219704735106932], [-87.26150624260598, 13.219731953859888], [-87.26140665304132, 13.21980878734094], [-87.26137331990121, 13.219829429959821], [-87.26131008012962, 13.219882258021771], [-87.26120421238406, 13.219805226129939], [-87.26118344503436, 13.219782535886273], [-87.26115067644668, 13.219760075029917], [-87.2609820340188, 13.219617967478127], [-87.26096633397908, 13.219598086754802], [-87.26087967635398, 13.219502498062482], [-87.26087595350941, 13.21949265749581], [-87.26078825748569, 13.2194216394715], [-87.26065367079178, 13.21931782973798], [-87.26061913848027, 13.21930350695014], [-87.26060866709344, 13.2192741597361], [-87.2605728172117, 13.219212687488309], [-87.26051749421272, 13.219166917944468], [-87.26043978334364, 13.219110769233499], [-87.26036406281209, 13.219047649163498], [-87.26033703948988, 13.219034531535138], [-87.26028007620421, 13.21896751567957], [-87.26026532293956, 13.218953500541168], [-87.26021536876955, 13.218893756226038], [-87.2600987438048, 13.21880975423465], [-87.26002879383563, 13.218748360348869], [-87.25998844269047, 13.218696391078032], [-87.25995011325683, 13.21865586505507], [-87.25984735012453, 13.21854136666417], [-87.25980472915725, 13.2185178445357], [-87.25971992727372, 13.21844894375434], [-87.2597185512737, 13.21841217378569], [-87.25965870463072, 13.21837669257534], [-87.2596412435231, 13.21834299525348], [-87.25964001889557, 13.218331161320892], [-87.25957234502793, 13.218251999469228], [-87.25969484064674, 13.21815003267828], [-87.2597660523136, 13.2180802360485], [-87.25979728402626, 13.218067749023788], [-87.25999239150083, 13.21789620493228], [-87.26014381158039, 13.217743397101136], [-87.26017402913375, 13.21770859365906], [-87.26042357193892, 13.217468005669742], [-87.26059057726168, 13.217357999191908]]]]}}, {"type": "Feature", "properties": {"fid": 1268, "OBJECTID": null, "Name": "AYT079", "LOTE_ID": "AYT079", "FINCA": "AYOTAL", "DISTRITO": "D34", "VARIEDAD": null, "CICLO": null, "TCH 23-24": null, "ESTIMADO 2": null, "AREA CAÑA": null, "ESTATUS": null, "UBICACIÒN": null, "SEMAN COSE": null, "SEMANA COS": null, "FECHA COSE": null, "EDAD COSEC": null, "FECHA CO_1": null, "FECHA SIEM": null, "FECHA CORT": null, "EDAD HOY": null, "TIPO COSEC": null, "TIPO DE CO": null, "BLOQUE COS": null, "RANGO DIST": null, "TIPO DE SU": null, "TIPO DE RI": null, "DISTANCIAM": null, "RENOVACIÒ": null, "Area Calc": 2.713, "WKT_Poligono": "MultiPolygon (((-87.26231463 13.21894226, -87.2622783 13.21890858, -87.26223434 13.21883921, -87.26218449 13.21879564, -87.26217115 13.21876428, -87.2620928 13.21868387, -87.2620171 13.21860937, -87.26192413 13.21852244, -87.26183217 13.21843678, -87.26179991 13.21842049, -87.26175067 13.21835815, -87.26162064 13.21823227, -87.26150853 13.218105, -87.2614379 13.21803845, -87.2613196 13.2179223, -87.26122636 13.21783055, -87.26119533 13.21780305, -87.26109777 13.21770559, -87.26107477 13.21767846, -87.26102176 13.2176332, -87.26099283 13.21759929, -87.26096175 13.2175723, -87.26085784 13.21747973, -87.26084347 13.21746334, -87.26073599 13.21735761, -87.26070033 13.21728726, -87.26081441 13.21719109, -87.26085508 13.21715835, -87.26092324 13.21710027, -87.2610404 13.21698489, -87.26109999 13.21690567, -87.26112057 13.21689256, -87.26119993 13.2168036, -87.2612921 13.21672861, -87.2613859 13.21666311, -87.26141885 13.21667455, -87.26150689 13.21673996, -87.26157644 13.21679366, -87.26167934 13.2169272, -87.26177273 13.21701837, -87.26178723 13.2170372, -87.26183802 13.21709358, -87.26186144 13.21710357, -87.26190058 13.21714009, -87.26200287 13.21723024, -87.26201931 13.21724634, -87.2620537 13.21727344, -87.26217644 13.21737212, -87.26218825 13.21739125, -87.26224789 13.21745393, -87.26231517 13.21752759, -87.26231893 13.21754507, -87.26236159 13.21757866, -87.26244007 13.21766316, -87.26247689 13.21769541, -87.26248313 13.2177131, -87.26257635 13.21779881, -87.26264065 13.21784272, -87.2626639 13.21787433, -87.26274282 13.21793967, -87.26282804 13.21801924, -87.26284004 13.21803924, -87.26296517 13.21816521, -87.26299927 13.21820335, -87.26301637 13.21820164, -87.26300556 13.21828361, -87.26294501 13.21833392, -87.2628776 13.21840128, -87.26282734 13.21845798, -87.26279722 13.21849097, -87.26276096 13.21852862, -87.26268558 13.21860195, -87.26258821 13.2186955, -87.26250862 13.218762, -87.26243519 13.21884566, -87.26239687 13.2188872, -87.26238197 13.21890607, -87.26231463 13.21894226)))", "Etapas Fenologicas 2026-2027_Edad Formulada Meses": "5", "Etapas Fenologicas 2026-2027_Etapa Actual": "Elongacion Inicial"}, "geometry": {"type": "MultiPolygon", "coordinates": [[[[-87.26231462810122, 13.218942256987788], [-87.26227829947257, 13.218908581282518], [-87.2622343427359, 13.21883920962723], [-87.2621844900269, 13.21879563827661], [-87.26217114594456, 13.21876428367281], [-87.26209279542888, 13.218683869628276], [-87.26201710128859, 13.218609372743408], [-87.26192413146222, 13.218522442622508], [-87.26183217445934, 13.21843677755679], [-87.2617999097063, 13.218420493456302], [-87.26175066527108, 13.218358145747873], [-87.26162064234366, 13.21823226554211], [-87.26150853162085, 13.21810500146162], [-87.26143789656473, 13.218038451066388], [-87.26131959842576, 13.21792230061731], [-87.2612263633716, 13.217830546332479], [-87.261195329869, 13.217803046341297], [-87.26109777015884, 13.21770559204764], [-87.26107476948657, 13.21767846069257], [-87.26102176390334, 13.217633201512358], [-87.26099282659872, 13.21759929280284], [-87.26096174594115, 13.217572299919041], [-87.26085783966143, 13.21747972731331], [-87.26084346601198, 13.21746334162911], [-87.26073599063156, 13.2173576127034], [-87.26070032988285, 13.21728726323848], [-87.2608144076895, 13.217191092393636], [-87.26085508208011, 13.217158345237891], [-87.26092324235123, 13.21710026512231], [-87.26104040028567, 13.21698489413449], [-87.26109999465532, 13.21690567451847], [-87.26112056559171, 13.216892557800666], [-87.26119993275135, 13.21680359702305], [-87.26129210346004, 13.216728610242052], [-87.26138590165174, 13.21666310539359], [-87.26141884711255, 13.216674546438012], [-87.26150688613119, 13.21673996031643], [-87.26157643799424, 13.21679365843662], [-87.26167934471583, 13.21692720262527], [-87.26177272715798, 13.21701836908768], [-87.26178723277154, 13.217037204470529], [-87.26183802387452, 13.217093584151808], [-87.2618614395936, 13.21710356515304], [-87.26190058247215, 13.21714008818497], [-87.26200287292774, 13.217230237179603], [-87.26201930777448, 13.21724634252154], [-87.26205369744837, 13.217273439299667], [-87.26217644159289, 13.217372123906374], [-87.26218824960904, 13.21739124889477], [-87.26224789299955, 13.21745392834788], [-87.26231517373267, 13.217527589855544], [-87.26231893140961, 13.217545072545981], [-87.26236158667092, 13.217578658576164], [-87.26244007397085, 13.217663163788988], [-87.26247688737385, 13.217695409646339], [-87.26248312759911, 13.217713102963929], [-87.26257634561327, 13.217798810721638], [-87.26264065180065, 13.217842718191308], [-87.26266390039818, 13.21787433347402], [-87.26274282376042, 13.217939671914507], [-87.26282803870323, 13.21801923951447], [-87.26284003545153, 13.218039239527442], [-87.26296516697718, 13.218165206514547], [-87.26299926999314, 13.21820335160115], [-87.263016368561, 13.218201637032868], [-87.26300555598469, 13.218283605081098], [-87.26294500780581, 13.21833392210667], [-87.26287760472141, 13.218401282723368], [-87.26282734074935, 13.218457979954621], [-87.26279722424871, 13.2184909660292], [-87.26276096325152, 13.218528619998532], [-87.26268558371144, 13.21860195475882], [-87.2625882084432, 13.218695498928962], [-87.26250861656351, 13.218761995892427], [-87.26243519239175, 13.21884565634887], [-87.2623968708235, 13.218887200355079], [-87.2623819723833, 13.21890607216358], [-87.26231462810122, 13.218942256987788]]]]}}, {"type": "Feature", "properties": {"fid": 1269, "OBJECTID": null, "Name": "AYT080", "LOTE_ID": "AYT080", "FINCA": "AYOTAL", "DISTRITO": "D34", "VARIEDAD": null, "CICLO": null, "TCH 23-24": null, "ESTIMADO 2": null, "AREA CAÑA": null, "ESTATUS": null, "UBICACIÒN": null, "SEMAN COSE": null, "SEMANA COS": null, "FECHA COSE": null, "EDAD COSEC": null, "FECHA CO_1": null, "FECHA SIEM": null, "FECHA CORT": null, "EDAD HOY": null, "TIPO COSEC": null, "TIPO DE CO": null, "BLOQUE COS": null, "RANGO DIST": null, "TIPO DE SU": null, "TIPO DE RI": null, "DISTANCIAM": null, "RENOVACIÒ": null, "Area Calc": 2.856, "WKT_Poligono": "MultiPolygon (((-87.26300031 13.21815096, -87.26198674 13.2171883, -87.26259561 13.21590342, -87.26254944 13.21587392, -87.26297793 13.2159567, -87.26369617 13.21616798, -87.26386439 13.21621277, -87.26325347 13.21768922, -87.26300031 13.21815096)))", "Etapas Fenologicas 2026-2027_Edad Formulada Meses": "5", "Etapas Fenologicas 2026-2027_Etapa Actual": "Elongacion Inicial"}, "geometry": {"type": "MultiPolygon", "coordinates": [[[[-87.26300030571188, 13.218150960765938], [-87.26198673857463, 13.217188299200211], [-87.26259561460567, 13.215903418786688], [-87.2625494404921, 13.215873924561128], [-87.26297792719586, 13.215956696328409], [-87.26369617466405, 13.216167978853276], [-87.26386439283893, 13.216212768557918], [-87.26325346675553, 13.21768921726633], [-87.26300030571188, 13.218150960765938]]]]}}, {"type": "Feature", "properties": {"fid": 1270, "OBJECTID": null, "Name": "AYT081", "LOTE_ID": "AYT081", "FINCA": "AYOTAL", "DISTRITO": "D34", "VARIEDAD": null, "CICLO": null, "TCH 23-24": null, "ESTIMADO 2": null, "AREA CAÑA": null, "ESTATUS": null, "UBICACIÒN": null, "SEMAN COSE": null, "SEMANA COS": null, "FECHA COSE": null, "EDAD COSEC": null, "FECHA CO_1": null, "FECHA SIEM": null, "FECHA CORT": null, "EDAD HOY": null, "TIPO COSEC": null, "TIPO DE CO": null, "BLOQUE COS": null, "RANGO DIST": null, "TIPO DE SU": null, "TIPO DE RI": null, "DISTANCIAM": null, "RENOVACIÒ": null, "Area Calc": 1.802, "WKT_Poligono": "MultiPolygon (((-87.26259483 13.21588872, -87.26198376 13.21718833, -87.26145849 13.21666482, -87.26113983 13.21636556, -87.26066831 13.21594384, -87.26045436 13.21571911, -87.26054552 13.21569394, -87.26095346 13.21572979, -87.26163924 13.21577047, -87.26201036 13.21580121, -87.26259483 13.21588872)))", "Etapas Fenologicas 2026-2027_Edad Formulada Meses": "5", "Etapas Fenologicas 2026-2027_Etapa Actual": "Elongacion Inicial"}, "geometry": {"type": "MultiPolygon", "coordinates": [[[[-87.26259483394921, 13.215888722253792], [-87.26198375894607, 13.21718832636132], [-87.26145848999056, 13.216664822554828], [-87.26113983162617, 13.21636555777809], [-87.26066831065012, 13.2159438444302], [-87.26045436408107, 13.215719111457162], [-87.26054552236863, 13.215693944134001], [-87.26095345880235, 13.215729785196931], [-87.26163924453842, 13.21577046806967], [-87.26201036489365, 13.215801206208347], [-87.26259483394921, 13.215888722253792]]]]}}, {"type": "Feature", "properties": {"fid": 1271, "OBJECTID": null, "Name": "AYT082", "LOTE_ID": "AYT082", "FINCA": "AYOTAL", "DISTRITO": "D34", "VARIEDAD": null, "CICLO": null, "TCH 23-24": null, "ESTIMADO 2": null, "AREA CAÑA": null, "ESTATUS": null, "UBICACIÒN": null, "SEMAN COSE": null, "SEMANA COS": null, "FECHA COSE": null, "EDAD COSEC": null, "FECHA CO_1": null, "FECHA SIEM": null, "FECHA CORT": null, "EDAD HOY": null, "TIPO COSEC": null, "TIPO DE CO": null, "BLOQUE COS": null, "RANGO DIST": null, "TIPO DE SU": null, "TIPO DE RI": null, "DISTANCIAM": null, "RENOVACIÒ": null, "Area Calc": 1.725, "WKT_Poligono": "MultiPolygon (((-87.26124772 13.216667, -87.26127192 13.21669166, -87.26124768 13.21672056, -87.26124676 13.2167211, -87.26122494 13.21673758, -87.26111249 13.21685181, -87.26104794 13.21690752, -87.26092707 13.21702553, -87.26080522 13.21713438, -87.26073475 13.21721163, -87.26068265 13.21725547, -87.26066499 13.21727942, -87.26055565 13.21736742, -87.26050996 13.21735514, -87.26043348 13.21728415, -87.26041796 13.21726598, -87.2603534 13.21721806, -87.26030359 13.21718107, -87.26027719 13.2171667, -87.26016465 13.2170288, -87.26005005 13.21691738, -87.26001586 13.21689042, -87.25993561 13.2168161, -87.25991445 13.2167984, -87.25982294 13.21671707, -87.25978225 13.21667427, -87.25974974 13.21662182, -87.25976348 13.21654601, -87.2597387 13.21653489, -87.25966859 13.21652, -87.2596396 13.21648501, -87.25967138 13.21643552, -87.25971824 13.21635223, -87.25976608 13.21625414, -87.2599012 13.21609897, -87.25991165 13.21608534, -87.25992322 13.21595288, -87.25990518 13.21586134, -87.25989997 13.21581656, -87.25996182 13.21570947, -87.26009499 13.21573182, -87.26019794 13.2157414, -87.26026089 13.21574928, -87.2603751 13.21580825, -87.26048552 13.21592874, -87.2605342 13.215971, -87.26059558 13.2160351, -87.260621 13.21605498, -87.26067923 13.21611818, -87.26072744 13.21615826, -87.26079939 13.2162349, -87.26086683 13.21629829, -87.26092908 13.21636735, -87.26105071 13.21648294, -87.26115618 13.21658138, -87.26117706 13.21659897, -87.26119142 13.21661313, -87.26124772 13.216667)))", "Etapas Fenologicas 2026-2027_Edad Formulada Meses": "4", "Etapas Fenologicas 2026-2027_Etapa Actual": "Elongacion Inicial"}, "geometry": {"type": "MultiPolygon", "coordinates": [[[[-87.26124771965472, 13.21666700460419], [-87.2612719163103, 13.21669166402684], [-87.26124768355464, 13.21672055798946], [-87.26124676117243, 13.216721104000918], [-87.2612249398545, 13.216737582369202], [-87.26111248815364, 13.216851809567238], [-87.26104794152623, 13.21690751504988], [-87.2609270684655, 13.217025526662978], [-87.26080521804836, 13.21713438257329], [-87.2607347533856, 13.217211632007846], [-87.26068265438036, 13.21725546716749], [-87.26066498893636, 13.21727942101416], [-87.26055565270966, 13.21736741804233], [-87.26050996243026, 13.217355135886626], [-87.26043348446586, 13.21728414860988], [-87.26041796251495, 13.217265978901466], [-87.26035339982724, 13.217218056254232], [-87.26030358963611, 13.217181067730609], [-87.26027719470777, 13.217166704345328], [-87.26016464836096, 13.217028795611318], [-87.26005004613319, 13.21691737964209], [-87.26001585551741, 13.216890416258662], [-87.25993560859337, 13.216816101167177], [-87.25991445216427, 13.21679840072845], [-87.25982294438867, 13.216717074627201], [-87.25978224823271, 13.21667426777446], [-87.25974974199225, 13.21662182424544], [-87.2597634806502, 13.216546007241233], [-87.25973870158933, 13.21653488785469], [-87.25966858776407, 13.21651999672013], [-87.25963959900184, 13.21648500792773], [-87.25967138363677, 13.216435516540677], [-87.25971823579518, 13.216352230301089], [-87.25976607712519, 13.216254138480181], [-87.25990120400836, 13.216098974998008], [-87.25991164689992, 13.216085340599928], [-87.25992321702743, 13.215952878199108], [-87.25990518065993, 13.215861342449159], [-87.25989997204715, 13.21581655974841], [-87.25996182468741, 13.215709467065242], [-87.26009499276675, 13.215731819433616], [-87.26019793614125, 13.215741396632469], [-87.26026088948822, 13.21574928334944], [-87.26037510418526, 13.21580824789408], [-87.26048551807416, 13.21592873864741], [-87.26053420057002, 13.21597099521302], [-87.26059558059409, 13.21603509617244], [-87.26062100057123, 13.216054978137706], [-87.2606792276128, 13.216118184708668], [-87.26072743842721, 13.216158255303549], [-87.26079938622927, 13.21623490403723], [-87.26086682521456, 13.21629829262086], [-87.26092907779197, 13.21636734762816], [-87.26105070665645, 13.216482940015636], [-87.26115617562654, 13.21658137882964], [-87.26117705646865, 13.21659896787697], [-87.26119141592858, 13.216613129668259], [-87.26124771965472, 13.21666700460419]]]]}}, {"type": "Feature", "properties": {"fid": 1272, "OBJECTID": null, "Name": "AYT083", "LOTE_ID": "AYT083", "FINCA": "AYOTAL", "DISTRITO": "D34", "VARIEDAD": null, "CICLO": null, "TCH 23-24": null, "ESTIMADO 2": null, "AREA CAÑA": null, "ESTATUS": null, "UBICACIÒN": null, "SEMAN COSE": null, "SEMANA COS": null, "FECHA COSE": null, "EDAD COSEC": null, "FECHA CO_1": null, "FECHA SIEM": null, "FECHA CORT": null, "EDAD HOY": null, "TIPO COSEC": null, "TIPO DE CO": null, "BLOQUE COS": null, "RANGO DIST": null, "TIPO DE SU": null, "TIPO DE RI": null, "DISTANCIAM": null, "RENOVACIÒ": null, "Area Calc": 1.485, "WKT_Poligono": "MultiPolygon (((-87.26045746 13.21737713, -87.26041545 13.21741706, -87.26037482 13.21745878, -87.26032303 13.21750772, -87.26028117 13.21755159, -87.26021994 13.21760856, -87.26011988 13.21769903, -87.2599986 13.21783205, -87.25983544 13.21798411, -87.25980037 13.2180289, -87.25974812 13.21807582, -87.25968854 13.21813458, -87.25961308 13.21820915, -87.2595791 13.21823483, -87.25948735 13.21822384, -87.25941605 13.21816827, -87.25934817 13.21811487, -87.25927627 13.21804058, -87.25919769 13.21794764, -87.259165 13.21789518, -87.25916799 13.21787499, -87.2591819 13.21779911, -87.25919706 13.21777727, -87.2592061 13.21775257, -87.25922114 13.21767082, -87.25922814 13.2175915, -87.25923376 13.2175588, -87.25923062 13.21751489, -87.25923238 13.21740553, -87.25925225 13.21737738, -87.25924216 13.21732064, -87.25925488 13.21723793, -87.25924023 13.21711007, -87.25926027 13.21705682, -87.25929849 13.21698116, -87.25933691 13.21690503, -87.25939114 13.21679945, -87.25947125 13.21665971, -87.25949102 13.2166403, -87.25950818 13.21661558, -87.25954381 13.21654637, -87.25957797 13.21651491, -87.26025823 13.21718427, -87.26047046 13.21735599, -87.26045746 13.21737713)))", "Etapas Fenologicas 2026-2027_Edad Formulada Meses": "4", "Etapas Fenologicas 2026-2027_Etapa Actual": "Elongacion Inicial"}, "geometry": {"type": "MultiPolygon", "coordinates": [[[[-87.26045745587547, 13.217377131810398], [-87.26041544737343, 13.21741706097643], [-87.26037481550243, 13.217458778636196], [-87.26032303361235, 13.21750772074821], [-87.26028117092888, 13.217551586106248], [-87.26021994006005, 13.217608563314082], [-87.26011987544571, 13.217699028709958], [-87.25999859823199, 13.21783205388231], [-87.25983543705767, 13.21798411251553], [-87.25980037053792, 13.21802889805467], [-87.25974811535335, 13.218075817919878], [-87.25968853566255, 13.218134578558116], [-87.25961307526609, 13.21820914558589], [-87.25957910009839, 13.218234829326999], [-87.25948735262493, 13.218223844572451], [-87.25941605370696, 13.21816826984849], [-87.25934816625909, 13.218114872623048], [-87.25927627360636, 13.21804057505231], [-87.25919768718853, 13.21794763560138], [-87.2591649990648, 13.217895181256567], [-87.25916798690048, 13.217874985696481], [-87.25918190306268, 13.21779911312055], [-87.25919706127061, 13.217777268170801], [-87.25920610211207, 13.217752568011809], [-87.25922113882909, 13.217670823671058], [-87.25922814083223, 13.217591502988794], [-87.25923375878442, 13.2175587982614], [-87.25923061871006, 13.217514893488868], [-87.25923238056967, 13.2174055343215], [-87.25925224989176, 13.217377381058037], [-87.25924215966761, 13.217320639816691], [-87.25925487604492, 13.217237932114926], [-87.25924023220196, 13.21711007064529], [-87.25926027018558, 13.217056817811937], [-87.25929849326387, 13.216981164192678], [-87.25933691331275, 13.21690503276556], [-87.25939113782435, 13.216799449216989], [-87.25947125148816, 13.216659710296089], [-87.25949102292924, 13.216640295305702], [-87.25950817634047, 13.216615584446439], [-87.25954380605401, 13.216546372985029], [-87.25957796533045, 13.216514914094965], [-87.26025823293064, 13.21718427445588], [-87.26047045839911, 13.21735598552986], [-87.26045745587547, 13.217377131810398]]]]}}, {"type": "Feature", "properties": {"fid": 1273, "OBJECTID": null, "Name": "AYT037", "LOTE_ID": "AYT037", "FINCA": "AYOTAL", "DISTRITO": "D34", "VARIEDAD": null, "CICLO": null, "TCH 23-24": null, "ESTIMADO 2": null, "AREA CAÑA": null, "ESTATUS": null, "UBICACIÒN": null, "SEMAN COSE": null, "SEMANA COS": null, "FECHA COSE": null, "EDAD COSEC": null, "FECHA CO_1": null, "FECHA SIEM": null, "FECHA CORT": null, "EDAD HOY": null, "TIPO COSEC": null, "TIPO DE CO": null, "BLOQUE COS": null, "RANGO DIST": null, "TIPO DE SU": null, "TIPO DE RI": null, "DISTANCIAM": null, "RENOVACIÒ": null, "Area Calc": 0.994, "WKT_Poligono": "MultiPolygon (((-87.26888162 13.21763432, -87.26926844 13.21760249, -87.26927298 13.21760426, -87.269536 13.21779497, -87.26955937 13.21795315, -87.2694543 13.21806884, -87.26941351 13.21814912, -87.26937659 13.21824785, -87.26932251 13.21824628, -87.26928339 13.21845518, -87.26923492 13.21850675, -87.26918146 13.21856545, -87.26911042 13.21869676, -87.26905321 13.21880061, -87.26903526 13.21899053, -87.26898402 13.21899936, -87.2687514 13.21877576, -87.26850393 13.21852382, -87.26847949 13.21851142, -87.26888162 13.21763432)))", "Etapas Fenologicas 2026-2027_Edad Formulada Meses": "5", "Etapas Fenologicas 2026-2027_Etapa Actual": "Elongacion Inicial"}, "geometry": {"type": "MultiPolygon", "coordinates": [[[[-87.2688816185769, 13.217634320936648], [-87.26926843700213, 13.21760249498056], [-87.26927297734379, 13.21760426267246], [-87.26953600190994, 13.217794968430862], [-87.26955936722133, 13.21795315289056], [-87.26945430178019, 13.218068839480418], [-87.26941351440621, 13.218149124768608], [-87.26937659214447, 13.218247848920068], [-87.26932251055669, 13.218246279233107], [-87.26928338870428, 13.218455184699758], [-87.26923492411825, 13.218506753159001], [-87.26918146074819, 13.218565449517408], [-87.26911042277955, 13.218696763157409], [-87.26905320942784, 13.21880060929457], [-87.26903526276159, 13.21899053234612], [-87.2689840181965, 13.218999361575639], [-87.26875139663078, 13.218775758844226], [-87.26850392988071, 13.218523821852612], [-87.26847948997793, 13.218511424710169], [-87.2688816185769, 13.217634320936648]]]]}}, {"type": "Feature", "properties": {"fid": 1274, "OBJECTID": null, "Name": "AYT037", "LOTE_ID": "AYT037", "FINCA": "AYOTAL", "DISTRITO": "D34", "VARIEDAD": null, "CICLO": null, "TCH 23-24": null, "ESTIMADO 2": null, "AREA CAÑA": null, "ESTATUS": null, "UBICACIÒN": null, "SEMAN COSE": null, "SEMANA COS": null, "FECHA COSE": null, "EDAD COSEC": null, "FECHA CO_1": null, "FECHA SIEM": null, "FECHA CORT": null, "EDAD HOY": null, "TIPO COSEC": null, "TIPO DE CO": null, "BLOQUE COS": null, "RANGO DIST": null, "TIPO DE SU": null, "TIPO DE RI": null, "DISTANCIAM": null, "RENOVACIÒ": null, "Area Calc": 1.595, "WKT_Poligono": "MultiPolygon (((-87.2697672 13.21804558, -87.26986867 13.21817125, -87.26994066 13.2182078, -87.27009004 13.21827378, -87.27029489 13.21825612, -87.27047119 13.21824828, -87.2705291 13.21827487, -87.27016513 13.21904278, -87.26980422 13.2198125, -87.26968492 13.21968924, -87.26952606 13.21953989, -87.26912965 13.2191414, -87.26905303 13.21906514, -87.26908145 13.21905423, -87.26915845 13.21892484, -87.26922421 13.21873536, -87.26921965 13.21871654, -87.26929733 13.21856554, -87.26940443 13.21844429, -87.26941282 13.21842972, -87.26947654 13.21837253, -87.26950784 13.2182839, -87.26957741 13.21822251, -87.26960199 13.21810215, -87.26961179 13.21806137, -87.26962198 13.21805166, -87.26962303 13.21804985, -87.26967528 13.21805902, -87.26972481 13.21805766, -87.2697672 13.21804558)))", "Etapas Fenologicas 2026-2027_Edad Formulada Meses": "5", "Etapas Fenologicas 2026-2027_Etapa Actual": "Elongacion Inicial"}, "geometry": {"type": "MultiPolygon", "coordinates": [[[[-87.26976719900595, 13.218045580164448], [-87.2698686659497, 13.218171253013502], [-87.26994065876394, 13.218207802337108], [-87.27009003656588, 13.21827377517073], [-87.27029489349812, 13.218256116910927], [-87.27047119016474, 13.218248276183381], [-87.27052909856204, 13.218274865377156], [-87.27016512998301, 13.21904277679788], [-87.26980422444484, 13.219812503680862], [-87.26968492063169, 13.219689236754117], [-87.26952605856833, 13.219539893083677], [-87.26912965119062, 13.219141399018929], [-87.26905302796347, 13.2190651378391], [-87.26908145273042, 13.21905423205445], [-87.26915845056057, 13.21892484250958], [-87.26922420851464, 13.218735357636948], [-87.26921964884856, 13.21871653868581], [-87.26929733107836, 13.2185655400451], [-87.26940443416986, 13.21844428886078], [-87.26941282206427, 13.218429724216529], [-87.26947653914173, 13.21837252716199], [-87.26950784468977, 13.218283896565227], [-87.26957740691854, 13.218222510923152], [-87.26960198608238, 13.21810215418838], [-87.26961179465546, 13.218061365380718], [-87.26962197771458, 13.218051659561027], [-87.26962302627972, 13.218049849871882], [-87.26967528055445, 13.218059022155522], [-87.26972481202813, 13.21805765624033], [-87.26976719900595, 13.218045580164448]]]]}}, {"type": "Feature", "properties": {"fid": 1275, "OBJECTID": null, "Name": "AYT039", "LOTE_ID": "AYT039", "FINCA": "AYOTAL", "DISTRITO": "D34", "VARIEDAD": null, "CICLO": null, "TCH 23-24": null, "ESTIMADO 2": null, "AREA CAÑA": null, "ESTATUS": null, "UBICACIÒN": null, "SEMAN COSE": null, "SEMANA COS": null, "FECHA COSE": null, "EDAD COSEC": null, "FECHA CO_1": null, "FECHA SIEM": null, "FECHA CORT": null, "EDAD HOY": null, "TIPO COSEC": null, "TIPO DE CO": null, "BLOQUE COS": null, "RANGO DIST": null, "TIPO DE SU": null, "TIPO DE RI": null, "DISTANCIAM": null, "RENOVACIÒ": null, "Area Calc": 2.999, "WKT_Poligono": "MultiPolygon (((-87.26900962 13.21908556, -87.26980355 13.21988098, -87.26955595 13.22040864, -87.26899398 13.22161792, -87.26861769 13.22125547, -87.26861798 13.22125131, -87.26848855 13.22111859, -87.26795712 13.22060074, -87.26805361 13.22048257, -87.26810948 13.22035348, -87.26810019 13.22029774, -87.2680509 13.22023605, -87.26804659 13.22015226, -87.26807299 13.22007202, -87.26807153 13.22003103, -87.26808318 13.21999933, -87.26817724 13.21996457, -87.26828995 13.21991042, -87.26826496 13.21979771, -87.26827703 13.21976628, -87.26832004 13.2197442, -87.26839957 13.21969573, -87.26850225 13.2195954, -87.26864709 13.21953192, -87.2687561 13.21947152, -87.26882845 13.21932484, -87.26881407 13.21926755, -87.26883823 13.21921048, -87.26891535 13.21909842, -87.26900962 13.21908556)))", "Etapas Fenologicas 2026-2027_Edad Formulada Meses": "5", "Etapas Fenologicas 2026-2027_Etapa Actual": "Elongacion Inicial"}, "geometry": {"type": "MultiPolygon", "coordinates": [[[[-87.26900962177793, 13.219085557915447], [-87.26980354576254, 13.2198809804458], [-87.26955595049907, 13.220408641449346], [-87.26899397627284, 13.22161791766924], [-87.2686176910717, 13.221255472262648], [-87.26861798354443, 13.221251313518074], [-87.26848854939657, 13.22111859222705], [-87.2679571208593, 13.22060074037975], [-87.2680536092552, 13.220482566919767], [-87.2681094849421, 13.220353482161718], [-87.2681001881713, 13.220297737378061], [-87.26805089761687, 13.220236052236817], [-87.26804658989617, 13.22015225926767], [-87.26807298723132, 13.22007202317374], [-87.26807153404243, 13.220031028981772], [-87.26808318097972, 13.219999326582062], [-87.26817723721193, 13.21996457349603], [-87.26828994575946, 13.219910419311644], [-87.26826496452352, 13.219797708605581], [-87.26827703319881, 13.219766276541899], [-87.26832004436908, 13.219744204351008], [-87.26839956945537, 13.219695727419628], [-87.26850224705504, 13.219595399365451], [-87.26864708676432, 13.219531915269476], [-87.26875610430685, 13.21947151582826], [-87.26882844666137, 13.219324838562459], [-87.26881407272285, 13.219267550767816], [-87.26883823180962, 13.219210483362028], [-87.26891535075195, 13.219098416937078], [-87.26900962177793, 13.219085557915447]]]]}}, {"type": "Feature", "properties": {"fid": 1276, "OBJECTID": null, "Name": "AYT039", "LOTE_ID": "AYT039", "FINCA": "AYOTAL", "DISTRITO": "D34", "VARIEDAD": null, "CICLO": null, "TCH 23-24": null, "ESTIMADO 2": null, "AREA CAÑA": null, "ESTATUS": null, "UBICACIÒN": null, "SEMAN COSE": null, "SEMANA COS": null, "FECHA COSE": null, "EDAD COSEC": null, "FECHA CO_1": null, "FECHA SIEM": null, "FECHA CORT": null, "EDAD HOY": null, "TIPO COSEC": null, "TIPO DE CO": null, "BLOQUE COS": null, "RANGO DIST": null, "TIPO DE SU": null, "TIPO DE RI": null, "DISTANCIAM": null, "RENOVACIÒ": null, "Area Calc": 0.903, "WKT_Poligono": "MultiPolygon (((-87.26846789 13.21854984, -87.26893 13.21900671, -87.26887391 13.21900907, -87.2688569 13.21908663, -87.26881435 13.21914464, -87.26876248 13.21921892, -87.26871646 13.21926647, -87.26868576 13.21932135, -87.26862956 13.21946045, -87.2685795 13.21951318, -87.2684523 13.21954946, -87.26838794 13.21961587, -87.26829495 13.21965801, -87.2682459 13.21972179, -87.26822178 13.21981879, -87.26822406 13.21987126, -87.26813121 13.21990199, -87.26806086 13.21997749, -87.26799646 13.22014701, -87.26801235 13.220235, -87.26802755 13.22030625, -87.26804375 13.22036041, -87.26805244 13.22039167, -87.2679997 13.22048814, -87.26796434 13.22051245, -87.26792241 13.22055725, -87.26767283 13.2203211, -87.26780603 13.2200209, -87.26799784 13.21959364, -87.26824905 13.21903316, -87.26846789 13.21854984)))", "Etapas Fenologicas 2026-2027_Edad Formulada Meses": "5", "Etapas Fenologicas 2026-2027_Etapa Actual": "Elongacion Inicial"}, "geometry": {"type": "MultiPolygon", "coordinates": [[[[-87.26846789380987, 13.218549835911729], [-87.26893000015103, 13.219006707489138], [-87.26887390938148, 13.21900906973993], [-87.26885689958893, 13.219086634212966], [-87.26881435327545, 13.21914463670152], [-87.26876247699416, 13.21921892061712], [-87.26871645671926, 13.219266465598762], [-87.26868576156001, 13.219321350289608], [-87.26862956416365, 13.21946045074797], [-87.26857950133179, 13.219513178565068], [-87.26845229592595, 13.219549455512558], [-87.26838793880762, 13.219615865963116], [-87.26829494687094, 13.219658013292], [-87.26824590207298, 13.21972178932598], [-87.26822178410917, 13.219818788628718], [-87.2682240610412, 13.21987125500586], [-87.26813121437655, 13.219901994006507], [-87.26806086487008, 13.21997749398273], [-87.26799645845037, 13.22014701238334], [-87.26801234937906, 13.22023500485224], [-87.26802755235363, 13.22030625480092], [-87.2680437539757, 13.22036040765903], [-87.26805244132181, 13.22039167489269], [-87.26799970019749, 13.22048813941241], [-87.26796433570868, 13.220512452237411], [-87.2679224068511, 13.220557246941768], [-87.26767282793077, 13.220321103522307], [-87.2678060305027, 13.220020896765208], [-87.26799784454712, 13.219593641183423], [-87.26824905099298, 13.219033155649292], [-87.26846789380987, 13.218549835911729]]]]}}, {"type": "Feature", "properties": {"fid": 1277, "OBJECTID": null, "Name": "AYT040", "LOTE_ID": "AYT040", "FINCA": "AYOTAL", "DISTRITO": "D34", "VARIEDAD": null, "CICLO": null, "TCH 23-24": null, "ESTIMADO 2": null, "AREA CAÑA": null, "ESTATUS": null, "UBICACIÒN": null, "SEMAN COSE": null, "SEMANA COS": null, "FECHA COSE": null, "EDAD COSEC": null, "FECHA CO_1": null, "FECHA SIEM": null, "FECHA CORT": null, "EDAD HOY": null, "TIPO COSEC": null, "TIPO DE CO": null, "BLOQUE COS": null, "RANGO DIST": null, "TIPO DE SU": null, "TIPO DE RI": null, "DISTANCIAM": null, "RENOVACIÒ": null, "Area Calc": 0.208, "WKT_Poligono": "MultiPolygon (((-87.26765351 13.22035583, -87.26789816 13.22058152, -87.26789136 13.2205971, -87.26787984 13.2206187, -87.26777496 13.22075901, -87.26776131 13.22085266, -87.26774308 13.22089295, -87.26772154 13.22089827, -87.26771379 13.2209061, -87.26771385 13.22090329, -87.26770478 13.22091245, -87.2676679 13.22091802, -87.26759069 13.22094184, -87.2674725 13.22097817, -87.26735241 13.22100577, -87.2673167 13.22101327, -87.26765351 13.22035583)))", "Etapas Fenologicas 2026-2027_Edad Formulada Meses": "5", "Etapas Fenologicas 2026-2027_Etapa Actual": "Elongacion Inicial"}, "geometry": {"type": "MultiPolygon", "coordinates": [[[[-87.26765351405884, 13.22035583405249], [-87.26789816190536, 13.22058151581711], [-87.26789135552822, 13.220597095165488], [-87.26787984363263, 13.220618702094987], [-87.26777496190671, 13.220759008973879], [-87.26776130900568, 13.220852655865432], [-87.26774307612773, 13.220892951850697], [-87.26772154347022, 13.220898266350796], [-87.2677137857262, 13.220906104089119], [-87.26771385452972, 13.220903288348055], [-87.26770477714972, 13.220912454089486], [-87.26766790165674, 13.22091802216875], [-87.26759069419305, 13.220941838681], [-87.26747249925087, 13.22097816761011], [-87.26735240755553, 13.221005772979202], [-87.26731670018773, 13.22101326615111], [-87.26765351405884, 13.22035583405249]]]]}}, {"type": "Feature", "properties": {"fid": 1278, "OBJECTID": null, "Name": "AYT084", "LOTE_ID": "AYT084", "FINCA": "AYOTAL", "DISTRITO": "D34", "VARIEDAD": null, "CICLO": null, "TCH 23-24": null, "ESTIMADO 2": null, "AREA CAÑA": null, "ESTATUS": null, "UBICACIÒN": null, "SEMAN COSE": null, "SEMANA COS": null, "FECHA COSE": null, "EDAD COSEC": null, "FECHA CO_1": null, "FECHA SIEM": null, "FECHA CORT": null, "EDAD HOY": null, "TIPO COSEC": null, "TIPO DE CO": null, "BLOQUE COS": null, "RANGO DIST": null, "TIPO DE SU": null, "TIPO DE RI": null, "DISTANCIAM": null, "RENOVACIÒ": null, "Area Calc": 1.247, "WKT_Poligono": "MultiPolygon (((-87.26017063 13.22100226, -87.26021157 13.22104128, -87.26025663 13.22109308, -87.26030607 13.22112904, -87.26037087 13.22119371, -87.26043019 13.22124927, -87.26048767 13.22129768, -87.26058409 13.22139412, -87.26061575 13.22143566, -87.2606583 13.22145843, -87.26071595 13.22152507, -87.26071656 13.22155586, -87.26066528 13.221603, -87.26066653 13.22160124, -87.26055651 13.22170839, -87.26045455 13.22180404, -87.26034761 13.22190655, -87.26029885 13.22194609, -87.26024161 13.2220101, -87.26019057 13.2220517, -87.26013181 13.22211259, -87.26008008 13.22216587, -87.26002533 13.22221809, -87.25992515 13.2223062, -87.25986619 13.22237173, -87.25982997 13.22239987, -87.25976478 13.22244112, -87.25966288 13.22236765, -87.25964313 13.2223294, -87.25959875 13.22230695, -87.25960494 13.22229951, -87.25956893 13.22225561, -87.2594769 13.22216588, -87.25931668 13.22201166, -87.25924001 13.22192289, -87.25922684 13.22189053, -87.25938654 13.22172929, -87.25939826 13.2217254, -87.25952331 13.22160418, -87.25952969 13.22160235, -87.25968267 13.22144587, -87.25968723 13.22144422, -87.25969506 13.22143933, -87.25985646 13.22129005, -87.25985786 13.22129005, -87.26000121 13.22115252, -87.26000397 13.22114976, -87.26017063 13.22100226)))", "Etapas Fenologicas 2026-2027_Edad Formulada Meses": "4", "Etapas Fenologicas 2026-2027_Etapa Actual": "Elongacion Inicial"}, "geometry": {"type": "MultiPolygon", "coordinates": [[[[-87.26017063189245, 13.22100226290254], [-87.26021156933102, 13.22104128121279], [-87.2602566291441, 13.221093084348666], [-87.26030606997432, 13.221129037901019], [-87.26037087002692, 13.221193710361936], [-87.26043018893999, 13.221249265090252], [-87.26048766866919, 13.22129767817191], [-87.26058408547513, 13.221394124130533], [-87.26061574564234, 13.221435661108359], [-87.26065830440983, 13.221458427027766], [-87.26071594833618, 13.221525070021412], [-87.26071656266973, 13.22155585867178], [-87.2606652761638, 13.22160300421329], [-87.26066652612135, 13.2216012370097], [-87.2605565116308, 13.221708391001082], [-87.26045455415256, 13.22180404042405], [-87.26034761046692, 13.221906546003108], [-87.26029884907102, 13.221946087817079], [-87.26024161432673, 13.222010095562787], [-87.26019056851116, 13.22205170071835], [-87.26013181380111, 13.222112591675588], [-87.26008008360512, 13.222165869114407], [-87.26002532587447, 13.2222180894823], [-87.25992515349793, 13.222306203597135], [-87.25986619318691, 13.222371728306468], [-87.25982997225125, 13.22239986606926], [-87.25976477983862, 13.222441124723899], [-87.25966287989573, 13.222367649462898], [-87.25964313310236, 13.222329404067628], [-87.2595987481198, 13.222306949577018], [-87.25960494447861, 13.22229951406998], [-87.25956892847564, 13.22225561029393], [-87.25947690051723, 13.222165882792877], [-87.25931667617513, 13.222011658799351], [-87.25924001012999, 13.221922889421602], [-87.2592268356752, 13.221890530151237], [-87.25938653990181, 13.22172929012611], [-87.25939826402163, 13.22172539993453], [-87.25952331392773, 13.221604184707452], [-87.25952969001784, 13.221602347114498], [-87.25968267478869, 13.221445869566672], [-87.25968723495936, 13.221444220733359], [-87.25969505865292, 13.221439325076279], [-87.25985646330349, 13.221290054137796], [-87.25985786006635, 13.221290045824388], [-87.2600012110024, 13.22115251626595], [-87.26000396753908, 13.221149761941067], [-87.26017063189245, 13.22100226290254]]]]}}, {"type": "Feature", "properties": {"fid": 1279, "OBJECTID": null, "Name": "AYT085", "LOTE_ID": "AYT085", "FINCA": "AYOTAL", "DISTRITO": "D34", "VARIEDAD": null, "CICLO": null, "TCH 23-24": null, "ESTIMADO 2": null, "AREA CAÑA": null, "ESTATUS": null, "UBICACIÒN": null, "SEMAN COSE": null, "SEMANA COS": null, "FECHA COSE": null, "EDAD COSEC": null, "FECHA CO_1": null, "FECHA SIEM": null, "FECHA CORT": null, "EDAD HOY": null, "TIPO COSEC": null, "TIPO DE CO": null, "BLOQUE COS": null, "RANGO DIST": null, "TIPO DE SU": null, "TIPO DE RI": null, "DISTANCIAM": null, "RENOVACIÒ": null, "Area Calc": 2.634, "WKT_Poligono": "MultiPolygon (((-87.26007116 13.22082576, -87.26011176 13.22086469, -87.26012617 13.2208866, -87.26013767 13.22092051, -87.26013064 13.22094994, -87.26004323 13.22102923, -87.25995333 13.22110972, -87.25993111 13.2211361, -87.25990838 13.22116299, -87.25986783 13.22119516, -87.25978811 13.22126946, -87.25964394 13.22139903, -87.25956536 13.22147893, -87.25949486 13.2215547, -87.25944837 13.22159381, -87.2594106 13.22162803, -87.25937041 13.22166172, -87.25934487 13.22169126, -87.25933684 13.22171308, -87.25921706 13.22184824, -87.25918248 13.22188193, -87.259143 13.22191118, -87.25899956 13.22203959, -87.25895573 13.22201953, -87.25892756 13.22197902, -87.25887052 13.22201813, -87.25889077 13.22214556, -87.25859417 13.22241761, -87.25848115 13.22253312, -87.25843235 13.22253114, -87.25840508 13.22250601, -87.25840551 13.22250091, -87.25839791 13.22242157, -87.2584377 13.22237746, -87.25849269 13.22232226, -87.25846521 13.22227725, -87.25846385 13.22227503, -87.25842404 13.22228036, -87.2584375 13.2222269, -87.25847586 13.22214952, -87.25848817 13.22211847, -87.25848578 13.22204932, -87.25859255 13.22198404, -87.25859262 13.22198219, -87.25868228 13.2219873, -87.25884512 13.2219831, -87.25881192 13.22194365, -87.25877523 13.22194639, -87.25871662 13.22194788, -87.25857687 13.22192982, -87.25855641 13.22189469, -87.25855042 13.22180091, -87.2585554 13.22173698, -87.25854495 13.22168254, -87.25855729 13.22164009, -87.25855145 13.22160562, -87.25861348 13.22146851, -87.25866027 13.22136651, -87.2586824 13.22126293, -87.25868694 13.2212121, -87.25873427 13.22117183, -87.25888098 13.2211814, -87.25888435 13.221154, -87.25876848 13.22114554, -87.25872575 13.22111335, -87.25872296 13.22110875, -87.25866079 13.22105977, -87.25863266 13.22097253, -87.25864512 13.22092851, -87.25861709 13.22079416, -87.25861257 13.22068413, -87.25863778 13.22056964, -87.25865631 13.22047699, -87.25869506 13.22038761, -87.25868056 13.22022249, -87.25867788 13.22007876, -87.25868076 13.21995369, -87.25870358 13.21989609, -87.2587823 13.21994364, -87.25877568 13.21999483, -87.25881517 13.22005362, -87.25886108 13.22008359, -87.25886279 13.22011218, -87.25890222 13.22016612, -87.25895579 13.22018049, -87.25899777 13.22016325, -87.25901534 13.22011938, -87.25899504 13.22007261, -87.25894682 13.22004489, -87.25894684 13.22000143, -87.25897666 13.21998374, -87.2589889 13.21994411, -87.25896373 13.21990908, -87.25890943 13.21988929, -87.2588492 13.21987694, -87.25881256 13.21989173, -87.25877323 13.21984498, -87.25874165 13.21980789, -87.2587676 13.21978672, -87.25883295 13.21973295, -87.25890042 13.21968713, -87.25896595 13.21974277, -87.25901981 13.21978348, -87.25904997 13.21982918, -87.25910315 13.21988228, -87.25918957 13.21996899, -87.25962675 13.22038644, -87.26007116 13.22082576)))", "Etapas Fenologicas 2026-2027_Edad Formulada Meses": "4", "Etapas Fenologicas 2026-2027_Etapa Actual": "Elongacion Inicial"}, "geometry": {"type": "MultiPolygon", "coordinates": [[[[-87.26007115712602, 13.220825757210804], [-87.2601117597459, 13.220864688965952], [-87.26012616695877, 13.22088659624055], [-87.26013766899642, 13.220920507158358], [-87.26013063850222, 13.220949942641228], [-87.26004322740187, 13.22102922655331], [-87.25995332928501, 13.221109715461788], [-87.25993110536567, 13.221136099983351], [-87.25990838163771, 13.221162991904178], [-87.259867834465, 13.22119515699977], [-87.25978811467365, 13.22126945857553], [-87.25964393521402, 13.22139902521328], [-87.25956536157159, 13.22147892644734], [-87.25949486283704, 13.221554696471019], [-87.25944837420153, 13.221593809432699], [-87.25941060102018, 13.221628028905501], [-87.2593704145106, 13.221661724276606], [-87.25934487026508, 13.221691262328838], [-87.25933683989729, 13.22171308457489], [-87.25921706268511, 13.22184823956067], [-87.25918247849309, 13.22188192971745], [-87.2591429966608, 13.22191117521164], [-87.25899956481537, 13.222039585122749], [-87.25895573264039, 13.22201952692936], [-87.25892756372888, 13.22197901512862], [-87.25887052302977, 13.22201812936689], [-87.25889077298666, 13.22214555711988], [-87.25859417423104, 13.222417609754066], [-87.25848115377241, 13.222533122001682], [-87.25843235091502, 13.22253114052671], [-87.25840508450943, 13.22250600698267], [-87.25840551072478, 13.22250090708134], [-87.25839790751226, 13.222421571557817], [-87.25843769692027, 13.222377461405278], [-87.25849268959165, 13.22232226193701], [-87.25846520840611, 13.22227724513861], [-87.25846385395725, 13.2222750262463], [-87.25842403761743, 13.222280356411439], [-87.2584375021487, 13.22222690273983], [-87.25847585658445, 13.222149521497418], [-87.2584881652424, 13.222118474154097], [-87.25848578349544, 13.222049322613518], [-87.25859255154013, 13.221984043983422], [-87.2585926182465, 13.221982188970337], [-87.2586822805595, 13.221987302623418], [-87.25884512321022, 13.221983101837889], [-87.25881192066632, 13.221943648040742], [-87.2587752259593, 13.221946389236178], [-87.25871662245345, 13.22194787833542], [-87.25857687241066, 13.221929816215027], [-87.25855641146792, 13.221894687084758], [-87.25855042035158, 13.221800911617786], [-87.25855540368102, 13.221736981652159], [-87.25854494752156, 13.221682537688608], [-87.25855728510525, 13.221640087787689], [-87.25855144846271, 13.221605619055108], [-87.25861347921206, 13.221468509982149], [-87.25866026569969, 13.221366509766131], [-87.25868240286944, 13.221262928559902], [-87.2586869441549, 13.221212099464369], [-87.25873426698882, 13.2211718255703], [-87.25888098167421, 13.221181395825159], [-87.25888435377168, 13.221153999398972], [-87.258768480561, 13.221145542274137], [-87.25872574927637, 13.22111334822172], [-87.25872296436687, 13.221108752159271], [-87.25866078724592, 13.22105977240806], [-87.25863265609607, 13.220972526253739], [-87.25864512499538, 13.220928510734938], [-87.25861709033629, 13.22079416083793], [-87.25861257150783, 13.220684130056922], [-87.25863777631712, 13.220569641679269], [-87.25865630786976, 13.22047698962109], [-87.25869505866778, 13.220387605656418], [-87.25868055815391, 13.220222492931038], [-87.25867787500732, 13.22007876357902], [-87.25868076131982, 13.219953689959068], [-87.25870358276741, 13.21989608609043], [-87.25878229509819, 13.219943641354037], [-87.25877568253452, 13.219994830176757], [-87.25881516681459, 13.220053623807976], [-87.25886108297739, 13.2200835852722], [-87.25886279331193, 13.220112179997049], [-87.2589022176974, 13.220166115055719], [-87.25895579410981, 13.220180485303848], [-87.25899777377569, 13.22016324782587], [-87.25901533922938, 13.22011938345243], [-87.25899504305376, 13.220072613002172], [-87.25894681518498, 13.220044885506152], [-87.25894684124818, 13.220001433883148], [-87.258976659521, 13.219983737247148], [-87.25898890162118, 13.219944114854027], [-87.25896373178749, 13.219909079219113], [-87.2589094348335, 13.21988928648115], [-87.25884919983972, 13.219876937129158], [-87.2588125575553, 13.219891730723726], [-87.25877322945972, 13.219844977046607], [-87.25874164642306, 13.219807892472081], [-87.25876759873196, 13.21978671608202], [-87.25883294750172, 13.219732948834068], [-87.25890041567774, 13.219687127908209], [-87.2589659458729, 13.219742766935218], [-87.25901980659899, 13.21978348431468], [-87.25904996789416, 13.219829184369688], [-87.25910315255554, 13.219882282548989], [-87.25918956730352, 13.21996898843147], [-87.25962675440829, 13.220386444993341], [-87.26007115712602, 13.220825757210804]]]]}}, {"type": "Feature", "properties": {"fid": 1280, "OBJECTID": null, "Name": "AYT086", "LOTE_ID": "AYT086", "FINCA": "AYOTAL", "DISTRITO": "D34", "VARIEDAD": null, "CICLO": null, "TCH 23-24": null, "ESTIMADO 2": null, "AREA CAÑA": null, "ESTATUS": null, "UBICACIÒN": null, "SEMAN COSE": null, "SEMANA COS": null, "FECHA COSE": null, "EDAD COSEC": null, "FECHA CO_1": null, "FECHA SIEM": null, "FECHA CORT": null, "EDAD HOY": null, "TIPO COSEC": null, "TIPO DE CO": null, "BLOQUE COS": null, "RANGO DIST": null, "TIPO DE SU": null, "TIPO DE RI": null, "DISTANCIAM": null, "RENOVACIÒ": null, "Area Calc": 0.496, "WKT_Poligono": "MultiPolygon (((-87.25920678 13.22193947, -87.25934157 13.22206982, -87.25950178 13.22222381, -87.25967803 13.22240311, -87.25971427 13.22244162, -87.25973739 13.22247515, -87.25964944 13.22251508, -87.25962327 13.22252278, -87.25954678 13.22255205, -87.25949473 13.2225621, -87.2594129 13.22258412, -87.25932799 13.2226165, -87.25929136 13.22262882, -87.25923613 13.22266137, -87.25920251 13.22264954, -87.25908023 13.22268056, -87.25890015 13.22266592, -87.25881292 13.22266248, -87.25880167 13.22265057, -87.25872143 13.22264513, -87.25859062 13.22274329, -87.25851237 13.22271906, -87.25846978 13.22267302, -87.25847709 13.22264518, -87.2585316 13.22259593, -87.25863559 13.22253744, -87.25880517 13.22242804, -87.25892916 13.22235144, -87.2589719 13.22230014, -87.25902273 13.22224643, -87.25915042 13.22214061, -87.25920757 13.22199615, -87.25920678 13.22193947)))", "Etapas Fenologicas 2026-2027_Edad Formulada Meses": "4", "Etapas Fenologicas 2026-2027_Etapa Actual": "Elongacion Inicial"}, "geometry": {"type": "MultiPolygon", "coordinates": [[[[-87.25920678158856, 13.22193947026293], [-87.25934156999836, 13.222069816380229], [-87.25950178406757, 13.222223810851732], [-87.25967802951254, 13.222403111871158], [-87.25971426520555, 13.222441618455168], [-87.25973738649374, 13.222475152389642], [-87.25964944033547, 13.222515084129238], [-87.25962327125818, 13.22252277735791], [-87.2595467844408, 13.22255204717338], [-87.25949473004306, 13.22256209567591], [-87.25941290321869, 13.222584122688048], [-87.25932798527543, 13.22261649776335], [-87.25929136415033, 13.222628820868577], [-87.25923612548213, 13.222661372423458], [-87.25920250799624, 13.222649542949677], [-87.25908023355323, 13.222680557685722], [-87.2589001503218, 13.22266591837489], [-87.25881291538394, 13.222662476124771], [-87.25880166702548, 13.222650574819848], [-87.25872143020302, 13.222645126373992], [-87.25859062150897, 13.2227432944911], [-87.25851236557097, 13.22271905872081], [-87.25846978200254, 13.222673018319872], [-87.25847709019823, 13.22264517842932], [-87.25853159885214, 13.22259592559839], [-87.25863559030219, 13.222537442186496], [-87.25880516735758, 13.222428038038592], [-87.25892915642463, 13.222351438257379], [-87.25897189711522, 13.222300142716778], [-87.25902272708915, 13.22224643364745], [-87.25915041857237, 13.222140614401678], [-87.25920756789952, 13.22199614879674], [-87.25920678158856, 13.22193947026293]]]]}}, {"type": "Feature", "properties": {"fid": 1281, "OBJECTID": null, "Name": "AYT087", "LOTE_ID": "AYT087", "FINCA": "AYOTAL", "DISTRITO": "D34", "VARIEDAD": null, "CICLO": null, "TCH 23-24": null, "ESTIMADO 2": null, "AREA CAÑA": null, "ESTATUS": null, "UBICACIÒN": null, "SEMAN COSE": null, "SEMANA COS": null, "FECHA COSE": null, "EDAD COSEC": null, "FECHA CO_1": null, "FECHA SIEM": null, "FECHA CORT": null, "EDAD HOY": null, "TIPO COSEC": null, "TIPO DE CO": null, "BLOQUE COS": null, "RANGO DIST": null, "TIPO DE SU": null, "TIPO DE RI": null, "DISTANCIAM": null, "RENOVACIÒ": null, "Area Calc": 2.828, "WKT_Poligono": "MultiPolygon (((-87.26034178 13.22301905, -87.26035969 13.2230281, -87.26038824 13.22307091, -87.26044108 13.22312966, -87.260525 13.2232111, -87.26062884 13.22331282, -87.2607034 13.22338732, -87.26078553 13.22345285, -87.26088486 13.22353304, -87.2609533 13.22360834, -87.26101296 13.22368152, -87.26104608 13.22370259, -87.26112753 13.22379929, -87.261224 13.22389785, -87.26130444 13.2239726, -87.26134381 13.22401789, -87.26140759 13.22406753, -87.26148491 13.22415703, -87.26156226 13.2242763, -87.26146452 13.22438206, -87.26137776 13.22446916, -87.26128607 13.22456206, -87.26120651 13.22463936, -87.26110811 13.22473986, -87.2610005 13.22484745, -87.26086458 13.2249731, -87.26071696 13.22515534, -87.26066704 13.2251899, -87.26060766 13.22512287, -87.26054204 13.2250378, -87.26049418 13.22501004, -87.26043647 13.22495454, -87.26036082 13.22489981, -87.26029332 13.22484557, -87.26022297 13.2247881, -87.260167 13.22474484, -87.26011761 13.22466681, -87.26006038 13.22460728, -87.25998862 13.22455722, -87.25991791 13.22450338, -87.25985355 13.22442912, -87.25980652 13.22436792, -87.25976004 13.22430743, -87.25971176 13.2242678, -87.25966723 13.22420049, -87.25961085 13.22414998, -87.25956293 13.22409216, -87.25948646 13.22402052, -87.25942007 13.2239347, -87.2594109 13.22388251, -87.25953834 13.22376743, -87.25967416 13.22366625, -87.25974824 13.22356782, -87.25980559 13.22349191, -87.25987271 13.22343734, -87.26002454 13.22331734, -87.26019183 13.22314674, -87.26034178 13.22301905)))", "Etapas Fenologicas 2026-2027_Edad Formulada Meses": "4", "Etapas Fenologicas 2026-2027_Etapa Actual": "Elongacion Inicial"}, "geometry": {"type": "MultiPolygon", "coordinates": [[[[-87.26034178372365, 13.223019045558356], [-87.26035969136828, 13.223028096414758], [-87.26038823707984, 13.22307090808715], [-87.26044108018966, 13.223129658500126], [-87.26052499608949, 13.223211100369861], [-87.26062884024707, 13.223312824954988], [-87.26070339653764, 13.223387324658747], [-87.26078553306117, 13.223452852336228], [-87.26088486259901, 13.2235330375795], [-87.26095330033581, 13.223608340524551], [-87.2610129558365, 13.223681519747386], [-87.26104607908763, 13.223702594337741], [-87.26112752883822, 13.223799287984026], [-87.26122400211558, 13.223897854171838], [-87.26130444167886, 13.223972595254066], [-87.26134380517894, 13.224017889344617], [-87.26140758633908, 13.224067527234318], [-87.26148491183008, 13.224157029795219], [-87.26156226202329, 13.2242763029747], [-87.261464523548, 13.224382064484667], [-87.26137776188888, 13.224469161807468], [-87.26128607480315, 13.224562058858371], [-87.26120650818669, 13.22463935525026], [-87.2611081100573, 13.224739857772981], [-87.26100049575939, 13.22484744559142], [-87.26086458374145, 13.224973097031057], [-87.26071696464693, 13.225155339499763], [-87.26066704078862, 13.225189895420348], [-87.26060765670874, 13.225122869071239], [-87.26054204461705, 13.22503780282161], [-87.26049418086882, 13.22501004379864], [-87.26043647134829, 13.224954539099919], [-87.2603608153446, 13.224899814041784], [-87.26029331724028, 13.22484557017967], [-87.26022297064179, 13.22478810040199], [-87.26016699593845, 13.224744837618127], [-87.26011761441384, 13.22466680971113], [-87.26006037917801, 13.224607280928238], [-87.25998862407815, 13.224557218848705], [-87.25991791012655, 13.22450337871247], [-87.25985355029484, 13.224429116460817], [-87.25980651965101, 13.22436791847541], [-87.25976003712503, 13.22430743350298], [-87.25971176085235, 13.22426780000971], [-87.2596672321814, 13.22420049183413], [-87.25961085431346, 13.224149984098752], [-87.2595629296901, 13.224092160139886], [-87.25948645628405, 13.22402051518645], [-87.25942006565552, 13.22393469562225], [-87.25941089927142, 13.223882510494352], [-87.25953834422361, 13.22376743124936], [-87.25967416145704, 13.22366625461259], [-87.25974824024101, 13.22356781568893], [-87.25980559056498, 13.223491911910067], [-87.25987271170186, 13.22343734150999], [-87.26002454183302, 13.223317342481538], [-87.26019182797211, 13.2231467372163], [-87.26034178372365, 13.223019045558356]]]]}}, {"type": "Feature", "properties": {"fid": 1283, "OBJECTID": null, "Name": "AYT088", "LOTE_ID": "AYT088", "FINCA": "AYOTAL", "DISTRITO": "D34", "VARIEDAD": null, "CICLO": null, "TCH 23-24": null, "ESTIMADO 2": null, "AREA CAÑA": null, "ESTATUS": null, "UBICACIÒN": null, "SEMAN COSE": null, "SEMANA COS": null, "FECHA COSE": null, "EDAD COSEC": null, "FECHA CO_1": null, "FECHA SIEM": null, "FECHA CORT": null, "EDAD HOY": null, "TIPO COSEC": null, "TIPO DE CO": null, "BLOQUE COS": null, "RANGO DIST": null, "TIPO DE SU": null, "TIPO DE RI": null, "DISTANCIAM": null, "RENOVACIÒ": null, "Area Calc": 2.924, "WKT_Poligono": "MultiPolygon (((-87.26161137 13.22433185, -87.26170296 13.22438732, -87.26179197 13.22448343, -87.26189038 13.22458536, -87.26200274 13.22470534, -87.26215911 13.22487514, -87.26232374 13.22504135, -87.26248349 13.22519001, -87.26264412 13.2253525, -87.26276294 13.22547174, -87.26287066 13.22558404, -87.26287873 13.22562334, -87.26278642 13.22573676, -87.26271906 13.22580671, -87.26257189 13.22592815, -87.26244427 13.22605739, -87.26215946 13.22632911, -87.26201915 13.22646548, -87.26194725 13.22650616, -87.26184609 13.22643901, -87.26170522 13.22631167, -87.26159818 13.22619626, -87.26148854 13.22608873, -87.2613512 13.22594151, -87.26124537 13.22584891, -87.26110947 13.22569771, -87.26090493 13.22547915, -87.26076028 13.22533301, -87.26067354 13.22522665, -87.2608349 13.22505285, -87.26103245 13.22486695, -87.2612111 13.22470086, -87.26134512 13.22456429, -87.26146001 13.22446294, -87.26161137 13.22433185)))", "Etapas Fenologicas 2026-2027_Edad Formulada Meses": "5", "Etapas Fenologicas 2026-2027_Etapa Actual": "Elongacion Inicial"}, "geometry": {"type": "MultiPolygon", "coordinates": [[[[-87.26161136907845, 13.22433184557888], [-87.26170295660046, 13.224387319247617], [-87.2617919655523, 13.22448342671189], [-87.26189037624584, 13.22458536415231], [-87.26200273720853, 13.224705335289338], [-87.26215911431025, 13.22487514179934], [-87.2623237362065, 13.225041349860119], [-87.26248348999684, 13.22519001259065], [-87.26264411747165, 13.225352501361257], [-87.26276293690981, 13.22547173892779], [-87.26287066322735, 13.225584037154837], [-87.26287872665989, 13.22562334485539], [-87.26278641997187, 13.225736760324294], [-87.26271906012661, 13.225806710129916], [-87.26257188926563, 13.225928150273926], [-87.26244427328186, 13.226057387080179], [-87.26215946288393, 13.226329114966086], [-87.26201914886914, 13.22646547792489], [-87.2619472476812, 13.226506155725074], [-87.26184608950973, 13.22643901318028], [-87.26170522146677, 13.226311666492528], [-87.26159817654519, 13.226196264021958], [-87.26148854034531, 13.22608873065746], [-87.26135120160338, 13.22594150660058], [-87.26124536770281, 13.225848905791532], [-87.26110946730844, 13.225697705924818], [-87.26090492577556, 13.22547914679674], [-87.26076028261595, 13.225333012432289], [-87.26067353791649, 13.225226647983261], [-87.26083489577097, 13.225052853565801], [-87.26103245115205, 13.224866945333508], [-87.26121109685994, 13.22470086039932], [-87.26134511863599, 13.224564293079142], [-87.26146001383641, 13.22446293965966], [-87.26161136907845, 13.22433184557888]]]]}}, {"type": "Feature", "properties": {"fid": 1284, "OBJECTID": null, "Name": "AYT089", "LOTE_ID": "AYT089", "FINCA": "AYOTAL", "DISTRITO": "D34", "VARIEDAD": null, "CICLO": null, "TCH 23-24": null, "ESTIMADO 2": null, "AREA CAÑA": null, "ESTATUS": null, "UBICACIÒN": null, "SEMAN COSE": null, "SEMANA COS": null, "FECHA COSE": null, "EDAD COSEC": null, "FECHA CO_1": null, "FECHA SIEM": null, "FECHA CORT": null, "EDAD HOY": null, "TIPO COSEC": null, "TIPO DE CO": null, "BLOQUE COS": null, "RANGO DIST": null, "TIPO DE SU": null, "TIPO DE RI": null, "DISTANCIAM": null, "RENOVACIÒ": null, "Area Calc": 2.017, "WKT_Poligono": "MultiPolygon (((-87.26077797 13.22587112, -87.2608412 13.22581351, -87.26091547 13.22574944, -87.26102093 13.22566026, -87.26107096 13.22570718, -87.26110846 13.22574202, -87.26116476 13.22579714, -87.26120424 13.22583534, -87.26124342 13.22586412, -87.26129291 13.22591441, -87.26134244 13.22596619, -87.26140091 13.22602903, -87.26148356 13.22610313, -87.26153885 13.22615527, -87.26158128 13.22620577, -87.26163429 13.22625394, -87.26169921 13.22631434, -87.26175776 13.22637327, -87.26181726 13.22644307, -87.26186355 13.22649666, -87.26191042 13.22659495, -87.26187698 13.22663073, -87.26177948 13.22671703, -87.26164933 13.22684145, -87.26161534 13.22688393, -87.26156799 13.22693471, -87.26152025 13.2269937, -87.2615101 13.22700535, -87.26141154 13.22708562, -87.26128659 13.22719943, -87.2612047 13.22728159, -87.26105629 13.2274123, -87.26094987 13.22741707, -87.26089016 13.22735807, -87.26075859 13.22722716, -87.26064027 13.22709574, -87.26053613 13.22697063, -87.26049792 13.22693749, -87.26032657 13.22676694, -87.26018411 13.22664289, -87.26012348 13.22655635, -87.26009787 13.22653417, -87.26031588 13.2263302, -87.26057437 13.22606331, -87.26077797 13.22587112)))", "Etapas Fenologicas 2026-2027_Edad Formulada Meses": "5", "Etapas Fenologicas 2026-2027_Etapa Actual": "Elongacion Inicial"}, "geometry": {"type": "MultiPolygon", "coordinates": [[[[-87.2607779652901, 13.225871115798169], [-87.26084119963313, 13.225813507574221], [-87.26091547252379, 13.225749442248704], [-87.26102092979852, 13.225660255006499], [-87.26107096487655, 13.225707175350879], [-87.26110845618378, 13.225742017677996], [-87.26116476023769, 13.225797135867907], [-87.26120424106499, 13.225835342107487], [-87.26124342180846, 13.22586411915902], [-87.26129291141426, 13.225914409573981], [-87.26134244303722, 13.225966192939739], [-87.26140091349477, 13.22602902538577], [-87.26148355855553, 13.226103134594702], [-87.26153885235256, 13.226155266953196], [-87.26158127918674, 13.226205770156588], [-87.261634287616, 13.226253941798209], [-87.26169920796876, 13.226314337939868], [-87.26175776435701, 13.22637326556161], [-87.2618172597346, 13.226443066011978], [-87.26186355424228, 13.226496662716658], [-87.26191042464337, 13.22659494512857], [-87.26187697733221, 13.226630733591639], [-87.26177948049839, 13.226717034163007], [-87.26164933179804, 13.226841445176381], [-87.2616153383935, 13.226883934874712], [-87.26156799044877, 13.22693471451331], [-87.26152024767262, 13.226993699062879], [-87.26151009561357, 13.22700534828988], [-87.26141153882737, 13.22708561953959], [-87.26128658680229, 13.227199431961221], [-87.2612047041965, 13.227281589649502], [-87.2610562853586, 13.22741230073551], [-87.26094986519199, 13.227417073093479], [-87.26089015590834, 13.22735806792316], [-87.2607585924315, 13.227227162268846], [-87.26064026591438, 13.22709574235205], [-87.26053613323188, 13.226970629303597], [-87.26049792150444, 13.226937486763248], [-87.26032657195935, 13.22676694196473], [-87.26018411273121, 13.22664289147518], [-87.26012347771841, 13.226556346891321], [-87.26009787123498, 13.2265341717162], [-87.2603158783366, 13.226330198466536], [-87.26057437126524, 13.226063313033396], [-87.2607779652901, 13.225871115798169]]]]}}, {"type": "Feature", "properties": {"fid": 1285, "OBJECTID": null, "Name": "AYT090", "LOTE_ID": "AYT090", "FINCA": "AYOTAL", "DISTRITO": "D34", "VARIEDAD": null, "CICLO": null, "TCH 23-24": null, "ESTIMADO 2": null, "AREA CAÑA": null, "ESTATUS": null, "UBICACIÒN": null, "SEMAN COSE": null, "SEMANA COS": null, "FECHA COSE": null, "EDAD COSEC": null, "FECHA CO_1": null, "FECHA SIEM": null, "FECHA CORT": null, "EDAD HOY": null, "TIPO COSEC": null, "TIPO DE CO": null, "BLOQUE COS": null, "RANGO DIST": null, "TIPO DE SU": null, "TIPO DE RI": null, "DISTANCIAM": null, "RENOVACIÒ": null, "Area Calc": 3.439, "WKT_Poligono": "MultiPolygon (((-87.26056364 13.22515586, -87.26063435 13.22521015, -87.26096524 13.2255656, -87.26088511 13.22569244, -87.26002734 13.22651983, -87.25971466 13.22620744, -87.25935367 13.22587203, -87.25905134 13.22564818, -87.25873378 13.22540031, -87.2586363 13.22528514, -87.25855876 13.22513261, -87.25858208 13.22504991, -87.25868213 13.2249199, -87.25920651 13.22444077, -87.25933691 13.22433279, -87.25952034 13.22413927, -87.25989877 13.22449399, -87.26056364 13.22515586)))", "Etapas Fenologicas 2026-2027_Edad Formulada Meses": "5", "Etapas Fenologicas 2026-2027_Etapa Actual": "Elongacion Inicial"}, "geometry": {"type": "MultiPolygon", "coordinates": [[[[-87.26056363649707, 13.225155858462562], [-87.26063435339533, 13.22521015087112], [-87.26096524420338, 13.225565595632236], [-87.26088510678186, 13.225692441505318], [-87.26002733702224, 13.22651982609848], [-87.25971466475161, 13.226207441320488], [-87.25935366717876, 13.22587202900747], [-87.25905133623202, 13.225648177656502], [-87.25873378124662, 13.22540030813084], [-87.25863630020794, 13.225285137369088], [-87.25855875967883, 13.225132607111057], [-87.25858207721636, 13.225049910742518], [-87.25868213080497, 13.224919895521836], [-87.2592065055514, 13.224440767894322], [-87.25933691281561, 13.224332785612678], [-87.25952034348903, 13.224139274131517], [-87.25989877424193, 13.224493994031352], [-87.26056363649707, 13.225155858462562]]]]}}, {"type": "Feature", "properties": {"fid": 1286, "OBJECTID": null, "Name": "AYT090", "LOTE_ID": "AYT090", "FINCA": "AYOTAL", "DISTRITO": "D34", "VARIEDAD": null, "CICLO": null, "TCH 23-24": null, "ESTIMADO 2": null, "AREA CAÑA": null, "ESTATUS": null, "UBICACIÒN": null, "SEMAN COSE": null, "SEMANA COS": null, "FECHA COSE": null, "EDAD COSEC": null, "FECHA CO_1": null, "FECHA SIEM": null, "FECHA CORT": null, "EDAD HOY": null, "TIPO COSEC": null, "TIPO DE CO": null, "BLOQUE COS": null, "RANGO DIST": null, "TIPO DE SU": null, "TIPO DE RI": null, "DISTANCIAM": null, "RENOVACIÒ": null, "Area Calc": 0.652, "WKT_Poligono": "MultiPolygon (((-87.2581279 13.22397802, -87.25812948 13.22397802, -87.2581768 13.2240165, -87.25821252 13.22406486, -87.25824284 13.22410447, -87.25826732 13.22411898, -87.25833668 13.22416983, -87.25835632 13.22419345, -87.25838111 13.22422578, -87.25839123 13.22423791, -87.25843116 13.22425869, -87.25846517 13.22430619, -87.25849172 13.22433231, -87.25851422 13.22435353, -87.25856469 13.22440392, -87.25859661 13.22442277, -87.25860889 13.22443714, -87.25862737 13.22445816, -87.25864972 13.22447521, -87.25867253 13.22449273, -87.25871946 13.22453427, -87.25872836 13.22454417, -87.25874007 13.22455831, -87.2587534 13.22457429, -87.25876872 13.22459299, -87.25879251 13.22461548, -87.25880738 13.22462911, -87.25883683 13.22465206, -87.25883591 13.22465557, -87.25882948 13.22466768, -87.25867908 13.2248249, -87.2585326 13.22496175, -87.25848808 13.22501695, -87.25846551 13.22502146, -87.25837321 13.22495341, -87.25820689 13.22477713, -87.25811142 13.22467264, -87.25811446 13.22465187, -87.2580188 13.22454407, -87.25801951 13.2245049, -87.25792228 13.22444834, -87.25788404 13.22441126, -87.2578331 13.22434024, -87.25780139 13.22429551, -87.25775355 13.22422734, -87.25772562 13.22419702, -87.25769606 13.22416395, -87.25778726 13.22410645, -87.25787297 13.2240531, -87.25791836 13.22403058, -87.2580747 13.22398571, -87.2581279 13.22397802)))", "Etapas Fenologicas 2026-2027_Edad Formulada Meses": "5", "Etapas Fenologicas 2026-2027_Etapa Actual": "Elongacion Inicial"}, "geometry": {"type": "MultiPolygon", "coordinates": [[[[-87.2581279036451, 13.223978017216721], [-87.25812948075095, 13.223978017220238], [-87.2581767997499, 13.224016504140648], [-87.25821251765288, 13.224064858330056], [-87.25824283902865, 13.22410446883213], [-87.25826731516302, 13.22411898197306], [-87.25833668082224, 13.224169828929734], [-87.25835631909631, 13.224193454137328], [-87.25838111095496, 13.22422577684989], [-87.25839122902627, 13.22423791379587], [-87.25843116214087, 13.224258693819582], [-87.25846516973745, 13.22430618534357], [-87.25849172342119, 13.22433231335247], [-87.25851421970386, 13.22435353319178], [-87.25856469412442, 13.224403922776759], [-87.25859661269114, 13.22442277486825], [-87.25860889211312, 13.224437143968316], [-87.25862737260995, 13.22445816492321], [-87.25864972476086, 13.224475211824], [-87.25867253295301, 13.22449272716121], [-87.25871946496814, 13.224534266732691], [-87.25872835861736, 13.224544174241338], [-87.2587400689724, 13.224558308224077], [-87.25875340372785, 13.2245742911655], [-87.25876872045231, 13.22459298701662], [-87.25879251293114, 13.224615480021543], [-87.25880738207063, 13.224629112140247], [-87.25883682664684, 13.22465205889334], [-87.25883590739012, 13.22465557051737], [-87.25882947821646, 13.224667681795111], [-87.25867908002733, 13.224824904602599], [-87.25853259793615, 13.224961751038109], [-87.2584880751635, 13.22501695137195], [-87.25846550687561, 13.225021461998008], [-87.25837320708563, 13.224953411928349], [-87.25820688962213, 13.22477712766645], [-87.25811142231197, 13.224672643778266], [-87.2581144589475, 13.224651869675299], [-87.25801880495668, 13.224544067395051], [-87.25801951046245, 13.224504899872617], [-87.25792227881857, 13.224448336120798], [-87.25788403864682, 13.224411261472909], [-87.25783310300939, 13.224340242872989], [-87.25780139147626, 13.22429550548188], [-87.25775354647968, 13.224227339370387], [-87.2577256229154, 13.224197021867289], [-87.25769605612456, 13.224163952717149], [-87.2577872609623, 13.224106451970046], [-87.25787297054904, 13.22405310064592], [-87.25791835800804, 13.224030576626507], [-87.25807469781454, 13.223985708908259], [-87.2581279036451, 13.223978017216721]]]]}}, {"type": "Feature", "properties": {"fid": 1287, "OBJECTID": null, "Name": "AYT091", "LOTE_ID": "AYT091", "FINCA": "AYOTAL", "DISTRITO": "D34", "VARIEDAD": null, "CICLO": null, "TCH 23-24": null, "ESTIMADO 2": null, "AREA CAÑA": null, "ESTATUS": null, "UBICACIÒN": null, "SEMAN COSE": null, "SEMANA COS": null, "FECHA COSE": null, "EDAD COSEC": null, "FECHA CO_1": null, "FECHA SIEM": null, "FECHA CORT": null, "EDAD HOY": null, "TIPO COSEC": null, "TIPO DE CO": null, "BLOQUE COS": null, "RANGO DIST": null, "TIPO DE SU": null, "TIPO DE RI": null, "DISTANCIAM": null, "RENOVACIÒ": null, "Area Calc": 2.047, "WKT_Poligono": "MultiPolygon (((-87.26006463 13.22659789, -87.2601439 13.22669528, -87.26031934 13.22687166, -87.26048099 13.22703155, -87.26062332 13.22717934, -87.2608093 13.22734647, -87.26093068 13.22746706, -87.2609513 13.22748612, -87.26098657 13.22751234, -87.26099178 13.22753237, -87.260961 13.22756481, -87.26087103 13.22765538, -87.26072488 13.22780063, -87.26056569 13.227943, -87.26054372 13.22797811, -87.26045711 13.22804888, -87.26028477 13.22821193, -87.26024203 13.2282404, -87.26024688 13.22826694, -87.26019357 13.22830314, -87.26012081 13.22839468, -87.26009586 13.22838146, -87.26006731 13.22839753, -87.25993041 13.22828674, -87.25984297 13.22819967, -87.25979355 13.2281532, -87.25972176 13.22808636, -87.25961857 13.22799355, -87.25959719 13.22798024, -87.25952943 13.22790216, -87.25947871 13.22785466, -87.25941614 13.22779085, -87.25933091 13.22768564, -87.2593289 13.22765612, -87.25926734 13.22762047, -87.25918954 13.22755732, -87.25915935 13.22753771, -87.25913673 13.2275072, -87.25913624 13.22748548, -87.25913415 13.2274707, -87.25929537 13.22731938, -87.25951382 13.22711151, -87.25974197 13.22689504, -87.26006463 13.22659789)))", "Etapas Fenologicas 2026-2027_Edad Formulada Meses": "4", "Etapas Fenologicas 2026-2027_Etapa Actual": "Elongacion Inicial"}, "geometry": {"type": "MultiPolygon", "coordinates": [[[[-87.26006463061765, 13.226597885561208], [-87.26014390230894, 13.226695278682287], [-87.26031934232421, 13.226871659751678], [-87.26048099448852, 13.227031548217479], [-87.26062332187843, 13.227179339845172], [-87.26080930060687, 13.227346473936999], [-87.26093068194002, 13.227467064045548], [-87.26095129973149, 13.227486118649379], [-87.26098657362967, 13.227512335732081], [-87.26099177741942, 13.22753237009793], [-87.26096099679266, 13.22756481064591], [-87.26087102689075, 13.2276553750699], [-87.26072487933791, 13.22780063470449], [-87.26056569067002, 13.22794299956655], [-87.26054372311111, 13.227978109381159], [-87.2604571147899, 13.228048883446576], [-87.26028477196279, 13.228211929437657], [-87.26024203492736, 13.228240397409488], [-87.26024687813528, 13.22826693967536], [-87.26019357482471, 13.228303144082806], [-87.26012080990841, 13.22839467620967], [-87.260095861748, 13.228381464136886], [-87.26006730597491, 13.228397530712918], [-87.25993041407328, 13.22828674284786], [-87.25984296821301, 13.228199667080451], [-87.25979354947854, 13.22815320251192], [-87.2597217589512, 13.228086355541247], [-87.25961856832538, 13.2279935513152], [-87.25959718679675, 13.227980241287488], [-87.25952943094411, 13.22790216021366], [-87.25947870566142, 13.227854655852399], [-87.25941614003017, 13.227790853045247], [-87.25933091258936, 13.22768564384977], [-87.25932889767024, 13.227656115161459], [-87.25926733672537, 13.227620466620039], [-87.25918953565441, 13.22755732419771], [-87.25915934603609, 13.227537706390702], [-87.25913673171434, 13.227507202663158], [-87.25913624268382, 13.227485475523478], [-87.25913415182201, 13.227470699803598], [-87.25929536760356, 13.227319377367428], [-87.25951381640697, 13.227111512366923], [-87.25974196801536, 13.2268950410088], [-87.26006463061765, 13.226597885561208]]]]}}, {"type": "Feature", "properties": {"fid": 1288, "OBJECTID": null, "Name": "AYT092", "LOTE_ID": "AYT092", "FINCA": "AYOTAL", "DISTRITO": "D34", "VARIEDAD": null, "CICLO": null, "TCH 23-24": null, "ESTIMADO 2": null, "AREA CAÑA": null, "ESTATUS": null, "UBICACIÒN": null, "SEMAN COSE": null, "SEMANA COS": null, "FECHA COSE": null, "EDAD COSEC": null, "FECHA CO_1": null, "FECHA SIEM": null, "FECHA CORT": null, "EDAD HOY": null, "TIPO COSEC": null, "TIPO DE CO": null, "BLOQUE COS": null, "RANGO DIST": null, "TIPO DE SU": null, "TIPO DE RI": null, "DISTANCIAM": null, "RENOVACIÒ": null, "Area Calc": 1.212, "WKT_Poligono": "MultiPolygon (((-87.25913976 13.22745783, -87.25913974 13.22745859, -87.25910327 13.22747364, -87.25903522 13.22742239, -87.25894796 13.22735714, -87.25892896 13.22730728, -87.25903393 13.22721601, -87.25900997 13.22720107, -87.25899344 13.2272154, -87.25896668 13.22722497, -87.25892883 13.22720628, -87.25894496 13.22717431, -87.25891989 13.22714515, -87.25883305 13.22715425, -87.25881855 13.22714116, -87.25876821 13.22711718, -87.25878221 13.22709639, -87.25875999 13.22709349, -87.25872603 13.2270996, -87.2586844 13.22707153, -87.25864537 13.22700695, -87.25865439 13.22693675, -87.25861204 13.22685399, -87.25864047 13.22682226, -87.25880596 13.22665888, -87.25899852 13.22648043, -87.25907943 13.22639487, -87.25919469 13.22627341, -87.25926279 13.22622748, -87.25931206 13.22619498, -87.25934094 13.22619704, -87.25934215 13.22621158, -87.25940409 13.22614428, -87.25952901 13.22605318, -87.25955603 13.22612214, -87.25964433 13.22618032, -87.25970192 13.22623518, -87.25976089 13.22629013, -87.25985595 13.22637701, -87.25996726 13.22647606, -87.26001232 13.22650953, -87.26003995 13.22652996, -87.26001997 13.22659298, -87.25995395 13.22666651, -87.25984746 13.22677844, -87.25977085 13.22685324, -87.25968165 13.22693898, -87.2595408 13.2270704, -87.25939194 13.22720593, -87.25919462 13.22739859, -87.25913976 13.22745783)))", "Etapas Fenologicas 2026-2027_Edad Formulada Meses": "4", "Etapas Fenologicas 2026-2027_Etapa Actual": "Elongacion Inicial"}, "geometry": {"type": "MultiPolygon", "coordinates": [[[[-87.25913976178701, 13.227457833515418], [-87.25913974112098, 13.22745858839567], [-87.25910326819067, 13.227473641375212], [-87.25903522307797, 13.22742238775319], [-87.25894795862364, 13.22735714038885], [-87.2589289598402, 13.22730728347712], [-87.25903392970208, 13.2272160088382], [-87.25900997119606, 13.22720107126186], [-87.25899344468262, 13.227215400953519], [-87.25896668279866, 13.2272249661647], [-87.25892882570412, 13.227206280435249], [-87.25894495582709, 13.22717430550628], [-87.25891988858878, 13.227145151381702], [-87.25883305354714, 13.22715424660691], [-87.25881855293514, 13.227141158738508], [-87.25876820941632, 13.227117181566967], [-87.25878220851794, 13.22709638798866], [-87.25875999262571, 13.227093489451429], [-87.25872602840313, 13.22709959947627], [-87.25868439901396, 13.227071526444973], [-87.25864537158795, 13.22700694835177], [-87.25865438708782, 13.22693675009972], [-87.258612038628, 13.22685399355454], [-87.2586404674455, 13.22682225822198], [-87.25880595751173, 13.226658884852059], [-87.2589985169762, 13.226480430531666], [-87.25907943161764, 13.22639487234359], [-87.25919469164023, 13.22627340845251], [-87.25926278737793, 13.226227482860628], [-87.25931205631272, 13.226194981866238], [-87.25934094219947, 13.226197044207481], [-87.25934215094637, 13.226211584818422], [-87.25940408960517, 13.226144279927308], [-87.25952901135483, 13.22605317835318], [-87.25955602570566, 13.22612214379163], [-87.25964432516557, 13.22618032379779], [-87.2597019245204, 13.226235178749008], [-87.2597608883994, 13.226290130494531], [-87.25985595213099, 13.226377007681489], [-87.25996725764827, 13.226476061278252], [-87.26001232403374, 13.22650952567012], [-87.26003995013413, 13.226529963064808], [-87.26001996793887, 13.22659298169006], [-87.25995395112781, 13.226666506847005], [-87.2598474554956, 13.226778435287768], [-87.25977084923838, 13.226853238274428], [-87.25968164525042, 13.226938976047778], [-87.25954080207127, 13.227070402539969], [-87.259391941393, 13.227205931032998], [-87.25919462307722, 13.22739859472054], [-87.25913976178701, 13.227457833515418]]]]}}, {"type": "Feature", "properties": {"fid": 1289, "OBJECTID": null, "Name": "AYT093", "LOTE_ID": "AYT093", "FINCA": "AYOTAL", "DISTRITO": "D34", "VARIEDAD": null, "CICLO": null, "TCH 23-24": null, "ESTIMADO 2": null, "AREA CAÑA": null, "ESTATUS": null, "UBICACIÒN": null, "SEMAN COSE": null, "SEMANA COS": null, "FECHA COSE": null, "EDAD COSEC": null, "FECHA CO_1": null, "FECHA SIEM": null, "FECHA CORT": null, "EDAD HOY": null, "TIPO COSEC": null, "TIPO DE CO": null, "BLOQUE COS": null, "RANGO DIST": null, "TIPO DE SU": null, "TIPO DE RI": null, "DISTANCIAM": null, "RENOVACIÒ": null, "Area Calc": 2.691, "WKT_Poligono": "MultiPolygon (((-87.25975263 13.22831053, -87.25986204 13.2283856, -87.25998719 13.22848775, -87.25998612 13.22850698, -87.2596783 13.22879587, -87.25961607 13.22885767, -87.25949707 13.22897278, -87.25942891 13.22903867, -87.25937132 13.22909664, -87.25918791 13.22925493, -87.25917117 13.22928365, -87.2591349 13.22932289, -87.25891655 13.22952994, -87.25872849 13.22967719, -87.25859893 13.22962251, -87.25857351 13.22960013, -87.25852607 13.22956359, -87.25848146 13.22949301, -87.25844898 13.22948383, -87.25832833 13.22938368, -87.25827761 13.22934951, -87.25822592 13.22928383, -87.25815986 13.22923897, -87.25805003 13.22912215, -87.25796826 13.2290418, -87.257943 13.22899149, -87.25797258 13.22886297, -87.25800483 13.22872623, -87.25800145 13.22870628, -87.25799506 13.22866064, -87.25777944 13.22882748, -87.25780674 13.22886719, -87.25791362 13.2289555, -87.25793921 13.22886342, -87.25797225 13.22871677, -87.25799477 13.22866155, -87.25799955 13.22868894, -87.25799479 13.22866008, -87.25778147 13.22882586, -87.25789101 13.22872012, -87.25796407 13.22865206, -87.25800253 13.22861532, -87.2580608 13.22855962, -87.25808873 13.22853209, -87.25814321 13.22848128, -87.25819981 13.22845368, -87.25823352 13.22850639, -87.25828441 13.22857393, -87.25832107 13.2284741, -87.25828284 13.22846456, -87.25823198 13.22843241, -87.25823347 13.22840011, -87.25823683 13.22839534, -87.25836189 13.22825758, -87.25850755 13.2281182, -87.25886527 13.22777429, -87.2590381 13.22760842, -87.2590904 13.22759181, -87.25915979 13.2276585, -87.25924226 13.22773824, -87.25926269 13.22777772, -87.25926225 13.22784015, -87.25926042 13.22792268, -87.25927133 13.22795989, -87.25925962 13.22800613, -87.25930533 13.22794887, -87.2592868 13.22784524, -87.25931789 13.22783614, -87.2594037 13.22791903, -87.25945089 13.22796454, -87.25950194 13.22799643, -87.25963322 13.22813593, -87.25970156 13.22821125, -87.25968643 13.22822963, -87.25968218 13.22824268, -87.25975263 13.22831053)))", "Etapas Fenologicas 2026-2027_Edad Formulada Meses": "4", "Etapas Fenologicas 2026-2027_Etapa Actual": "Elongacion Inicial"}, "geometry": {"type": "MultiPolygon", "coordinates": [[[[-87.2597526294626, 13.228310530395495], [-87.25986203758599, 13.228385597078958], [-87.25998718902429, 13.228487750274816], [-87.25998611758814, 13.228506984623483], [-87.25967830288265, 13.22879586751052], [-87.2596160689437, 13.228857668636998], [-87.25949706564067, 13.22897278130196], [-87.25942890978524, 13.22903867237634], [-87.25937132164972, 13.229096635095239], [-87.25918790668231, 13.229254928950528], [-87.25917116650498, 13.22928365127994], [-87.25913489726356, 13.22932288691426], [-87.25891655380691, 13.229529937662782], [-87.2587284909661, 13.229677192761589], [-87.25859893321844, 13.22962250877008], [-87.25857350831816, 13.229600128177887], [-87.25852607303797, 13.22956358821093], [-87.25848146099264, 13.22949300819836], [-87.25844898174088, 13.229483833161996], [-87.25832832895483, 13.22938367604237], [-87.25827761241342, 13.229349510930557], [-87.25822591932777, 13.229283829035689], [-87.25815985565023, 13.229238965472815], [-87.25805003104821, 13.229122153454012], [-87.25796826468121, 13.2290417988457], [-87.25794300254853, 13.228991485076842], [-87.25797257817304, 13.228862970458017], [-87.2580048285252, 13.22872622981443], [-87.2580014461489, 13.22870627812839], [-87.25799506320445, 13.22866064402386], [-87.25777944122325, 13.228827483995252], [-87.25780673600052, 13.228867194168341], [-87.25791362031852, 13.228955501643716], [-87.25793921402612, 13.228863417972939], [-87.2579722476179, 13.228716770945706], [-87.25799477026692, 13.228661546458639], [-87.25799955339352, 13.22868893892992], [-87.25799479006527, 13.228660078768849], [-87.25778146862807, 13.228825858825562], [-87.25789100581054, 13.228720116716081], [-87.25796407017273, 13.2286520630129], [-87.25800252588937, 13.228615320598628], [-87.25806080015758, 13.2285596194843], [-87.2580887322488, 13.22853209120836], [-87.25814320591365, 13.22848127573693], [-87.258199811757, 13.228453684748958], [-87.25823351950976, 13.22850639218194], [-87.25828441241943, 13.228573931113708], [-87.25832106724987, 13.228474104807708], [-87.25828284467461, 13.228464563010936], [-87.2582319810267, 13.228432412359608], [-87.25823347101952, 13.228400108435487], [-87.25823683476032, 13.22839533758437], [-87.25836188538793, 13.228257584731908], [-87.25850754708974, 13.22811820390264], [-87.25886526914783, 13.22777429142319], [-87.25903809693911, 13.227608417466008], [-87.25909040495719, 13.227591806481183], [-87.25915978855441, 13.227658497687928], [-87.2592422617008, 13.227738242211828], [-87.25926269171946, 13.227777724498658], [-87.2592622468153, 13.227840151060692], [-87.25926041914627, 13.227922678566724], [-87.2592713347974, 13.227959885227618], [-87.25925962256038, 13.228006128489438], [-87.25930532710282, 13.22794886708958], [-87.25928680080739, 13.2278452387], [-87.25931789295558, 13.227836143891762], [-87.25940369588479, 13.227919026347566], [-87.25945089439753, 13.227964536318968], [-87.25950194257884, 13.227996431438912], [-87.2596332211675, 13.22813592971672], [-87.25970156222465, 13.228211247114768], [-87.25968643296464, 13.228229627116677], [-87.25968217926831, 13.228242680955939], [-87.2597526294626, 13.228310530395495]]]]}}, {"type": "Feature", "properties": {"fid": 1290, "OBJECTID": null, "Name": "AYT094", "LOTE_ID": "AYT094", "FINCA": "AYOTAL", "DISTRITO": "D34", "VARIEDAD": null, "CICLO": null, "TCH 23-24": null, "ESTIMADO 2": null, "AREA CAÑA": null, "ESTATUS": null, "UBICACIÒN": null, "SEMAN COSE": null, "SEMANA COS": null, "FECHA COSE": null, "EDAD COSEC": null, "FECHA CO_1": null, "FECHA SIEM": null, "FECHA CORT": null, "EDAD HOY": null, "TIPO COSEC": null, "TIPO DE CO": null, "BLOQUE COS": null, "RANGO DIST": null, "TIPO DE SU": null, "TIPO DE RI": null, "DISTANCIAM": null, "RENOVACIÒ": null, "Area Calc": 1.674, "WKT_Poligono": "MultiPolygon (((-87.25887193 13.22760123, -87.25892143 13.227687, -87.25883812 13.22778734, -87.25864997 13.22796802, -87.25856236 13.22804076, -87.25855213 13.22801786, -87.25854083 13.22798885, -87.25851497 13.2280325, -87.25851819 13.22808299, -87.25844699 13.22816021, -87.25840382 13.22821028, -87.25833947 13.22826052, -87.25829069 13.22831247, -87.25826004 13.2283447, -87.25822028 13.22837356, -87.25821098 13.22833097, -87.25826411 13.22828958, -87.25832952 13.22825205, -87.25830981 13.22824147, -87.25825023 13.22826188, -87.25819605 13.22828398, -87.25814298 13.22842414, -87.2580213 13.22857244, -87.25789409 13.22869094, -87.25782821 13.22875219, -87.25778299 13.22878938, -87.25776358 13.22879303, -87.25773112 13.22877944, -87.25769202 13.22875317, -87.25765132 13.22870163, -87.2575698 13.22863532, -87.2575336 13.22860835, -87.25748232 13.2285214, -87.2575376 13.2284908, -87.25756304 13.22847901, -87.2576526 13.22841276, -87.25766692 13.22833291, -87.25763563 13.22818612, -87.25758975 13.22805724, -87.25758188 13.22802605, -87.25752416 13.22796648, -87.25754153 13.22800522, -87.25756388 13.22807035, -87.25759588 13.22816846, -87.25760012 13.22825821, -87.25759491 13.22831059, -87.25748577 13.22841501, -87.25738594 13.22846489, -87.25732482 13.22844781, -87.25727839 13.22841145, -87.25714922 13.22829323, -87.25709704 13.22824427, -87.2570969 13.22822612, -87.25712488 13.22819267, -87.25731752 13.22800859, -87.25741513 13.22792415, -87.25747135 13.22787414, -87.25756305 13.22780183, -87.25760227 13.22779331, -87.25767008 13.22771309, -87.25772021 13.22767274, -87.25776825 13.22761357, -87.25783663 13.22753089, -87.25788469 13.22750771, -87.2579397 13.22752805, -87.25794542 13.22761124, -87.25798382 13.22763012, -87.25796294 13.22756446, -87.25797577 13.22750638, -87.2580118 13.22745755, -87.25802583 13.22744429, -87.25813849 13.2272917, -87.2583551 13.22707393, -87.25839901 13.22707238, -87.258408 13.22713405, -87.25839064 13.22729546, -87.25852923 13.22728009, -87.2585578 13.22726369, -87.2586045 13.22723424, -87.25862526 13.22723707, -87.25878062 13.22741515, -87.25885643 13.22746506, -87.25888013 13.2275427, -87.25887193 13.22760123)))", "Etapas Fenologicas 2026-2027_Edad Formulada Meses": "4", "Etapas Fenologicas 2026-2027_Etapa Actual": "Elongacion Inicial"}, "geometry": {"type": "MultiPolygon", "coordinates": [[[[-87.25887192713091, 13.22760122531759], [-87.25892142878186, 13.227686998662131], [-87.25883812021576, 13.227787342747158], [-87.25864996609116, 13.22796802384405], [-87.25856236113681, 13.228040761912832], [-87.2585521263468, 13.22801785892493], [-87.25854083066986, 13.227988854061056], [-87.25851497163436, 13.228032504662538], [-87.25851819204853, 13.22808298930333], [-87.25844699092954, 13.228160211620931], [-87.25840382235275, 13.228210283037239], [-87.25833946967845, 13.228260521072977], [-87.25829068923628, 13.22831246508943], [-87.2582600409418, 13.22834470313945], [-87.25822028042693, 13.22837355579579], [-87.258210980935, 13.228330965715308], [-87.2582641094696, 13.228289583145129], [-87.25832952255773, 13.22825205296449], [-87.2583098122506, 13.228241471395727], [-87.25825022838391, 13.228261883257781], [-87.25819604852767, 13.228283976346129], [-87.2581429779425, 13.22842413677883], [-87.25802129904454, 13.2285724399828], [-87.25789409033386, 13.228690942290237], [-87.25782820863427, 13.228752187226851], [-87.25778299360901, 13.22878938268576], [-87.25776358210305, 13.228793033035132], [-87.25773112069031, 13.22877944147604], [-87.25769202164119, 13.228753166951428], [-87.25765132498293, 13.22870163234079], [-87.25756980214304, 13.228635322226811], [-87.25753360196157, 13.228608350310259], [-87.2574823163711, 13.228521401875469], [-87.25753759569069, 13.2284907993632], [-87.25756304449736, 13.228479005701578], [-87.25765259672674, 13.228412755995658], [-87.25766691609304, 13.22833290740633], [-87.25763562529991, 13.228186120624759], [-87.25758975338374, 13.228057241797378], [-87.25758188241782, 13.228026045216769], [-87.25752415810675, 13.227966484023751], [-87.25754152728227, 13.228005216814509], [-87.25756387844268, 13.228070349362788], [-87.2575958800549, 13.228168460426508], [-87.25760011769198, 13.228258212108377], [-87.25759490508018, 13.228310591036749], [-87.25748577045765, 13.228415011595578], [-87.25738593949839, 13.228464889995077], [-87.25732481598267, 13.22844780853834], [-87.25727838979793, 13.22841144874418], [-87.25714922297755, 13.228293229807548], [-87.25709704259475, 13.228244274564029], [-87.2570968961095, 13.22822612024192], [-87.25712487581393, 13.228192673067882], [-87.25731751745498, 13.228008591139732], [-87.25741513326122, 13.22792415486403], [-87.25747135068143, 13.227874136772062], [-87.25756305454301, 13.227801830807302], [-87.25760226878285, 13.227793306225024], [-87.25767007883081, 13.227713090739622], [-87.25772020657364, 13.227672744142533], [-87.25776825041463, 13.227613572117578], [-87.2578366268818, 13.22753088948952], [-87.25788468683477, 13.227507709298408], [-87.25793970449229, 13.227528054405797], [-87.25794541660628, 13.22761123743715], [-87.25798381990344, 13.227630120841134], [-87.25796293520341, 13.227564456751358], [-87.25797576691774, 13.227506380923439], [-87.25801179670268, 13.227457553393497], [-87.25802583029999, 13.227444288360878], [-87.25813848734816, 13.227291700277956], [-87.25835510299679, 13.227073927708721], [-87.25839900826051, 13.22707237917689], [-87.25840800044935, 13.22713404916395], [-87.25839064263523, 13.22729545965174], [-87.2585292295691, 13.22728009122164], [-87.25855780301079, 13.22726369411953], [-87.25860449694598, 13.22723424010791], [-87.25862526481687, 13.22723707015917], [-87.25878061929645, 13.22741515142949], [-87.25885643482962, 13.227465059565748], [-87.2588801297665, 13.227542698058818], [-87.25887192713091, 13.22760122531759]]]]}}, {"type": "Feature", "properties": {"fid": 1291, "OBJECTID": null, "Name": "AYT095", "LOTE_ID": "AYT095", "FINCA": "AYOTAL", "DISTRITO": "D34", "VARIEDAD": null, "CICLO": null, "TCH 23-24": null, "ESTIMADO 2": null, "AREA CAÑA": null, "ESTATUS": null, "UBICACIÒN": null, "SEMAN COSE": null, "SEMANA COS": null, "FECHA COSE": null, "EDAD COSEC": null, "FECHA CO_1": null, "FECHA SIEM": null, "FECHA CORT": null, "EDAD HOY": null, "TIPO COSEC": null, "TIPO DE CO": null, "BLOQUE COS": null, "RANGO DIST": null, "TIPO DE SU": null, "TIPO DE RI": null, "DISTANCIAM": null, "RENOVACIÒ": null, "Area Calc": 2.69, "WKT_Poligono": "MultiPolygon (((-87.25775524 13.22887133, -87.25779247 13.22888143, -87.25785587 13.22893734, -87.25786102 13.22895758, -87.25791368 13.22902582, -87.25791707 13.22908036, -87.25799635 13.22910804, -87.2580517 13.2291526, -87.25820911 13.22933796, -87.25827229 13.22940607, -87.25827342 13.22944743, -87.25828524 13.22948194, -87.25831423 13.22951729, -87.25839457 13.22959722, -87.25844024 13.22962094, -87.25848936 13.22965118, -87.2585118 13.22966834, -87.25857497 13.22970163, -87.25860303 13.22973085, -87.25862303 13.22975636, -87.25864286 13.229782, -87.25862908 13.22979694, -87.2585523 13.22985567, -87.25847792 13.22992817, -87.25843901 13.22997225, -87.25835947 13.23006146, -87.25826373 13.2301573, -87.25822386 13.23019667, -87.2581864 13.2302313, -87.25816463 13.23024322, -87.25811782 13.23028746, -87.2579832 13.2304078, -87.25786086 13.23054525, -87.2576979 13.23068769, -87.25764091 13.23074143, -87.25760627 13.23077579, -87.25749346 13.23089257, -87.25736924 13.23100656, -87.25735341 13.2309924, -87.2572274 13.23085046, -87.25712955 13.23075907, -87.25703986 13.2306834, -87.25691773 13.23056332, -87.25687091 13.23049729, -87.25679185 13.23042742, -87.25675138 13.23039496, -87.25678009 13.23033933, -87.25683445 13.23028392, -87.25690194 13.23022931, -87.25695385 13.23017647, -87.25685165 13.23020204, -87.25682292 13.23021883, -87.25670397 13.23031377, -87.2566862 13.2303035, -87.2566591 13.23029466, -87.25651654 13.23019606, -87.2565001 13.23015867, -87.25646117 13.23012686, -87.25645367 13.23011545, -87.25673021 13.22985515, -87.25682745 13.22976211, -87.25701926 13.22957145, -87.25717151 13.22943357, -87.25729082 13.22930635, -87.25731777 13.2292898, -87.25744743 13.22916315, -87.25745889 13.22914081, -87.25747494 13.22912604, -87.25764299 13.22896424, -87.25775524 13.22887133)))", "Etapas Fenologicas 2026-2027_Edad Formulada Meses": "4", "Etapas Fenologicas 2026-2027_Etapa Actual": "Elongacion Inicial"}, "geometry": {"type": "MultiPolygon", "coordinates": [[[[-87.25775524189078, 13.228871332198922], [-87.25779246663564, 13.228881427718209], [-87.25785586724162, 13.22893734276954], [-87.25786101823073, 13.228957576694128], [-87.25791367972079, 13.22902581557952], [-87.25791707169215, 13.229080364088256], [-87.25799634818682, 13.229108035146748], [-87.25805170421224, 13.22915260142901], [-87.25820911391565, 13.229337959518197], [-87.25827229394372, 13.22940607180856], [-87.25827341904437, 13.2294474297995], [-87.25828524355079, 13.229481940352738], [-87.25831422864445, 13.229517289049921], [-87.25839456510155, 13.229597218775051], [-87.258440240837, 13.22962094430222], [-87.25848935726452, 13.22965117598666], [-87.25851180239351, 13.229668337852752], [-87.25857496874019, 13.229701633563241], [-87.2586030298787, 13.229730849942792], [-87.25862302657276, 13.229756357729608], [-87.25864286202511, 13.229782000076892], [-87.25862907723952, 13.22979693939966], [-87.25855230186562, 13.22985566824238], [-87.25847791513665, 13.229928172789066], [-87.2584390093375, 13.22997225383684], [-87.25835947198422, 13.230061463838622], [-87.25826373039405, 13.230157295298207], [-87.25822386299228, 13.230196670865059], [-87.25818639909338, 13.23023130040667], [-87.25816462722254, 13.230243217104388], [-87.25811782391744, 13.230287458360158], [-87.25798320466143, 13.230407800040668], [-87.2578608576687, 13.23054524723783], [-87.25769790367751, 13.23068769291809], [-87.25764090691678, 13.230741431227338], [-87.25760627440094, 13.230775786544402], [-87.25749345909011, 13.230892570233593], [-87.257369241119, 13.231006556409788], [-87.25735341142432, 13.230992398337918], [-87.25722740435437, 13.23085046292544], [-87.25712955130176, 13.230759069326087], [-87.25703985899906, 13.23068340450315], [-87.25691772692147, 13.230563321844294], [-87.25687090683004, 13.23049729455581], [-87.25679185303765, 13.23042742036636], [-87.25675137521502, 13.23039495808213], [-87.2567800948522, 13.2303393333499], [-87.2568344478991, 13.230283916375638], [-87.25690194072837, 13.230229309222691], [-87.25695385244529, 13.230176470368308], [-87.25685164921637, 13.230202035126583], [-87.2568229231193, 13.230218827172747], [-87.25670397254834, 13.230313767937732], [-87.25668619786438, 13.230303498878207], [-87.25665909678187, 13.230294660759101], [-87.25651654226768, 13.230196060043676], [-87.25650010360714, 13.230158666005646], [-87.25646117454787, 13.230126860712828], [-87.25645367241519, 13.230115449634862], [-87.25673020869894, 13.229855150362349], [-87.25682745167724, 13.22976210641643], [-87.25701925810893, 13.229571453834232], [-87.25717151022808, 13.229433565939317], [-87.25729081929181, 13.22930634631988], [-87.2573177682874, 13.22928979675], [-87.25744743149788, 13.22916314740392], [-87.25745888953722, 13.229140808197478], [-87.25747493764172, 13.22912603869017], [-87.25764299049514, 13.228964236585268], [-87.25775524189078, 13.228871332198922]]]]}}, {"type": "Feature", "properties": {"fid": 1292, "OBJECTID": null, "Name": "AYT097", "LOTE_ID": "AYT097", "FINCA": "AYOTAL", "DISTRITO": "D34", "VARIEDAD": null, "CICLO": null, "TCH 23-24": null, "ESTIMADO 2": null, "AREA CAÑA": null, "ESTATUS": null, "UBICACIÒN": null, "SEMAN COSE": null, "SEMANA COS": null, "FECHA COSE": null, "EDAD COSEC": null, "FECHA CO_1": null, "FECHA SIEM": null, "FECHA CORT": null, "EDAD HOY": null, "TIPO COSEC": null, "TIPO DE CO": null, "BLOQUE COS": null, "RANGO DIST": null, "TIPO DE SU": null, "TIPO DE RI": null, "DISTANCIAM": null, "RENOVACIÒ": null, "Area Calc": 2.735, "WKT_Poligono": "MultiPolygon (((-87.2562841 13.23028109, -87.25639887 13.23018096, -87.25648332 13.23023242, -87.25657019 13.23033709, -87.25658544 13.2303624, -87.25654513 13.23043381, -87.2565553 13.23046576, -87.25650274 13.23057364, -87.25649701 13.23060764, -87.25652358 13.23067877, -87.25664695 13.23052927, -87.25666637 13.23051383, -87.25670981 13.23050011, -87.25681656 13.23058018, -87.25687935 13.23063558, -87.25697997 13.23071802, -87.25704499 13.2308068, -87.25711624 13.23086956, -87.25726459 13.23098787, -87.25730605 13.23106409, -87.25714077 13.23123722, -87.25696919 13.23139387, -87.25684579 13.23151987, -87.25662986 13.23172874, -87.25648104 13.23187876, -87.2564446 13.23190998, -87.25618443 13.23216096, -87.25603309 13.23230864, -87.25601224 13.2323211, -87.25581613 13.23211956, -87.25569686 13.23200044, -87.25554567 13.23183918, -87.25546061 13.23175465, -87.2554123 13.23169058, -87.25534222 13.23163537, -87.25524031 13.23151889, -87.25521563 13.23151404, -87.25511896 13.23140953, -87.25512727 13.23139052, -87.25532293 13.23119733, -87.25544833 13.23108797, -87.25578268 13.23075135, -87.25623726 13.23032121, -87.2562841 13.23028109)))", "Etapas Fenologicas 2026-2027_Edad Formulada Meses": "4", "Etapas Fenologicas 2026-2027_Etapa Actual": "Elongacion Inicial"}, "geometry": {"type": "MultiPolygon", "coordinates": [[[[-87.2562840969707, 13.23028109258309], [-87.25639887145448, 13.2301809562002], [-87.25648332331834, 13.23023242371158], [-87.25657019345795, 13.230337093267902], [-87.25658544467679, 13.230362400112629], [-87.25654512973661, 13.230433814067554], [-87.25655530147954, 13.23046576414274], [-87.25650274497617, 13.230573644203583], [-87.25649701174797, 13.230607637495392], [-87.25652357626763, 13.230678766699372], [-87.25664694839614, 13.230529269279577], [-87.2566663692738, 13.230513831840247], [-87.25670980724713, 13.230500106937788], [-87.2568165602459, 13.230580182602868], [-87.25687935177301, 13.230635579101165], [-87.25697996858734, 13.23071802496187], [-87.25704498814366, 13.23080679550529], [-87.25711624150114, 13.230869562989882], [-87.25726458775951, 13.23098786873334], [-87.25730605352094, 13.23106408746578], [-87.25714076932353, 13.231237223717876], [-87.25696919124087, 13.23139387227921], [-87.25684578839126, 13.23151987257296], [-87.25662986310415, 13.23172873609818], [-87.25648104309724, 13.23187875837339], [-87.25644460098337, 13.23190997615823], [-87.25618442509032, 13.232160955718753], [-87.256033088521, 13.23230864028949], [-87.25601224023639, 13.232321101810276], [-87.25581613331978, 13.23211955549129], [-87.25569686280579, 13.2320004375028], [-87.25554566917546, 13.23183917503706], [-87.2554606062406, 13.231754647272759], [-87.25541229747522, 13.231690583571728], [-87.25534221919665, 13.231635374462169], [-87.2552403103343, 13.231518890025312], [-87.25521563258073, 13.231514038722558], [-87.2551189563632, 13.2314095259891], [-87.25512727123174, 13.23139052315611], [-87.25532292530687, 13.231197325975069], [-87.25544833499465, 13.2310879740865], [-87.25578267754885, 13.230751353659427], [-87.25623726059605, 13.230321211057317], [-87.2562840969707, 13.23028109258309]]]]}}, {"type": "Feature", "properties": {"fid": 1293, "OBJECTID": null, "Name": "AYT098", "LOTE_ID": "AYT098", "FINCA": "AYOTAL", "DISTRITO": "D34", "VARIEDAD": null, "CICLO": null, "TCH 23-24": null, "ESTIMADO 2": null, "AREA CAÑA": null, "ESTATUS": null, "UBICACIÒN": null, "SEMAN COSE": null, "SEMANA COS": null, "FECHA COSE": null, "EDAD COSEC": null, "FECHA CO_1": null, "FECHA SIEM": null, "FECHA CORT": null, "EDAD HOY": null, "TIPO COSEC": null, "TIPO DE CO": null, "BLOQUE COS": null, "RANGO DIST": null, "TIPO DE SU": null, "TIPO DE RI": null, "DISTANCIAM": null, "RENOVACIÒ": null, "Area Calc": 3.001, "WKT_Poligono": "MultiPolygon (((-87.2560632 13.22980681, -87.2561565 13.22993068, -87.2561784 13.22994221, -87.256324 13.23008299, -87.25638005 13.23010699, -87.25627416 13.23022872, -87.25611733 13.23038655, -87.25563218 13.23084234, -87.25528014 13.23118412, -87.25517912 13.23127632, -87.25513572 13.23132255, -87.25508162 13.2313628, -87.25504479 13.23132912, -87.25498066 13.2312686, -87.25491692 13.23121047, -87.2549009 13.23119385, -87.25485446 13.23115337, -87.25483882 13.23113294, -87.25473264 13.23102972, -87.25461593 13.23089639, -87.25448976 13.2307832, -87.25438629 13.23067857, -87.25435744 13.23063905, -87.25430933 13.23060228, -87.25426582 13.23054941, -87.25419431 13.23048527, -87.2541815 13.23045357, -87.25401156 13.23029376, -87.25400137 13.23026959, -87.25416388 13.2301149, -87.25419012 13.23012584, -87.25426447 13.23005297, -87.25430229 13.23006349, -87.25438748 13.22998237, -87.25438711 13.22998177, -87.25442455 13.22998275, -87.25454779 13.22988453, -87.25458008 13.22988231, -87.25468607 13.22978252, -87.25470649 13.22977829, -87.25472912 13.22977784, -87.25475837 13.22975294, -87.25480334 13.22972103, -87.25485162 13.22970474, -87.25491712 13.22964172, -87.25495501 13.22961902, -87.25497767 13.22962614, -87.25502119 13.22958445, -87.25504972 13.22955463, -87.25508495 13.22952984, -87.25517052 13.22948891, -87.25523814 13.22946871, -87.25532477 13.22938867, -87.25537405 13.22933452, -87.25540984 13.22934052, -87.25547437 13.22928241, -87.25554475 13.2293015, -87.25566773 13.22940454, -87.25575618 13.22950417, -87.25593503 13.22967987, -87.2560632 13.22980681)))", "Etapas Fenologicas 2026-2027_Edad Formulada Meses": "4", "Etapas Fenologicas 2026-2027_Etapa Actual": "Elongacion Inicial"}, "geometry": {"type": "MultiPolygon", "coordinates": [[[[-87.25606320096779, 13.229806808130048], [-87.25615650214172, 13.229930681780237], [-87.25617839848603, 13.229942210177391], [-87.2563239974156, 13.230082991589398], [-87.25638004608048, 13.230106993174086], [-87.2562741638143, 13.23022871727739], [-87.25611733126556, 13.230386551669369], [-87.25563217824568, 13.230842340100574], [-87.25528014310652, 13.23118411532588], [-87.25517912160751, 13.231276323811148], [-87.25513572066694, 13.2313225517981], [-87.25508161842079, 13.2313628004605], [-87.25504478985145, 13.231329120877998], [-87.25498066308498, 13.231268597450798], [-87.25491691578561, 13.23121046809064], [-87.25490089769356, 13.23119385380329], [-87.25485445938203, 13.231153373436358], [-87.25483882146082, 13.231132942323248], [-87.25473264286323, 13.231029723050678], [-87.25461592501996, 13.230896391641718], [-87.2544897649052, 13.230783201689079], [-87.25438629188024, 13.23067856852233], [-87.25435743564366, 13.230639050176526], [-87.25430933165882, 13.230602278524108], [-87.25426581600917, 13.230549407198803], [-87.25419431225772, 13.230485265500867], [-87.25418149812899, 13.230453569701067], [-87.25401155970053, 13.230293764571329], [-87.25400136636864, 13.230269590720528], [-87.25416388197593, 13.230114899448752], [-87.254190124969, 13.230125842945991], [-87.25426446897805, 13.230052970387717], [-87.25430229407134, 13.23006348987807], [-87.25438747927856, 13.229982370115108], [-87.25438711166417, 13.229981768327868], [-87.25442454651781, 13.229982748656834], [-87.25454778720685, 13.229884529184728], [-87.25458008030813, 13.229882310226012], [-87.25468606952316, 13.229782515328631], [-87.25470648767923, 13.22977829284295], [-87.25472912070883, 13.229777835552502], [-87.25475837302275, 13.22975294189299], [-87.25480334493753, 13.22972102986376], [-87.25485161510828, 13.22970473779564], [-87.2549171219066, 13.229641716124457], [-87.2549550090674, 13.229619018638566], [-87.2549776736638, 13.22962613988563], [-87.25502118716287, 13.229584445236608], [-87.2550497192884, 13.229554627336608], [-87.25508494687257, 13.229529842579662], [-87.25517051926795, 13.229488914157749], [-87.25523813604023, 13.229468713931498], [-87.2553247655215, 13.22938866855729], [-87.25537405382708, 13.229334522838748], [-87.25540983984101, 13.229340523490464], [-87.25547436654858, 13.229282411801398], [-87.25554475107484, 13.229301500944768], [-87.25566773164263, 13.229404540313569], [-87.25575617783599, 13.229504173032282], [-87.25593503141984, 13.2296798700235], [-87.25606320096779, 13.229806808130048]]]]}}, {"type": "Feature", "properties": {"fid": 1294, "OBJECTID": null, "Name": "AYT099", "LOTE_ID": "AYT099", "FINCA": "AYOTAL", "DISTRITO": "D34", "VARIEDAD": null, "CICLO": null, "TCH 23-24": null, "ESTIMADO 2": null, "AREA CAÑA": null, "ESTATUS": null, "UBICACIÒN": null, "SEMAN COSE": null, "SEMANA COS": null, "FECHA COSE": null, "EDAD COSEC": null, "FECHA CO_1": null, "FECHA SIEM": null, "FECHA CORT": null, "EDAD HOY": null, "TIPO COSEC": null, "TIPO DE CO": null, "BLOQUE COS": null, "RANGO DIST": null, "TIPO DE SU": null, "TIPO DE RI": null, "DISTANCIAM": null, "RENOVACIÒ": null, "Area Calc": 2.082, "WKT_Poligono": "MultiPolygon (((-87.25474427 13.23183648, -87.25505266 13.23152109, -87.25512669 13.231563, -87.25531578 13.23175507, -87.25540982 13.23183782, -87.25546108 13.23189692, -87.25552629 13.2319626, -87.25555141 13.23198191, -87.25557644 13.23200708, -87.25560631 13.23203558, -87.25562541 13.23204698, -87.2554375 13.23230416, -87.25542159 13.2324445, -87.25540058 13.23250998, -87.25541725 13.23260138, -87.25548728 13.23266686, -87.25551049 13.23267216, -87.25556061 13.2326898, -87.2555708 13.23270782, -87.25545853 13.23282282, -87.25524967 13.23301183, -87.25505559 13.23319798, -87.25489807 13.23333968, -87.2548145 13.23330699, -87.25476675 13.23331034, -87.25472445 13.23328316, -87.25467481 13.23323529, -87.25459793 13.23320334, -87.25437113 13.23305582, -87.254147 13.23293062, -87.25399112 13.23280404, -87.25386129 13.23269362, -87.2540547 13.23248004, -87.25420492 13.23234353, -87.25438786 13.23214523, -87.25474427 13.23183648)))", "Etapas Fenologicas 2026-2027_Edad Formulada Meses": null, "Etapas Fenologicas 2026-2027_Etapa Actual": null}, "geometry": {"type": "MultiPolygon", "coordinates": [[[[-87.25474426570345, 13.231836482909207], [-87.25505265921616, 13.23152108744128], [-87.25512668915762, 13.23156300403776], [-87.25531578423686, 13.231755069359668], [-87.25540981637361, 13.231837821145527], [-87.25546107648758, 13.23189692360897], [-87.25552628585848, 13.23196260396074], [-87.25555140688058, 13.231981913216773], [-87.25557643599231, 13.232007075054637], [-87.25560631470248, 13.23203558310388], [-87.2556254059828, 13.23204697687351], [-87.25543749825376, 13.232304157011766], [-87.2554215867365, 13.23244450276793], [-87.25540057856583, 13.23250998208986], [-87.25541725132236, 13.232601382412458], [-87.25548728055281, 13.232666861937968], [-87.25551048968828, 13.232672162223501], [-87.25556060829805, 13.232689796226666], [-87.25557080227783, 13.232707823153131], [-87.25545853016243, 13.232822824222612], [-87.25524967235043, 13.233011825416398], [-87.25505558740369, 13.233197980799098], [-87.25489806641546, 13.23333968162008], [-87.25481449821065, 13.233306986237379], [-87.25476675309231, 13.233310336067008], [-87.25472444738398, 13.233283155747388], [-87.25467480755606, 13.23323528655959], [-87.2545979274024, 13.23320333587607], [-87.25437112610992, 13.233055817829639], [-87.25414699719569, 13.232930620587315], [-87.25399111525152, 13.23280404179747], [-87.25386129419628, 13.2326936223785], [-87.25405469735033, 13.23248003912099], [-87.25420491565711, 13.232343533284121], [-87.25438786225655, 13.232145233609268], [-87.25474426570345, 13.231836482909207]]]]}}, {"type": "Feature", "properties": {"fid": 1295, "OBJECTID": null, "Name": "AYT100", "LOTE_ID": "AYT100", "FINCA": "AYOTAL", "DISTRITO": "D34", "VARIEDAD": null, "CICLO": null, "TCH 23-24": null, "ESTIMADO 2": null, "AREA CAÑA": null, "ESTATUS": null, "UBICACIÒN": null, "SEMAN COSE": null, "SEMANA COS": null, "FECHA COSE": null, "EDAD COSEC": null, "FECHA CO_1": null, "FECHA SIEM": null, "FECHA CORT": null, "EDAD HOY": null, "TIPO COSEC": null, "TIPO DE CO": null, "BLOQUE COS": null, "RANGO DIST": null, "TIPO DE SU": null, "TIPO DE RI": null, "DISTANCIAM": null, "RENOVACIÒ": null, "Area Calc": 3.733, "WKT_Poligono": "MultiPolygon (((-87.25385 13.23257188, -87.2538057 13.23256325, -87.25374105 13.23250244, -87.25367704 13.23245315, -87.25357095 13.23236656, -87.25342138 13.23224288, -87.25332809 13.23218192, -87.25318506 13.23207057, -87.2530148 13.23190227, -87.25289301 13.23178713, -87.25286433 13.2317513, -87.25282013 13.23173044, -87.25262643 13.23156014, -87.25253972 13.23145524, -87.2524155 13.23132087, -87.25242306 13.23129522, -87.25255127 13.23117915, -87.25265902 13.23112507, -87.25269768 13.23108838, -87.25280691 13.2310167, -87.25286041 13.23096554, -87.25286769 13.23094879, -87.25292472 13.23093573, -87.25302579 13.23085113, -87.25306705 13.23083735, -87.25315226 13.23075992, -87.2531746 13.2307641, -87.25325191 13.23069857, -87.25329558 13.23068408, -87.25335029 13.23064877, -87.25347034 13.2305905, -87.25348933 13.23056193, -87.25351489 13.23053331, -87.25356014 13.23053497, -87.25357996 13.23051616, -87.25367994 13.23043517, -87.25369899 13.23043116, -87.2537947 13.23035564, -87.25382458 13.23035624, -87.25388555 13.2303059, -87.25392016 13.23030711, -87.25420341 13.23058735, -87.25428523 13.23067471, -87.25436694 13.23076096, -87.25440773 13.23079896, -87.25464773 13.23103251, -87.25479879 13.23120084, -87.25493543 13.2313307, -87.25503264 13.23142982, -87.2550091 13.23145549, -87.25497614 13.23149362, -87.2548381 13.23162815, -87.25458359 13.23188456, -87.25423186 13.23221978, -87.25403063 13.23242029, -87.25385 13.23257188)))", "Etapas Fenologicas 2026-2027_Edad Formulada Meses": null, "Etapas Fenologicas 2026-2027_Etapa Actual": null}, "geometry": {"type": "MultiPolygon", "coordinates": [[[[-87.25384999935906, 13.23257187861783], [-87.25380570219556, 13.23256324521451], [-87.25374105026174, 13.232502436166111], [-87.25367704301584, 13.23245315184639], [-87.25357094991804, 13.232366557594721], [-87.25342137803636, 13.23224287653329], [-87.25332809121977, 13.232181918574963], [-87.25318506163407, 13.232070572907402], [-87.2530147961048, 13.231902272993477], [-87.25289301273472, 13.231787129299372], [-87.25286432792032, 13.23175130112227], [-87.25282012676004, 13.231730438425208], [-87.25262643437675, 13.231560137502848], [-87.25253971600623, 13.231455238304848], [-87.25241550288708, 13.231320871487247], [-87.25242305731872, 13.231295220456932], [-87.25255127380508, 13.23117915353035], [-87.25265901700335, 13.231125070323488], [-87.25269768176842, 13.231088380860058], [-87.25280690847944, 13.231016703683238], [-87.25286041357275, 13.230965542002922], [-87.25286769300347, 13.230948786699138], [-87.25292472012006, 13.230935728970529], [-87.25302579227389, 13.23085113386301], [-87.25306705387963, 13.230837350650708], [-87.25315226133874, 13.230759916318988], [-87.25317459506566, 13.230764100961082], [-87.25325191179883, 13.230698569232628], [-87.25329557695491, 13.230684080299538], [-87.25335029441726, 13.23064877201954], [-87.25347033759728, 13.230590500287228], [-87.2534893318823, 13.230561933119171], [-87.25351488861232, 13.23053331233475], [-87.25356013736828, 13.230534965204052], [-87.25357996329798, 13.230516159811929], [-87.25367994106664, 13.230435165341362], [-87.253698994916, 13.230431162851978], [-87.25379469681505, 13.23035563949829], [-87.25382458375361, 13.23035623556329], [-87.25388554961903, 13.230305903413404], [-87.25392016072122, 13.230307105014578], [-87.25420340544318, 13.23058734735258], [-87.25428522881067, 13.230674709741969], [-87.25436694366184, 13.230760955511188], [-87.25440772550239, 13.23079895871594], [-87.25464772745367, 13.23103251128495], [-87.25479879063222, 13.23120083724472], [-87.25493542558158, 13.231330696472607], [-87.25503263651308, 13.231429823804318], [-87.25500909507971, 13.231455492407518], [-87.25497614148306, 13.231493619130038], [-87.25483809622197, 13.231628153690679], [-87.25458359079892, 13.231884558489421], [-87.25423186448911, 13.232219778428652], [-87.25403062923294, 13.232420285290406], [-87.25384999935906, 13.23257187861783]]]]}}, {"type": "Feature", "properties": {"fid": 1296, "OBJECTID": null, "Name": "AYT096", "LOTE_ID": "AYT096", "FINCA": "AYOTAL", "DISTRITO": "D34", "VARIEDAD": null, "CICLO": null, "TCH 23-24": null, "ESTIMADO 2": null, "AREA CAÑA": null, "ESTATUS": null, "UBICACIÒN": null, "SEMAN COSE": null, "SEMANA COS": null, "FECHA COSE": null, "EDAD COSEC": null, "FECHA CO_1": null, "FECHA SIEM": null, "FECHA CORT": null, "EDAD HOY": null, "TIPO COSEC": null, "TIPO DE CO": null, "BLOQUE COS": null, "RANGO DIST": null, "TIPO DE SU": null, "TIPO DE RI": null, "DISTANCIAM": null, "RENOVACIÒ": null, "Area Calc": 2.239, "WKT_Poligono": "MultiPolygon (((-87.25558323 13.22925682, -87.25565083 13.22919127, -87.25703428 13.2282139, -87.25730697 13.22845946, -87.25737614 13.22848449, -87.25738329 13.22850927, -87.25736958 13.22854647, -87.25730951 13.22863796, -87.25726066 13.22868393, -87.25725454 13.22873322, -87.25730348 13.22876204, -87.25734686 13.22874122, -87.25737587 13.22863634, -87.25737677 13.22861251, -87.257439 13.22855498, -87.25747978 13.22859083, -87.25760372 13.2287188, -87.25771454 13.22881424, -87.25771197 13.228822, -87.25756207 13.22896636, -87.25749216 13.22905528, -87.25742599 13.2291166, -87.25741162 13.22913322, -87.25729829 13.22923175, -87.25726585 13.22926816, -87.25725922 13.22927363, -87.25707007 13.22944863, -87.25695999 13.2295517, -87.25679669 13.22971384, -87.25666833 13.22982882, -87.25644025 13.23002229, -87.25639152 13.23007152, -87.25629048 13.22996674, -87.25625041 13.22994242, -87.25613235 13.22982412, -87.25609077 13.22978813, -87.25596067 13.2296339, -87.25591702 13.2296151, -87.25568219 13.22936357, -87.25566937 13.22934679, -87.25559265 13.22927196, -87.25558323 13.22925682)))", "Etapas Fenologicas 2026-2027_Edad Formulada Meses": "4", "Etapas Fenologicas 2026-2027_Etapa Actual": "Elongacion Inicial"}, "geometry": {"type": "MultiPolygon", "coordinates": [[[[-87.25558323467679, 13.229256820399428], [-87.25565082895345, 13.22919126872808], [-87.25703428097171, 13.22821389810611], [-87.2573069747073, 13.228459464553978], [-87.25737614055367, 13.228484493418332], [-87.25738328526894, 13.228509271595778], [-87.25736957792772, 13.228546474075369], [-87.25730950749183, 13.22863795928358], [-87.25726065896417, 13.228683929928748], [-87.25725454392818, 13.228733216311529], [-87.25730348352812, 13.228762036836498], [-87.25734686029016, 13.22874122024674], [-87.25737587486816, 13.228636344287978], [-87.25737677391828, 13.228612509212102], [-87.25743899805661, 13.228554977146809], [-87.2574797807127, 13.22859082928159], [-87.2576037212434, 13.228718796170808], [-87.2577145417257, 13.22881424133064], [-87.25771197215515, 13.228822003926648], [-87.25756207246765, 13.22896636382845], [-87.2574921579011, 13.229055280828739], [-87.25742599216485, 13.229116603608482], [-87.25741161674155, 13.229133216067938], [-87.25729829044208, 13.229231753946307], [-87.2572658486293, 13.229268164704282], [-87.25725922083042, 13.22927363058091], [-87.25707006793094, 13.229448632910858], [-87.256959986125, 13.229551695029608], [-87.25679668728831, 13.229713843990542], [-87.25666832715457, 13.229828818918682], [-87.25644025234492, 13.23002229338057], [-87.25639151792099, 13.230071522181008], [-87.25629048346343, 13.22996674132708], [-87.25625041239282, 13.229942418282588], [-87.25613235095834, 13.229824121799721], [-87.25609077001347, 13.229788134254896], [-87.25596066918611, 13.229633899679701], [-87.25591702463076, 13.229615101578798], [-87.25568219109967, 13.22936357061161], [-87.25566937265103, 13.229346788642031], [-87.25559265059, 13.229271961628331], [-87.25558323467679, 13.229256820399428]]]]}}, {"type": "Feature", "properties": {"fid": 1297, "OBJECTID": null, "Name": "AYT038", "LOTE_ID": "AYT038", "FINCA": "AYOTAL", "DISTRITO": "D34", "VARIEDAD": null, "CICLO": null, "TCH 23-24": null, "ESTIMADO 2": null, "AREA CAÑA": null, "ESTATUS": null, "UBICACIÒN": null, "SEMAN COSE": null, "SEMANA COS": null, "FECHA COSE": null, "EDAD COSEC": null, "FECHA CO_1": null, "FECHA SIEM": null, "FECHA CORT": null, "EDAD HOY": null, "TIPO COSEC": null, "TIPO DE CO": null, "BLOQUE COS": null, "RANGO DIST": null, "TIPO DE SU": null, "TIPO DE RI": null, "DISTANCIAM": null, "RENOVACIÒ": null, "Area Calc": 0.223, "WKT_Poligono": "MultiPolygon (((-87.2687782 13.21770301, -87.2684123 13.21848962, -87.26815988 13.21821956, -87.26818483 13.21809437, -87.26824108 13.21802942, -87.26834495 13.21798304, -87.26847723 13.2179512, -87.26857346 13.21784971, -87.26866687 13.21768959, -87.2687782 13.21770301)))", "Etapas Fenologicas 2026-2027_Edad Formulada Meses": "5", "Etapas Fenologicas 2026-2027_Etapa Actual": "Elongacion Inicial"}, "geometry": {"type": "MultiPolygon", "coordinates": [[[[-87.2687781978004, 13.21770300862735], [-87.26841230144716, 13.218489618856008], [-87.26815988340596, 13.2182195567777], [-87.26818483429251, 13.218094371449299], [-87.26824107502436, 13.218029418654096], [-87.26834494823241, 13.217983044298762], [-87.26847723265116, 13.217951198873932], [-87.26857346159461, 13.21784970590259], [-87.26866687227155, 13.217689591816242], [-87.2687781978004, 13.21770300862735]]]]}}, {"type": "Feature", "properties": {"fid": 1298, "OBJECTID": null, "Name": "AYT047", "LOTE_ID": "AYT047", "FINCA": "AYOTAL", "DISTRITO": "D34", "VARIEDAD": null, "CICLO": null, "TCH 23-24": null, "ESTIMADO 2": null, "AREA CAÑA": null, "ESTATUS": null, "UBICACIÒN": null, "SEMAN COSE": null, "SEMANA COS": null, "FECHA COSE": null, "EDAD COSEC": null, "FECHA CO_1": null, "FECHA SIEM": null, "FECHA CORT": null, "EDAD HOY": null, "TIPO COSEC": null, "TIPO DE CO": null, "BLOQUE COS": null, "RANGO DIST": null, "TIPO DE SU": null, "TIPO DE RI": null, "DISTANCIAM": null, "RENOVACIÒ": null, "Area Calc": 3.825, "WKT_Poligono": "MultiPolygon (((-87.26625375 13.21893295, -87.26498667 13.21767754, -87.26577334 13.21591799, -87.26702217 13.21717336, -87.26625375 13.21893295)))", "Etapas Fenologicas 2026-2027_Edad Formulada Meses": "4", "Etapas Fenologicas 2026-2027_Etapa Actual": "Elongacion Inicial"}, "geometry": {"type": "MultiPolygon", "coordinates": [[[[-87.26625375152231, 13.21893295206251], [-87.26498666699548, 13.21767754135865], [-87.26577334269734, 13.215917989150496], [-87.26702217122343, 13.21717336003423], [-87.26625375152231, 13.21893295206251]]]]}}, {"type": "Feature", "properties": {"fid": 1299, "OBJECTID": null, "Name": "AYT046", "LOTE_ID": "AYT046", "FINCA": "AYOTAL", "DISTRITO": "D34", "VARIEDAD": null, "CICLO": null, "TCH 23-24": null, "ESTIMADO 2": null, "AREA CAÑA": null, "ESTATUS": null, "UBICACIÒN": null, "SEMAN COSE": null, "SEMANA COS": null, "FECHA COSE": null, "EDAD COSEC": null, "FECHA CO_1": null, "FECHA SIEM": null, "FECHA CORT": null, "EDAD HOY": null, "TIPO COSEC": null, "TIPO DE CO": null, "BLOQUE COS": null, "RANGO DIST": null, "TIPO DE SU": null, "TIPO DE RI": null, "DISTANCIAM": null, "RENOVACIÒ": null, "Area Calc": 3.949, "WKT_Poligono": "MultiPolygon (((-87.26702748 13.21714461, -87.26575945 13.21586952, -87.26657991 13.21414076, -87.26788312 13.21540575, -87.26702748 13.21714461)))", "Etapas Fenologicas 2026-2027_Edad Formulada Meses": "4", "Etapas Fenologicas 2026-2027_Etapa Actual": "Elongacion Inicial"}, "geometry": {"type": "MultiPolygon", "coordinates": [[[[-87.26702748193075, 13.217144605827036], [-87.26575944866434, 13.21586951563591], [-87.26657991197665, 13.21414076226157], [-87.26788312279757, 13.21540575475207], [-87.26702748193075, 13.217144605827036]]]]}}, {"type": "Feature", "properties": {"fid": 1300, "OBJECTID": null, "Name": "AYT049", "LOTE_ID": "AYT049", "FINCA": "AYOTAL", "DISTRITO": "D34", "VARIEDAD": null, "CICLO": null, "TCH 23-24": null, "ESTIMADO 2": null, "AREA CAÑA": null, "ESTATUS": null, "UBICACIÒN": null, "SEMAN COSE": null, "SEMANA COS": null, "FECHA COSE": null, "EDAD COSEC": null, "FECHA CO_1": null, "FECHA SIEM": null, "FECHA CORT": null, "EDAD HOY": null, "TIPO COSEC": null, "TIPO DE CO": null, "BLOQUE COS": null, "RANGO DIST": null, "TIPO DE SU": null, "TIPO DE RI": null, "DISTANCIAM": null, "RENOVACIÒ": null, "Area Calc": 3.04, "WKT_Poligono": "MultiPolygon (((-87.26653599 13.21410885, -87.2657377 13.21583602, -87.26469365 13.21478981, -87.2655626 13.21314898, -87.26653599 13.21410885)))", "Etapas Fenologicas 2026-2027_Edad Formulada Meses": "4", "Etapas Fenologicas 2026-2027_Etapa Actual": "Elongacion Inicial"}, "geometry": {"type": "MultiPolygon", "coordinates": [[[[-87.26653598573107, 13.2141088463638], [-87.2657377016349, 13.215836019875583], [-87.26469364955952, 13.21478980615685], [-87.26556259891609, 13.213148980656378], [-87.26653598573107, 13.2141088463638]]]]}}, {"type": "Feature", "properties": {"fid": 1301, "OBJECTID": null, "Name": "AYT050", "LOTE_ID": "AYT050", "FINCA": "AYOTAL", "DISTRITO": "D34", "VARIEDAD": null, "CICLO": null, "TCH 23-24": null, "ESTIMADO 2": null, "AREA CAÑA": null, "ESTATUS": null, "UBICACIÒN": null, "SEMAN COSE": null, "SEMANA COS": null, "FECHA COSE": null, "EDAD COSEC": null, "FECHA CO_1": null, "FECHA SIEM": null, "FECHA CORT": null, "EDAD HOY": null, "TIPO COSEC": null, "TIPO DE CO": null, "BLOQUE COS": null, "RANGO DIST": null, "TIPO DE SU": null, "TIPO DE RI": null, "DISTANCIAM": null, "RENOVACIÒ": null, "Area Calc": 1.951, "WKT_Poligono": "MultiPolygon (((-87.26746322 13.21244767, -87.26654643 13.21408088, -87.26557468 13.21311001, -87.26579742 13.21265838, -87.26602453 13.2126759, -87.26619953 13.2126891, -87.26637919 13.21279528, -87.26648851 13.21278273, -87.26655464 13.21271116, -87.26660421 13.21264466, -87.26661137 13.2126364, -87.26662163 13.21261993, -87.26667629 13.21257086, -87.26675809 13.21258332, -87.26682721 13.21255904, -87.26687524 13.21244249, -87.26689357 13.21232387, -87.26697291 13.21225422, -87.26704529 13.21219693, -87.26710158 13.21218823, -87.26714618 13.21213827, -87.26746322 13.21244767)))", "Etapas Fenologicas 2026-2027_Edad Formulada Meses": "4", "Etapas Fenologicas 2026-2027_Etapa Actual": "Elongacion Inicial"}, "geometry": {"type": "MultiPolygon", "coordinates": [[[[-87.26746321715645, 13.21244766566488], [-87.26654642852999, 13.214080884664899], [-87.26557468330694, 13.21311001214225], [-87.26579742207558, 13.212658380277793], [-87.26602452754231, 13.21267589604108], [-87.26619953043978, 13.212689103217759], [-87.26637918842135, 13.212795277711322], [-87.26648850809592, 13.212782727694758], [-87.26655463977261, 13.212711160820662], [-87.2666042069855, 13.212644655851948], [-87.2666113685552, 13.21263640351998], [-87.26662162766365, 13.21261992764852], [-87.26667628827997, 13.212570864283899], [-87.26675808935369, 13.2125833163217], [-87.2668272092663, 13.212559040791138], [-87.26687524101077, 13.21244249431633], [-87.2668935710248, 13.21232386849792], [-87.26697290904707, 13.212254221096003], [-87.26704528966012, 13.21219692985112], [-87.26710157509703, 13.21218823250407], [-87.26714617913261, 13.21213827203658], [-87.26746321715645, 13.21244766566488]]]]}}, {"type": "Feature", "properties": {"fid": 1302, "OBJECTID": null, "Name": "AYT045", "LOTE_ID": "AYT045", "FINCA": "AYOTAL", "DISTRITO": "D34", "VARIEDAD": null, "CICLO": null, "TCH 23-24": null, "ESTIMADO 2": null, "AREA CAÑA": null, "ESTATUS": null, "UBICACIÒN": null, "SEMAN COSE": null, "SEMANA COS": null, "FECHA COSE": null, "EDAD COSEC": null, "FECHA CO_1": null, "FECHA SIEM": null, "FECHA CORT": null, "EDAD HOY": null, "TIPO COSEC": null, "TIPO DE CO": null, "BLOQUE COS": null, "RANGO DIST": null, "TIPO DE SU": null, "TIPO DE RI": null, "DISTANCIAM": null, "RENOVACIÒ": null, "Area Calc": 3.64, "WKT_Poligono": "MultiPolygon (((-87.26810587 13.21816789, -87.26709709 13.21718268, -87.26795255 13.21547998, -87.26923111 13.21673128, -87.26891924 13.21741347, -87.26864518 13.21755106, -87.26858956 13.21773671, -87.26845228 13.217881, -87.26833238 13.21794063, -87.26818238 13.21799726, -87.26810587 13.21816789)))", "Etapas Fenologicas 2026-2027_Edad Formulada Meses": "5", "Etapas Fenologicas 2026-2027_Etapa Actual": "Elongacion Inicial"}, "geometry": {"type": "MultiPolygon", "coordinates": [[[[-87.26810586862908, 13.218167893575801], [-87.26709709282547, 13.2171826754429], [-87.26795254872108, 13.2154799769417], [-87.26923110664525, 13.216731277636786], [-87.26891924399246, 13.217413470011588], [-87.26864517942539, 13.217551056707128], [-87.26858955518533, 13.21773671071941], [-87.2684522806808, 13.217880999029418], [-87.26833238395183, 13.21794062588679], [-87.2681823770895, 13.217997262973007], [-87.26810586862908, 13.218167893575801]]]]}}, {"type": "Feature", "properties": {"fid": 1303, "OBJECTID": null, "Name": "AYT041", "LOTE_ID": "AYT041", "FINCA": "AYOTAL", "DISTRITO": "D34", "VARIEDAD": null, "CICLO": null, "TCH 23-24": null, "ESTIMADO 2": null, "AREA CAÑA": null, "ESTATUS": null, "UBICACIÒN": null, "SEMAN COSE": null, "SEMANA COS": null, "FECHA COSE": null, "EDAD COSEC": null, "FECHA CO_1": null, "FECHA SIEM": null, "FECHA CORT": null, "EDAD HOY": null, "TIPO COSEC": null, "TIPO DE CO": null, "BLOQUE COS": null, "RANGO DIST": null, "TIPO DE SU": null, "TIPO DE RI": null, "DISTANCIAM": null, "RENOVACIÒ": null, "Area Calc": 1.188, "WKT_Poligono": "MultiPolygon (((-87.26756755 13.22023998, -87.26691036 13.21959839, -87.26708959 13.21944812, -87.26727211 13.21939545, -87.26749207 13.21935367, -87.26762072 13.21922246, -87.26753108 13.21894423, -87.26767297 13.21893048, -87.26769406 13.2189271, -87.26770612 13.21892046, -87.26784295 13.21880944, -87.26774779 13.2186032, -87.26787794 13.21846108, -87.26815525 13.21826431, -87.26835952 13.2185365, -87.26756755 13.22023998)))", "Etapas Fenologicas 2026-2027_Edad Formulada Meses": "5", "Etapas Fenologicas 2026-2027_Etapa Actual": "Elongacion Inicial"}, "geometry": {"type": "MultiPolygon", "coordinates": [[[[-87.26756754559472, 13.22023997898187], [-87.26691036158155, 13.219598391600062], [-87.26708959090041, 13.21944812132037], [-87.2672721128483, 13.219395450964827], [-87.26749206592173, 13.219353670466367], [-87.2676207210661, 13.219222455378404], [-87.26753108432875, 13.21894423466399], [-87.2676729673589, 13.218930480709421], [-87.26769406013955, 13.218927101856378], [-87.26770612282064, 13.218920461446011], [-87.26784294756175, 13.218809444232251], [-87.26774779398932, 13.218603200073378], [-87.26787794222503, 13.21846108467244], [-87.26815524783092, 13.21826430874278], [-87.26835951722173, 13.218536498127914], [-87.26756754559472, 13.22023997898187]]]]}}, {"type": "Feature", "properties": {"fid": 1304, "OBJECTID": null, "Name": "AYT044", "LOTE_ID": "AYT044", "FINCA": "AYOTAL", "DISTRITO": "D34", "VARIEDAD": null, "CICLO": null, "TCH 23-24": null, "ESTIMADO 2": null, "AREA CAÑA": null, "ESTATUS": null, "UBICACIÒN": null, "SEMAN COSE": null, "SEMANA COS": null, "FECHA COSE": null, "EDAD COSEC": null, "FECHA CO_1": null, "FECHA SIEM": null, "FECHA CORT": null, "EDAD HOY": null, "TIPO COSEC": null, "TIPO DE CO": null, "BLOQUE COS": null, "RANGO DIST": null, "TIPO DE SU": null, "TIPO DE RI": null, "DISTANCIAM": null, "RENOVACIÒ": null, "Area Calc": 2.447, "WKT_Poligono": "MultiPolygon (((-87.26724885 13.21932566, -87.26688295 13.21956378, -87.26628897 13.2189649, -87.26707789 13.21722123, -87.26808737 13.21822116, -87.26803878 13.21827184, -87.26778242 13.21841983, -87.26765495 13.21855524, -87.26761792 13.21862218, -87.2675828 13.21873614, -87.26724885 13.21932566)))", "Etapas Fenologicas 2026-2027_Edad Formulada Meses": "4", "Etapas Fenologicas 2026-2027_Etapa Actual": "Elongacion Inicial"}, "geometry": {"type": "MultiPolygon", "coordinates": [[[[-87.26724885451917, 13.21932566232253], [-87.26688295188546, 13.219563784309269], [-87.266288969026, 13.21896489847102], [-87.26707789479642, 13.2172212289884], [-87.26808736937056, 13.21822116027396], [-87.26803877621731, 13.218271835336799], [-87.26778242304691, 13.218419833527788], [-87.26765495442861, 13.218555238227097], [-87.26761792344759, 13.21862218353787], [-87.26758279968165, 13.218736135157638], [-87.26724885451917, 13.21932566232253]]]]}}, {"type": "Feature", "properties": {"fid": 1305, "OBJECTID": null, "Name": "AYT048", "LOTE_ID": "AYT048", "FINCA": "AYOTAL", "DISTRITO": "D34", "VARIEDAD": null, "CICLO": null, "TCH 23-24": null, "ESTIMADO 2": null, "AREA CAÑA": null, "ESTATUS": null, "UBICACIÒN": null, "SEMAN COSE": null, "SEMANA COS": null, "FECHA COSE": null, "EDAD COSEC": null, "FECHA CO_1": null, "FECHA SIEM": null, "FECHA CORT": null, "EDAD HOY": null, "TIPO COSEC": null, "TIPO DE CO": null, "BLOQUE COS": null, "RANGO DIST": null, "TIPO DE SU": null, "TIPO DE RI": null, "DISTANCIAM": null, "RENOVACIÒ": null, "Area Calc": 3.856, "WKT_Poligono": "MultiPolygon (((-87.2654246 13.2206569, -87.26414219 13.21941855, -87.26498687 13.21769732, -87.26624731 13.21896012, -87.2654246 13.2206569)))", "Etapas Fenologicas 2026-2027_Edad Formulada Meses": "4", "Etapas Fenologicas 2026-2027_Etapa Actual": "Elongacion Inicial"}, "geometry": {"type": "MultiPolygon", "coordinates": [[[[-87.26542459540887, 13.220656902103839], [-87.26414219069126, 13.219418553586028], [-87.26498687458499, 13.217697319727367], [-87.26624730973589, 13.218960118487622], [-87.26542459540887, 13.220656902103839]]]]}}, {"type": "Feature", "properties": {"fid": 1306, "OBJECTID": null, "Name": "AYT042", "LOTE_ID": "AYT042", "FINCA": "AYOTAL", "DISTRITO": "D34", "VARIEDAD": null, "CICLO": null, "TCH 23-24": null, "ESTIMADO 2": null, "AREA CAÑA": null, "ESTATUS": null, "UBICACIÒN": null, "SEMAN COSE": null, "SEMANA COS": null, "FECHA COSE": null, "EDAD COSEC": null, "FECHA CO_1": null, "FECHA SIEM": null, "FECHA CORT": null, "EDAD HOY": null, "TIPO COSEC": null, "TIPO DE CO": null, "BLOQUE COS": null, "RANGO DIST": null, "TIPO DE SU": null, "TIPO DE RI": null, "DISTANCIAM": null, "RENOVACIÒ": null, "Area Calc": 3.205, "WKT_Poligono": "MultiPolygon (((-87.26755965 13.22031952, -87.26676145 13.22198763, -87.26547431 13.22069299, -87.26581528 13.21999139, -87.2660445 13.21994405, -87.26623923 13.21994964, -87.26625872 13.21985637, -87.26632283 13.21980882, -87.26643798 13.21979508, -87.26664562 13.21970717, -87.26691191 13.21965344, -87.26730284 13.22003852, -87.26717668 13.22021013, -87.26726274 13.2203085, -87.26745177 13.2203639, -87.26755965 13.22031952)))", "Etapas Fenologicas 2026-2027_Edad Formulada Meses": "4", "Etapas Fenologicas 2026-2027_Etapa Actual": "Elongacion Inicial"}, "geometry": {"type": "MultiPolygon", "coordinates": [[[[-87.26755964861037, 13.22031952123953], [-87.26676144953237, 13.221987634042378], [-87.265474312387, 13.22069299223587], [-87.26581528208145, 13.219991387804196], [-87.26604449939683, 13.21994404880792], [-87.26623923251118, 13.219949637898129], [-87.26625871599221, 13.21985636526288], [-87.26632282870834, 13.219808815911641], [-87.26643798257317, 13.21979507690437], [-87.26664561799511, 13.21970716723354], [-87.26691191321727, 13.219653440620512], [-87.26730284361342, 13.220038518757388], [-87.26717667667256, 13.2202101269722], [-87.26726274427946, 13.22030849759867], [-87.26745177024533, 13.220363898583718], [-87.26755964861037, 13.22031952123953]]]]}}, {"type": "Feature", "properties": {"fid": 1307, "OBJECTID": null, "Name": "AYT043", "LOTE_ID": "AYT043", "FINCA": "AYOTAL", "DISTRITO": "D34", "VARIEDAD": null, "CICLO": null, "TCH 23-24": null, "ESTIMADO 2": null, "AREA CAÑA": null, "ESTATUS": null, "UBICACIÒN": null, "SEMAN COSE": null, "SEMANA COS": null, "FECHA COSE": null, "EDAD COSEC": null, "FECHA CO_1": null, "FECHA SIEM": null, "FECHA CORT": null, "EDAD HOY": null, "TIPO COSEC": null, "TIPO DE CO": null, "BLOQUE COS": null, "RANGO DIST": null, "TIPO DE SU": null, "TIPO DE RI": null, "DISTANCIAM": null, "RENOVACIÒ": null, "Area Calc": 0.352, "WKT_Poligono": "MultiPolygon (((-87.26681477 13.21954456, -87.26672907 13.21952171, -87.2666432 13.21949516, -87.26651394 13.21950671, -87.26649982 13.21960328, -87.26633852 13.21965292, -87.26627717 13.21961317, -87.2661666 13.21968666, -87.26599935 13.2197885, -87.26586148 13.21985164, -87.26627794 13.21898608, -87.26681477 13.21954456)))", "Etapas Fenologicas 2026-2027_Edad Formulada Meses": "4", "Etapas Fenologicas 2026-2027_Etapa Actual": "Elongacion Inicial"}, "geometry": {"type": "MultiPolygon", "coordinates": [[[[-87.26681476915903, 13.21954456163052], [-87.26672907387001, 13.219521713976409], [-87.26664320071622, 13.219495156441099], [-87.26651393970053, 13.219506707339338], [-87.2664998247681, 13.219603282091247], [-87.26633851733453, 13.21965292091173], [-87.2662771699465, 13.219613174064], [-87.26616659699607, 13.219686655131758], [-87.2659993522786, 13.219788500650703], [-87.26586148375503, 13.219851636366489], [-87.26627794083572, 13.21898607521285], [-87.26681476915903, 13.21954456163052]]]]}}, {"type": "Feature", "properties": {"fid": 1308, "OBJECTID": null, "Name": "AYT021", "LOTE_ID": "AYT021", "FINCA": "AYOTAL", "DISTRITO": "D34", "VARIEDAD": null, "CICLO": null, "TCH 23-24": null, "ESTIMADO 2": null, "AREA CAÑA": null, "ESTATUS": null, "UBICACIÒN": null, "SEMAN COSE": null, "SEMANA COS": null, "FECHA COSE": null, "EDAD COSEC": null, "FECHA CO_1": null, "FECHA SIEM": null, "FECHA CORT": null, "EDAD HOY": null, "TIPO COSEC": null, "TIPO DE CO": null, "BLOQUE COS": null, "RANGO DIST": null, "TIPO DE SU": null, "TIPO DE RI": null, "DISTANCIAM": null, "RENOVACIÒ": null, "Area Calc": 3.472, "WKT_Poligono": "MultiPolygon (((-87.26357939 13.23095002, -87.26274053 13.23122548, -87.26142126 13.22990493, -87.26239143 13.22897664, -87.26395841 13.23053674, -87.2639096 13.23059648, -87.26398174 13.23069754, -87.26369708 13.23088108, -87.26357939 13.23095002)))", "Etapas Fenologicas 2026-2027_Edad Formulada Meses": "5", "Etapas Fenologicas 2026-2027_Etapa Actual": "Elongacion Inicial"}, "geometry": {"type": "MultiPolygon", "coordinates": [[[[-87.26357939250758, 13.230950019067523], [-87.26274053412263, 13.231225483500587], [-87.26142126137565, 13.229904929543718], [-87.26239142639093, 13.22897663612275], [-87.26395840816164, 13.230536738212578], [-87.26390960281707, 13.23059647751634], [-87.26398173724695, 13.23069753994123], [-87.2636970821273, 13.230881083026901], [-87.26357939250758, 13.230950019067523]]]]}}, {"type": "Feature", "properties": {"fid": 1309, "OBJECTID": null, "Name": "AYT022", "LOTE_ID": "AYT022", "FINCA": "AYOTAL", "DISTRITO": "D34", "VARIEDAD": null, "CICLO": null, "TCH 23-24": null, "ESTIMADO 2": null, "AREA CAÑA": null, "ESTATUS": null, "UBICACIÒN": null, "SEMAN COSE": null, "SEMANA COS": null, "FECHA COSE": null, "EDAD COSEC": null, "FECHA CO_1": null, "FECHA SIEM": null, "FECHA CORT": null, "EDAD HOY": null, "TIPO COSEC": null, "TIPO DE CO": null, "BLOQUE COS": null, "RANGO DIST": null, "TIPO DE SU": null, "TIPO DE RI": null, "DISTANCIAM": null, "RENOVACIÒ": null, "Area Calc": 2.91, "WKT_Poligono": "MultiPolygon (((-87.26235078 13.22893657, -87.26140864 13.22986713, -87.26010248 13.22856237, -87.26105778 13.22764979, -87.26235078 13.22893657)))", "Etapas Fenologicas 2026-2027_Edad Formulada Meses": "5", "Etapas Fenologicas 2026-2027_Etapa Actual": "Elongacion Inicial"}, "geometry": {"type": "MultiPolygon", "coordinates": [[[[-87.26235078234032, 13.228936571605539], [-87.26140864366354, 13.229867127678158], [-87.2601024838184, 13.22856236885888], [-87.26105778192594, 13.227649791492437], [-87.26235078234032, 13.228936571605539]]]]}}, {"type": "Feature", "properties": {"fid": 1310, "OBJECTID": null, "Name": "AYT023", "LOTE_ID": "AYT023", "FINCA": "AYOTAL", "DISTRITO": "D34", "VARIEDAD": null, "CICLO": null, "TCH 23-24": null, "ESTIMADO 2": null, "AREA CAÑA": null, "ESTATUS": null, "UBICACIÒN": null, "SEMAN COSE": null, "SEMANA COS": null, "FECHA COSE": null, "EDAD COSEC": null, "FECHA CO_1": null, "FECHA SIEM": null, "FECHA CORT": null, "EDAD HOY": null, "TIPO COSEC": null, "TIPO DE CO": null, "BLOQUE COS": null, "RANGO DIST": null, "TIPO DE SU": null, "TIPO DE RI": null, "DISTANCIAM": null, "RENOVACIÒ": null, "Area Calc": 3.687, "WKT_Poligono": "MultiPolygon (((-87.26447708 13.23038945, -87.26421757 13.2305994, -87.26409508 13.23049904, -87.26397448 13.23052016, -87.2624104 13.22896144, -87.26337705 13.22803508, -87.2643769 13.22901295, -87.26440581 13.22911588, -87.26443149 13.22918412, -87.2644671 13.22926177, -87.26452633 13.22935581, -87.26457033 13.22939137, -87.2646282 13.22947587, -87.26464656 13.22955889, -87.26470655 13.22967893, -87.26473313 13.22979677, -87.26476116 13.22987278, -87.2648302 13.22988055, -87.26483097 13.22996608, -87.26479945 13.23003292, -87.26467067 13.23016483, -87.26457363 13.23027969, -87.26452967 13.2303215, -87.26447708 13.23038945)))", "Etapas Fenologicas 2026-2027_Edad Formulada Meses": "5", "Etapas Fenologicas 2026-2027_Etapa Actual": "Elongacion Inicial"}, "geometry": {"type": "MultiPolygon", "coordinates": [[[[-87.26447707686238, 13.230389454373139], [-87.26421757068113, 13.230599403993638], [-87.26409507569899, 13.230499044358998], [-87.2639744816233, 13.23052016341934], [-87.26241039998419, 13.228961437768318], [-87.26337705121628, 13.228035083273411], [-87.26437689543091, 13.22901295007362], [-87.26440581114196, 13.22911587895529], [-87.26443148705961, 13.229184116225408], [-87.26446709981295, 13.22926177176613], [-87.26452633117698, 13.229355813990127], [-87.2645703276981, 13.229391370095367], [-87.26462820148244, 13.229475866220632], [-87.26464655642789, 13.229558890517078], [-87.26470655376203, 13.229678929508966], [-87.2647331302864, 13.229796769294499], [-87.26476116487527, 13.229872777943761], [-87.26483020147812, 13.22988054732766], [-87.2648309652189, 13.229966078584779], [-87.26479945006804, 13.230032924543588], [-87.26467067488778, 13.23016482580958], [-87.26457363496235, 13.230279686157433], [-87.26452966848608, 13.230321499979569], [-87.26447707686238, 13.230389454373139]]]]}}, {"type": "Feature", "properties": {"fid": 1311, "OBJECTID": null, "Name": "AYT026", "LOTE_ID": "AYT026", "FINCA": "AYOTAL", "DISTRITO": "D34", "VARIEDAD": null, "CICLO": null, "TCH 23-24": null, "ESTIMADO 2": null, "AREA CAÑA": null, "ESTATUS": null, "UBICACIÒN": null, "SEMAN COSE": null, "SEMANA COS": null, "FECHA COSE": null, "EDAD COSEC": null, "FECHA CO_1": null, "FECHA SIEM": null, "FECHA CORT": null, "EDAD HOY": null, "TIPO COSEC": null, "TIPO DE CO": null, "BLOQUE COS": null, "RANGO DIST": null, "TIPO DE SU": null, "TIPO DE RI": null, "DISTANCIAM": null, "RENOVACIÒ": null, "Area Calc": 2.981, "WKT_Poligono": "MultiPolygon (((-87.26435005 13.22703437, -87.26337558 13.22797403, -87.26206976 13.226678, -87.26303593 13.22574017, -87.26435005 13.22703437)))", "Etapas Fenologicas 2026-2027_Edad Formulada Meses": "5", "Etapas Fenologicas 2026-2027_Etapa Actual": "Elongacion Inicial"}, "geometry": {"type": "MultiPolygon", "coordinates": [[[[-87.26435005196686, 13.2270343656069], [-87.26337557723993, 13.227974034385232], [-87.26206976196676, 13.22667800423447], [-87.2630359319387, 13.225740173151719], [-87.26435005196686, 13.2270343656069]]]]}}, {"type": "Feature", "properties": {"fid": 1312, "OBJECTID": null, "Name": "AYT025", "LOTE_ID": "AYT025", "FINCA": "AYOTAL", "DISTRITO": "D34", "VARIEDAD": null, "CICLO": null, "TCH 23-24": null, "ESTIMADO 2": null, "AREA CAÑA": null, "ESTATUS": null, "UBICACIÒN": null, "SEMAN COSE": null, "SEMANA COS": null, "FECHA COSE": null, "EDAD COSEC": null, "FECHA CO_1": null, "FECHA SIEM": null, "FECHA CORT": null, "EDAD HOY": null, "TIPO COSEC": null, "TIPO DE CO": null, "BLOQUE COS": null, "RANGO DIST": null, "TIPO DE SU": null, "TIPO DE RI": null, "DISTANCIAM": null, "RENOVACIÒ": null, "Area Calc": 1.908, "WKT_Poligono": "MultiPolygon (((-87.26439004 13.22871547, -87.2643333 13.22892506, -87.2634004 13.22800073, -87.2643716 13.22707767, -87.26527078 13.22796768, -87.26523996 13.22800052, -87.26518022 13.22804086, -87.26512829 13.22805517, -87.26507078 13.22808544, -87.26500525 13.22813014, -87.26491726 13.22818361, -87.26486443 13.22823499, -87.26479818 13.22827362, -87.26472452 13.2283218, -87.26464422 13.22838148, -87.2645569 13.22845386, -87.26446662 13.22854898, -87.26439004 13.22871547)))", "Etapas Fenologicas 2026-2027_Edad Formulada Meses": "5", "Etapas Fenologicas 2026-2027_Etapa Actual": "Elongacion Inicial"}, "geometry": {"type": "MultiPolygon", "coordinates": [[[[-87.26439003601513, 13.228715466937357], [-87.26433330298164, 13.228925055095766], [-87.2634003953612, 13.22800072992162], [-87.26437160382088, 13.227077670837899], [-87.26527077749438, 13.22796768154057], [-87.2652399639929, 13.228000524346708], [-87.26518021935851, 13.22804085922821], [-87.26512829494901, 13.228055167841068], [-87.26507077683225, 13.228085437115173], [-87.26500524663417, 13.22813014269086], [-87.26491725931224, 13.228183611177657], [-87.26486442634707, 13.22823498563874], [-87.26479818147264, 13.228273622149448], [-87.26472452163273, 13.22832179938774], [-87.26464421830076, 13.22838147561547], [-87.26455690451225, 13.228453862744246], [-87.26446661827265, 13.228548981043598], [-87.26439003601513, 13.228715466937357]]]]}}, {"type": "Feature", "properties": {"fid": 1313, "OBJECTID": null, "Name": "AYT027", "LOTE_ID": "AYT027", "FINCA": "AYOTAL", "DISTRITO": "D34", "VARIEDAD": null, "CICLO": null, "TCH 23-24": null, "ESTIMADO 2": null, "AREA CAÑA": null, "ESTATUS": null, "UBICACIÒN": null, "SEMAN COSE": null, "SEMANA COS": null, "FECHA COSE": null, "EDAD COSEC": null, "FECHA CO_1": null, "FECHA SIEM": null, "FECHA CORT": null, "EDAD HOY": null, "TIPO COSEC": null, "TIPO DE CO": null, "BLOQUE COS": null, "RANGO DIST": null, "TIPO DE SU": null, "TIPO DE RI": null, "DISTANCIAM": null, "RENOVACIÒ": null, "Area Calc": 2.552, "WKT_Poligono": "MultiPolygon (((-87.2654555 13.22779917, -87.26528927 13.22793702, -87.26438457 13.22705227, -87.26636314 13.22517303, -87.26687254 13.22570527, -87.2667584 13.2257387, -87.26662206 13.22575895, -87.26645027 13.22578974, -87.26635859 13.22583552, -87.26626868 13.22590714, -87.26620338 13.22605652, -87.2661156 13.22635738, -87.2660451 13.22650057, -87.26596514 13.22657009, -87.26586175 13.22661966, -87.26573423 13.22671932, -87.26562127 13.2267719, -87.26551837 13.22682534, -87.26545868 13.22687249, -87.26541829 13.22698828, -87.2653917 13.22710794, -87.26537715 13.22716321, -87.26547389 13.22717194, -87.26554528 13.22719627, -87.26565126 13.22741527, -87.26567203 13.22749191, -87.2656767 13.22758136, -87.2654555 13.22779917)))", "Etapas Fenologicas 2026-2027_Edad Formulada Meses": "5", "Etapas Fenologicas 2026-2027_Etapa Actual": "Elongacion Inicial"}, "geometry": {"type": "MultiPolygon", "coordinates": [[[[-87.26545549575174, 13.227799172825858], [-87.26528927285239, 13.22793702017942], [-87.26438457058504, 13.22705226618196], [-87.26636313809968, 13.22517303370797], [-87.26687253703919, 13.225705272884127], [-87.26675840007059, 13.22573870405199], [-87.26662205776039, 13.22575895404249], [-87.26645026793368, 13.22578974057187], [-87.26635859329708, 13.22583552320525], [-87.26626868259332, 13.225907143880978], [-87.266203384018, 13.22605652122474], [-87.26611559947982, 13.226357382359662], [-87.2660450991801, 13.2265005653698], [-87.26596513684913, 13.22657009307953], [-87.265861749917, 13.226619655977798], [-87.26573422981616, 13.22671931860377], [-87.26562126783175, 13.226771896571321], [-87.26551837045001, 13.22682533524556], [-87.26545868317861, 13.22687249162173], [-87.26541828639056, 13.226988281087129], [-87.26539169823937, 13.22710794040813], [-87.26537715493025, 13.22716321017853], [-87.26547389120758, 13.22717194141061], [-87.26554527745913, 13.22719627361199], [-87.26565125904213, 13.227415266774408], [-87.26567202554538, 13.227491910363419], [-87.26567670126869, 13.227581363004779], [-87.26545549575174, 13.227799172825858]]]]}}, {"type": "Feature", "properties": {"fid": 1314, "OBJECTID": null, "Name": "AYT028", "LOTE_ID": "AYT028", "FINCA": "AYOTAL", "DISTRITO": "D34", "VARIEDAD": null, "CICLO": null, "TCH 23-24": null, "ESTIMADO 2": null, "AREA CAÑA": null, "ESTATUS": null, "UBICACIÒN": null, "SEMAN COSE": null, "SEMANA COS": null, "FECHA COSE": null, "EDAD COSEC": null, "FECHA CO_1": null, "FECHA SIEM": null, "FECHA CORT": null, "EDAD HOY": null, "TIPO COSEC": null, "TIPO DE CO": null, "BLOQUE COS": null, "RANGO DIST": null, "TIPO DE SU": null, "TIPO DE RI": null, "DISTANCIAM": null, "RENOVACIÒ": null, "Area Calc": 2.845, "WKT_Poligono": "MultiPolygon (((-87.2653004 13.22609964, -87.26436008 13.22701866, -87.26306005 13.2257251, -87.26398703 13.22483829, -87.2653004 13.22609964)))", "Etapas Fenologicas 2026-2027_Edad Formulada Meses": "5", "Etapas Fenologicas 2026-2027_Etapa Actual": "Elongacion Inicial"}, "geometry": {"type": "MultiPolygon", "coordinates": [[[[-87.26530040028997, 13.226099638876052], [-87.26436007537559, 13.22701866072229], [-87.26306005075125, 13.225725097557884], [-87.26398703298251, 13.224838291307549], [-87.26530040028997, 13.226099638876052]]]]}}, {"type": "Feature", "properties": {"fid": 1315, "OBJECTID": null, "Name": "AYT029", "LOTE_ID": "AYT029", "FINCA": "AYOTAL", "DISTRITO": "D34", "VARIEDAD": null, "CICLO": null, "TCH 23-24": null, "ESTIMADO 2": null, "AREA CAÑA": null, "ESTATUS": null, "UBICACIÒN": null, "SEMAN COSE": null, "SEMANA COS": null, "FECHA COSE": null, "EDAD COSEC": null, "FECHA CO_1": null, "FECHA SIEM": null, "FECHA CORT": null, "EDAD HOY": null, "TIPO COSEC": null, "TIPO DE CO": null, "BLOQUE COS": null, "RANGO DIST": null, "TIPO DE SU": null, "TIPO DE RI": null, "DISTANCIAM": null, "RENOVACIÒ": null, "Area Calc": 2.858, "WKT_Poligono": "MultiPolygon (((-87.2663144 13.22515281, -87.26533208 13.22607604, -87.2640125 13.22479994, -87.26501322 13.22381832, -87.26533643 13.22415395, -87.26533852 13.22420033, -87.26531698 13.22424312, -87.26526286 13.22433707, -87.26517197 13.22445515, -87.26514858 13.22449259, -87.26517719 13.22456422, -87.26528142 13.22462115, -87.2653968 13.22462448, -87.26545441 13.22463376, -87.26572755 13.22460483, -87.26572854 13.22461957, -87.26582429 13.22465619, -87.26605905 13.22490799, -87.2663144 13.22515281)))", "Etapas Fenologicas 2026-2027_Edad Formulada Meses": "5", "Etapas Fenologicas 2026-2027_Etapa Actual": "Elongacion Inicial"}, "geometry": {"type": "MultiPolygon", "coordinates": [[[[-87.26631440440437, 13.225152812592379], [-87.26533207705803, 13.22607603791131], [-87.2640124991463, 13.22479994384175], [-87.26501322129559, 13.223818324884649], [-87.26533643238054, 13.224153945353347], [-87.26533851734409, 13.22420033199649], [-87.26531697869308, 13.224243116844876], [-87.26526285929769, 13.224337069244408], [-87.26517197386168, 13.224455152231712], [-87.26514858386362, 13.22449259079094], [-87.26517719176039, 13.224564216749037], [-87.26528142107246, 13.224621150126982], [-87.26539679658588, 13.22462447694759], [-87.26545441076918, 13.22463375795699], [-87.2657275483919, 13.22460482926253], [-87.26572854361342, 13.22461957449108], [-87.2658242858626, 13.224656192769332], [-87.26605905259021, 13.224907991488259], [-87.26631440440437, 13.225152812592379]]]]}}, {"type": "Feature", "properties": {"fid": 1316, "OBJECTID": null, "Name": "AYT030", "LOTE_ID": "AYT030", "FINCA": "AYOTAL", "DISTRITO": "D34", "VARIEDAD": null, "CICLO": null, "TCH 23-24": null, "ESTIMADO 2": null, "AREA CAÑA": null, "ESTATUS": null, "UBICACIÒN": null, "SEMAN COSE": null, "SEMANA COS": null, "FECHA COSE": null, "EDAD COSEC": null, "FECHA CO_1": null, "FECHA SIEM": null, "FECHA CORT": null, "EDAD HOY": null, "TIPO COSEC": null, "TIPO DE CO": null, "BLOQUE COS": null, "RANGO DIST": null, "TIPO DE SU": null, "TIPO DE RI": null, "DISTANCIAM": null, "RENOVACIÒ": null, "Area Calc": 1.781, "WKT_Poligono": "MultiPolygon (((-87.26696398 13.2245289, -87.26664239 13.22423812, -87.26659782 13.22424219, -87.26655895 13.2242375, -87.26644168 13.22413427, -87.26635397 13.22405338, -87.26625091 13.22409494, -87.26615671 13.22414069, -87.2660395 13.22403663, -87.26596385 13.22392349, -87.26583421 13.22376479, -87.26572848 13.22370458, -87.26558163 13.22377792, -87.26555079 13.22384855, -87.26554585 13.22389516, -87.26552666 13.22398689, -87.26550324 13.22403526, -87.26542767 13.22410766, -87.265357 13.22412833, -87.26503412 13.22380357, -87.26599069 13.22287281, -87.26730543 13.22418333, -87.26696398 13.2245289)))", "Etapas Fenologicas 2026-2027_Edad Formulada Meses": "5", "Etapas Fenologicas 2026-2027_Etapa Actual": "Elongacion Inicial"}, "geometry": {"type": "MultiPolygon", "coordinates": [[[[-87.26696397656822, 13.224528903796669], [-87.26664239338974, 13.22423811604584], [-87.26659781627374, 13.224242193205777], [-87.26655895232092, 13.224237497454306], [-87.26644167773918, 13.224134273848968], [-87.26635396706811, 13.22405338480642], [-87.26625091443523, 13.224094940363388], [-87.26615671293985, 13.22414068644387], [-87.26603949826384, 13.224036625482702], [-87.2659638510393, 13.223923488567898], [-87.26583421347183, 13.223764786115238], [-87.26572847831729, 13.223704575346677], [-87.26558163278176, 13.223777923416128], [-87.26555079023275, 13.223848548102232], [-87.26554584795461, 13.223895158965748], [-87.265526657911, 13.223986885274872], [-87.26550324250512, 13.224035262843227], [-87.26542767193006, 13.224107660894452], [-87.26535699980037, 13.22412833285929], [-87.26503412407561, 13.223803573936227], [-87.26599069450002, 13.222872814504068], [-87.2673054287939, 13.224183331125088], [-87.26696397656822, 13.224528903796669]]]]}}, {"type": "Feature", "properties": {"fid": 1317, "OBJECTID": null, "Name": "AYT031", "LOTE_ID": "AYT031", "FINCA": "AYOTAL", "DISTRITO": "D34", "VARIEDAD": null, "CICLO": null, "TCH 23-24": null, "ESTIMADO 2": null, "AREA CAÑA": null, "ESTATUS": null, "UBICACIÒN": null, "SEMAN COSE": null, "SEMANA COS": null, "FECHA COSE": null, "EDAD COSEC": null, "FECHA CO_1": null, "FECHA SIEM": null, "FECHA CORT": null, "EDAD HOY": null, "TIPO COSEC": null, "TIPO DE CO": null, "BLOQUE COS": null, "RANGO DIST": null, "TIPO DE SU": null, "TIPO DE RI": null, "DISTANCIAM": null, "RENOVACIÒ": null, "Area Calc": 2.396, "WKT_Poligono": "MultiPolygon (((-87.26809773 13.22344999, -87.26733142 13.22417903, -87.26600426 13.22285725, -87.26678465 13.22211557, -87.26809773 13.22344999)))", "Etapas Fenologicas 2026-2027_Edad Formulada Meses": "5", "Etapas Fenologicas 2026-2027_Etapa Actual": "Elongacion Inicial"}, "geometry": {"type": "MultiPolygon", "coordinates": [[[[-87.26809773276017, 13.223449992149899], [-87.26733142040536, 13.22417903323028], [-87.26600426235096, 13.222857252635016], [-87.2667846542399, 13.222115574056557], [-87.26809773276017, 13.223449992149899]]]]}}, {"type": "Feature", "properties": {"fid": 1318, "OBJECTID": null, "Name": "AYT034", "LOTE_ID": "AYT034", "FINCA": "AYOTAL", "DISTRITO": "D34", "VARIEDAD": null, "CICLO": null, "TCH 23-24": null, "ESTIMADO 2": null, "AREA CAÑA": null, "ESTATUS": null, "UBICACIÒN": null, "SEMAN COSE": null, "SEMANA COS": null, "FECHA COSE": null, "EDAD COSEC": null, "FECHA CO_1": null, "FECHA SIEM": null, "FECHA CORT": null, "EDAD HOY": null, "TIPO COSEC": null, "TIPO DE CO": null, "BLOQUE COS": null, "RANGO DIST": null, "TIPO DE SU": null, "TIPO DE RI": null, "DISTANCIAM": null, "RENOVACIÒ": null, "Area Calc": 2.252, "WKT_Poligono": "MultiPolygon (((-87.26704346 13.22568605, -87.2669579 13.22570684, -87.26641123 13.22515629, -87.26656201 13.22501015, -87.26652615 13.22495969, -87.26637216 13.2250863, -87.26621947 13.22492271, -87.26654623 13.22459626, -87.26640988 13.22446721, -87.26650422 13.2243461, -87.26664128 13.22426835, -87.26694252 13.2245405, -87.26672893 13.22474954, -87.26655193 13.22478481, -87.26649924 13.22488658, -87.26653649 13.22492042, -87.266603 13.22499712, -87.26668158 13.22495633, -87.26675657 13.2248473, -87.26683322 13.22473283, -87.26812792 13.22348862, -87.26897533 13.22432501, -87.26883963 13.22442467, -87.26883786 13.22442749, -87.26859217 13.22453298, -87.26840493 13.22453634, -87.2683848 13.22453624, -87.26811358 13.22448265, -87.26810361 13.2244826, -87.2678662 13.22444974, -87.26769436 13.22447546, -87.26754963 13.22461173, -87.26749593 13.22472146, -87.26736712 13.22483427, -87.26725498 13.22489839, -87.26719395 13.22498213, -87.26720433 13.22511214, -87.26719846 13.22524714, -87.26713046 13.22534822, -87.26706848 13.22547963, -87.26704346 13.22568605)))", "Etapas Fenologicas 2026-2027_Edad Formulada Meses": "5", "Etapas Fenologicas 2026-2027_Etapa Actual": "Elongacion Inicial"}, "geometry": {"type": "MultiPolygon", "coordinates": [[[[-87.2670434580944, 13.225686046301329], [-87.26695790409916, 13.225706839734471], [-87.26641123498236, 13.225156292659996], [-87.26656201262053, 13.225010152230254], [-87.26652614618196, 13.2249596882063], [-87.26637216427072, 13.225086297142111], [-87.26621947447578, 13.22492271155462], [-87.26654622552876, 13.22459625597359], [-87.26640988109394, 13.22446721164363], [-87.26650421820774, 13.22434610146489], [-87.26664128257498, 13.22426834851387], [-87.26694251838887, 13.22454050459249], [-87.26672892536479, 13.224749538567341], [-87.26655193275762, 13.22478480809984], [-87.26649923789118, 13.224886576380959], [-87.26653648563668, 13.224920418051973], [-87.26660300036906, 13.224997120754649], [-87.26668158421823, 13.224956332742998], [-87.26675657417212, 13.224847301615952], [-87.26683322458997, 13.22473282678469], [-87.2681279181676, 13.223488621891219], [-87.26897533358857, 13.224325008449537], [-87.26883962718556, 13.22442466591186], [-87.26883786024938, 13.224427486321867], [-87.2685921675557, 13.224532978453777], [-87.26840493406425, 13.22453633855838], [-87.26838480345359, 13.22453624491618], [-87.26811358141813, 13.224482645080379], [-87.26810361024145, 13.224482599759488], [-87.2678661980515, 13.22444974436153], [-87.26769436455899, 13.224475458525388], [-87.26754963158336, 13.22461173280225], [-87.26749592600315, 13.22472146001195], [-87.26736711791817, 13.224834273874839], [-87.26725497879565, 13.224898392968736], [-87.2671939501091, 13.224982127512323], [-87.26720433371814, 13.225112143210698], [-87.26719845745285, 13.22524713714118], [-87.26713046158521, 13.225348216718139], [-87.26706847696813, 13.22547962689514], [-87.2670434580944, 13.225686046301329]]]]}}, {"type": "Feature", "properties": {"fid": 1319, "OBJECTID": null, "Name": "AYT032", "LOTE_ID": "AYT032", "FINCA": "AYOTAL", "DISTRITO": "D34", "VARIEDAD": null, "CICLO": null, "TCH 23-24": null, "ESTIMADO 2": null, "AREA CAÑA": null, "ESTATUS": null, "UBICACIÒN": null, "SEMAN COSE": null, "SEMANA COS": null, "FECHA COSE": null, "EDAD COSEC": null, "FECHA CO_1": null, "FECHA SIEM": null, "FECHA CORT": null, "EDAD HOY": null, "TIPO COSEC": null, "TIPO DE CO": null, "BLOQUE COS": null, "RANGO DIST": null, "TIPO DE SU": null, "TIPO DE RI": null, "DISTANCIAM": null, "RENOVACIÒ": null, "Area Calc": 3.756, "WKT_Poligono": "MultiPolygon (((-87.26896243 13.22166817, -87.2681647 13.22339468, -87.26683339 13.22206531, -87.26728022 13.2210865, -87.2675297 13.22103062, -87.26769147 13.22099379, -87.26777254 13.22094103, -87.26795625 13.22064842, -87.26896243 13.22166817)))", "Etapas Fenologicas 2026-2027_Edad Formulada Meses": "5", "Etapas Fenologicas 2026-2027_Etapa Actual": "Elongacion Inicial"}, "geometry": {"type": "MultiPolygon", "coordinates": [[[[-87.26896242885539, 13.221668174812509], [-87.26816470463324, 13.223394681102768], [-87.26683339326213, 13.222065306496916], [-87.2672802217094, 13.22108649946544], [-87.26752970342439, 13.221030618826079], [-87.26769146713278, 13.220993789495358], [-87.26777253940122, 13.22094102656411], [-87.26795624932937, 13.220648423164086], [-87.26896242885539, 13.221668174812509]]]]}}, {"type": "Feature", "properties": {"fid": 1320, "OBJECTID": null, "Name": "AYT033", "LOTE_ID": "AYT033", "FINCA": "AYOTAL", "DISTRITO": "D34", "VARIEDAD": null, "CICLO": null, "TCH 23-24": null, "ESTIMADO 2": null, "AREA CAÑA": null, "ESTATUS": null, "UBICACIÒN": null, "SEMAN COSE": null, "SEMANA COS": null, "FECHA COSE": null, "EDAD COSEC": null, "FECHA CO_1": null, "FECHA SIEM": null, "FECHA CORT": null, "EDAD HOY": null, "TIPO COSEC": null, "TIPO DE CO": null, "BLOQUE COS": null, "RANGO DIST": null, "TIPO DE SU": null, "TIPO DE RI": null, "DISTANCIAM": null, "RENOVACIÒ": null, "Area Calc": 3.806, "WKT_Poligono": "MultiPolygon (((-87.26972126 13.22397743, -87.26899953 13.2242673, -87.26821205 13.22346097, -87.26900791 13.22169515, -87.27030578 13.22296801, -87.27028585 13.22314802, -87.27037432 13.2233042, -87.2703647 13.22340377, -87.27030443 13.22355204, -87.27029477 13.22355854, -87.27021852 13.22367633, -87.2701137 13.22372665, -87.26999947 13.22382485, -87.26998919 13.2238317, -87.26989316 13.22389387, -87.26972126 13.22397743)))", "Etapas Fenologicas 2026-2027_Edad Formulada Meses": "5", "Etapas Fenologicas 2026-2027_Etapa Actual": "Elongacion Inicial"}, "geometry": {"type": "MultiPolygon", "coordinates": [[[[-87.26972125977842, 13.223977425085549], [-87.26899953398659, 13.22426729961833], [-87.26821204751545, 13.22346097251676], [-87.26900790878027, 13.22169514848015], [-87.2703057819798, 13.222968010964689], [-87.27028585053819, 13.223148023835197], [-87.27037432155838, 13.223304202150228], [-87.27036469943872, 13.22340377001951], [-87.2703044308923, 13.223552036383849], [-87.27029476758933, 13.223558542716411], [-87.27021851983238, 13.22367633091], [-87.27011369860067, 13.223726651073862], [-87.2699994661208, 13.223824847395408], [-87.26998918975006, 13.223831701448493], [-87.2698931598441, 13.223893869222747], [-87.26972125977842, 13.223977425085549]]]]}}, {"type": "Feature", "properties": {"fid": 1321, "OBJECTID": null, "Name": "AYT035", "LOTE_ID": "AYT035", "FINCA": "AYOTAL", "DISTRITO": "D34", "VARIEDAD": null, "CICLO": null, "TCH 23-24": null, "ESTIMADO 2": null, "AREA CAÑA": null, "ESTATUS": null, "UBICACIÒN": null, "SEMAN COSE": null, "SEMANA COS": null, "FECHA COSE": null, "EDAD COSEC": null, "FECHA CO_1": null, "FECHA SIEM": null, "FECHA CORT": null, "EDAD HOY": null, "TIPO COSEC": null, "TIPO DE CO": null, "BLOQUE COS": null, "RANGO DIST": null, "TIPO DE SU": null, "TIPO DE RI": null, "DISTANCIAM": null, "RENOVACIÒ": null, "Area Calc": 4.015, "WKT_Poligono": "MultiPolygon (((-87.27038846 13.22260355, -87.2703019 13.22292453, -87.26903053 13.22167658, -87.26983623 13.21994334, -87.27096216 13.22107987, -87.27105757 13.22120477, -87.27114279 13.22136209, -87.2712186 13.22148596, -87.27128809 13.22159, -87.27124486 13.2216591, -87.27110133 13.22182009, -87.27095679 13.22194965, -87.27081187 13.2220562, -87.27070377 13.22213594, -87.27059129 13.22224372, -87.27050902 13.22237907, -87.27038846 13.22260355)))", "Etapas Fenologicas 2026-2027_Edad Formulada Meses": "5", "Etapas Fenologicas 2026-2027_Etapa Actual": "Elongacion Inicial"}, "geometry": {"type": "MultiPolygon", "coordinates": [[[[-87.27038846097985, 13.222603545002388], [-87.27030189550024, 13.222924528000341], [-87.26903052764021, 13.221676580025711], [-87.26983622864802, 13.2199433435895], [-87.27096215704637, 13.22107986739509], [-87.27105757489045, 13.22120476806829], [-87.27114279492356, 13.22136209252137], [-87.27121860239201, 13.22148595649937], [-87.2712880895021, 13.221589998037997], [-87.27124485641482, 13.221659097821028], [-87.2711013311713, 13.2218200947382], [-87.27095679337323, 13.221949649865921], [-87.27081187271067, 13.2220562048257], [-87.27070377432408, 13.222135941472006], [-87.27059129473251, 13.22224372188031], [-87.2705090210649, 13.222379070831797], [-87.27038846097985, 13.222603545002388]]]]}}, {"type": "Feature", "properties": {"fid": 1322, "OBJECTID": null, "Name": "AYT036", "LOTE_ID": "AYT036", "FINCA": "AYOTAL", "DISTRITO": "D34", "VARIEDAD": null, "CICLO": null, "TCH 23-24": null, "ESTIMADO 2": null, "AREA CAÑA": null, "ESTATUS": null, "UBICACIÒN": null, "SEMAN COSE": null, "SEMANA COS": null, "FECHA COSE": null, "EDAD COSEC": null, "FECHA CO_1": null, "FECHA SIEM": null, "FECHA CORT": null, "EDAD HOY": null, "TIPO COSEC": null, "TIPO DE CO": null, "BLOQUE COS": null, "RANGO DIST": null, "TIPO DE SU": null, "TIPO DE RI": null, "DISTANCIAM": null, "RENOVACIÒ": null, "Area Calc": 3.341, "WKT_Poligono": "MultiPolygon (((-87.26983629 13.21990318, -87.27063243 13.21819041, -87.27074839 13.21817799, -87.2708452 13.21821129, -87.27086519 13.21821736, -87.2709026 13.21831933, -87.27090996 13.21832557, -87.27096259 13.21841704, -87.2709973 13.21849407, -87.27107597 13.21857546, -87.27115412 13.21860823, -87.27128224 13.21858466, -87.27137839 13.21858465, -87.27146029 13.21864454, -87.27147303 13.21873927, -87.27147093 13.21891311, -87.27142458 13.21902764, -87.27130477 13.21915223, -87.2712669 13.21925719, -87.27127088 13.21927997, -87.27141513 13.21945212, -87.27141597 13.21958167, -87.27136855 13.2197797, -87.27127816 13.21992212, -87.27123704 13.22013678, -87.27123206 13.22014699, -87.27122417 13.22026388, -87.27124964 13.22037115, -87.2712952 13.22054381, -87.27127844 13.2206899, -87.27128012 13.2208588, -87.27118758 13.22105, -87.27108413 13.22114768, -87.26983629 13.21990318)))", "Etapas Fenologicas 2026-2027_Edad Formulada Meses": "5", "Etapas Fenologicas 2026-2027_Etapa Actual": "Elongacion Inicial"}, "geometry": {"type": "MultiPolygon", "coordinates": [[[[-87.26983629075848, 13.219903182504778], [-87.27063242716672, 13.218190407351457], [-87.27074838882592, 13.218177991595198], [-87.27084520089618, 13.218211285725769], [-87.2708651855196, 13.218217357000109], [-87.27090259693942, 13.218319330752017], [-87.27090996244851, 13.218325567175341], [-87.27096259066694, 13.21841703980937], [-87.27099729845928, 13.21849407293783], [-87.27107596942061, 13.218575463439448], [-87.27115412451735, 13.21860822620051], [-87.2712822363836, 13.218584662752319], [-87.27137838933577, 13.21858464913255], [-87.27146028962689, 13.218644544530951], [-87.27147302945033, 13.2187392718657], [-87.27147092732974, 13.21891311138239], [-87.27142457522403, 13.219027639616582], [-87.27130476866878, 13.219152234770949], [-87.27126689918379, 13.219257191880137], [-87.2712708770067, 13.219279966798057], [-87.2714151326425, 13.219452120688702], [-87.27141596936806, 13.219581668005533], [-87.27136855119473, 13.219779703380961], [-87.27127816419, 13.219922121112827], [-87.27123703898816, 13.22013677622833], [-87.27123205680124, 13.22014699127961], [-87.27122417250119, 13.2202638845977], [-87.27124964269312, 13.22037114791309], [-87.27129519935434, 13.22054381426763], [-87.27127844159376, 13.220689899484482], [-87.27128011827602, 13.22085880315858], [-87.27118757989908, 13.22105000434231], [-87.27108412847682, 13.22114767939533], [-87.26983629075848, 13.219903182504778]]]]}}]}