{
"type": "FeatureCollection",
"name": "Finca Rancho Alegre",
"crs": { "type": "name", "properties": { "name": "urn:ogc:def:crs:OGC:1.3:CRS84" } },
"features": [
{"type":"Feature","properties":{"fid":355,"OBJECTID":536,"Name":"RAL001","LOTE_ID":"RAL001","FINCA":"RANCHO ALEGRE","DISTRITO":"D32","VARIEDAD":"CP73-1547","CICLO":"R-5","TCH 23-24":"130.13","ESTIMADO 2":"125","AREA CAÑA":"4.38","ESTATUS":"Comercial","UBICACIÒN":"CENTRO","SEMAN COSE":"3","SEMANA COS":"3","FECHA COSE":"12/15/2024","EDAD COSEC":"12.07","FECHA CO_1":"12/19/2023","FECHA SIEM":null,"FECHA CORT":"12/19/2023","EDAD HOY":"252","TIPO COSEC":"MANUAL","TIPO DE CO":"COSECHA MECANICA","BLOQUE COS":"RAL BLOQ1","RANGO DIST":"<10","TIPO DE SU":"FARC","TIPO DE RI":"SEMIFIJO","DISTANCIAM":"1.6","RENOVACIÒ":null,"Area Calc":4.381},"geometry":{"type":"MultiPolygon","coordinates":[[[[-87.348743618474117,13.243568232909835],[-87.348732404055639,13.243582952067429],[-87.347878944442726,13.244715528095249],[-87.34784457093005,13.244761772531655],[-87.34780284812841,13.244787274679904],[-87.34775222871329,13.244813937325246],[-87.34770199960046,13.244842453120143],[-87.347648287740455,13.244868984321434],[-87.347592552584715,13.244894252331296],[-87.347534767502452,13.244899485172107],[-87.347473560590089,13.244900120078361],[-87.34741359047932,13.244900689990008],[-87.347353202672252,13.244893113257628],[-87.347294813318726,13.244882305656871],[-87.347235378601837,13.244863352266172],[-87.347175389472199,13.244843983665206],[-87.347113012833404,13.244826869852822],[-87.347055013013602,13.244810835162131],[-87.346998549397725,13.24479105481805],[-87.346938975549193,13.244771595172105],[-87.346879330540588,13.244747505901973],[-87.346821402447901,13.244723432369797],[-87.346763687270098,13.244699783527565],[-87.346710343138426,13.244673135702334],[-87.346651789250885,13.244643845518045],[-87.346590874498403,13.244616068605421],[-87.346548139655312,13.24459179353366],[-87.34649793571694,13.244572917860753],[-87.346446011344696,13.244564578904452],[-87.346233368008541,13.244565075371332],[-87.346181318450959,13.244566122538476],[-87.346125917291729,13.244566523186759],[-87.346006648222868,13.244552596816316],[-87.345944883847764,13.244544072161649],[-87.345819863927332,13.244523434995612],[-87.345696578413254,13.244495579586237],[-87.3456345505342,13.244503087382903],[-87.345575018663908,13.244506721639775],[-87.345514323423885,13.244503584701791],[-87.345455925183046,13.244499449977292],[-87.345338485838795,13.244473856124204],[-87.345337396063414,13.244473450690522],[-87.345381522520981,13.243447341979785],[-87.348714932360949,13.243472566478617],[-87.348717724211028,13.243472950584007],[-87.348756014647449,13.243478471108235],[-87.348760527070979,13.243516470130986],[-87.348743618474117,13.243568232909835]]]]}},
{"type":"Feature","properties":{"fid":356,"OBJECTID":537,"Name":"RAL002","LOTE_ID":"RAL002","FINCA":"RANCHO ALEGRE","DISTRITO":"D32","VARIEDAD":"CP73-1547","CICLO":"R-2","TCH 23-24":"105.39","ESTIMADO 2":"107","AREA CAÑA":"6.14","ESTATUS":"Comercial","UBICACIÒN":"CENTRO","SEMAN COSE":"3","SEMANA COS":"3","FECHA COSE":"12/15/2024","EDAD COSEC":"12","FECHA CO_1":"12/21/2023","FECHA SIEM":null,"FECHA CORT":"12/21/2023","EDAD HOY":"250","TIPO COSEC":"COSECHA MECANICA","TIPO DE CO":"COSECHA MECANICA","BLOQUE COS":"RAL BLOQ1","RANGO DIST":"<10","TIPO DE SU":"FARC","TIPO DE RI":"SEMIFIJO","DISTANCIAM":"1.5","RENOVACIÒ":null,"Area Calc":6.141},"geometry":{"type":"MultiPolygon","coordinates":[[[[-87.344188702628713,13.24358741823383],[-87.345271548154855,13.243630517010335],[-87.345235322899399,13.244512756799569],[-87.345183405454435,13.244527642069627],[-87.345129305749921,13.244528004572091],[-87.345072023156533,13.24452953783477],[-87.344992039565781,13.244528877334179],[-87.344955598976625,13.244530011665498],[-87.344895572393781,13.244529758201729],[-87.344838740148191,13.244523351578371],[-87.344724000712418,13.244507546711313],[-87.344681841709871,13.244492213476207],[-87.344642129556746,13.24448397521315],[-87.344587081543381,13.244486065978757],[-87.344533021389438,13.244501420597361],[-87.344491563709084,13.244538450911717],[-87.344467254240271,13.2445870956474],[-87.344456440077437,13.244642485885418],[-87.344466611958893,13.244694872856854],[-87.344489141953517,13.244739557112778],[-87.344533324507609,13.244749769650426],[-87.344589664003621,13.244747071311098],[-87.344649775497032,13.244748590666637],[-87.344687621306093,13.244755538384476],[-87.34470484915046,13.244797480890314],[-87.34471768390236,13.244853001966003],[-87.344733665574893,13.24490802145913],[-87.34475508758679,13.244958991651851],[-87.34477864163452,13.245009796199657],[-87.344800561331681,13.245073325605695],[-87.342770282204384,13.245076183735131],[-87.341871967285201,13.244965156818267],[-87.341491814202527,13.24495078185625],[-87.341519469280854,13.243579698063089],[-87.344188702628713,13.24358741823383]]]]}},
{"type":"Feature","properties":{"fid":357,"OBJECTID":538,"Name":"RAL003","LOTE_ID":"RAL003","FINCA":"RANCHO ALEGRE","DISTRITO":"D32","VARIEDAD":"CP72-2086","CICLO":"R-4","TCH 23-24":"134.18","ESTIMADO 2":"120","AREA CAÑA":"7.09","ESTATUS":"Comercial","UBICACIÒN":"CENTRO","SEMAN COSE":"3","SEMANA COS":"3","FECHA COSE":"12/15/2024","EDAD COSEC":"12.03","FECHA CO_1":"12/20/2023","FECHA SIEM":null,"FECHA CORT":"12/20/2023","EDAD HOY":"251","TIPO COSEC":"COSECHA MECANICA","TIPO DE CO":"COSECHA MECANICA","BLOQUE COS":"RAL BLOQ1","RANGO DIST":"<10","TIPO DE SU":"FARC","TIPO DE RI":"SEMIFIJO","DISTANCIAM":"1.6","RENOVACIÒ":null,"Area Calc":7.093},"geometry":{"type":"MultiPolygon","coordinates":[[[[-87.337503860632026,13.243600715053732],[-87.337504297940654,13.243572414461545],[-87.337518037594378,13.243572438796804],[-87.341451540753738,13.243579501374935],[-87.341408344358243,13.245076167823182],[-87.337692024036556,13.245088207543631],[-87.337647289921449,13.245052044656786],[-87.337565121567238,13.244996686318332],[-87.337522175597655,13.244979390732031],[-87.337494046571337,13.244950058195005],[-87.337483758344874,13.244903273740034],[-87.337503860632026,13.243600715053732]]]]}},
{"type":"Feature","properties":{"fid":358,"OBJECTID":539,"Name":"RAL004","LOTE_ID":"RAL004","FINCA":"RANCHO ALEGRE","DISTRITO":"D32","VARIEDAD":"CP72-2086","CICLO":"R-4","TCH 23-24":"122.43","ESTIMADO 2":"120","AREA CAÑA":"13.37","ESTATUS":"Comercial","UBICACIÒN":"CENTRO","SEMAN COSE":"3","SEMANA COS":"3","FECHA COSE":"12/15/2024","EDAD COSEC":"12.1","FECHA CO_1":"12/18/2023","FECHA SIEM":null,"FECHA CORT":"12/18/2023","EDAD HOY":"253","TIPO COSEC":"COSECHA MECANICA","TIPO DE CO":"MANUAL","BLOQUE COS":"RAL BLOQ1","RANGO DIST":"<10","TIPO DE SU":"FARC","TIPO DE RI":"SEMIFIJO","DISTANCIAM":"1.6","RENOVACIÒ":null,"Area Calc":7.263},"geometry":{"type":"MultiPolygon","coordinates":[[[[-87.337395025626961,13.243474814115554],[-87.337374293918558,13.24481808797894],[-87.337357989271752,13.244850418940185],[-87.337330859714953,13.24488996105433],[-87.337304279769342,13.244933146528229],[-87.337282165154633,13.244967319865321],[-87.33727409650804,13.244980577647652],[-87.333786762698423,13.245016493297769],[-87.333780207412332,13.245022108161351],[-87.333761539601099,13.245033019627307],[-87.333716075676023,13.245050883564765],[-87.333671335261187,13.245057787151399],[-87.333624009819673,13.245064350497252],[-87.333579507900183,13.245083714192969],[-87.333536971710103,13.245096022235241],[-87.333489780653153,13.245099601386517],[-87.333441744936721,13.245099745517766],[-87.333402213753288,13.245088656905471],[-87.333399583822086,13.245087875459374],[-87.333427105561015,13.243479715135127],[-87.337395025626961,13.243474814115554]]]]}},
{"type":"Feature","properties":{"fid":359,"OBJECTID":540,"Name":"RAL004","LOTE_ID":"RAL004","FINCA":"RANCHO ALEGRE","DISTRITO":"D32","VARIEDAD":"CP72-2086","CICLO":"R-4","TCH 23-24":"122.43","ESTIMADO 2":"120","AREA CAÑA":"13.37","ESTATUS":"Comercial","UBICACIÒN":"CENTRO","SEMAN COSE":"3","SEMANA COS":"3","FECHA COSE":"12/15/2024","EDAD COSEC":"12.1","FECHA CO_1":"12/18/2023","FECHA SIEM":null,"FECHA CORT":"12/18/2023","EDAD HOY":"253","TIPO COSEC":"COSECHA MECANICA","TIPO DE CO":"MANUAL","BLOQUE COS":"RAL BLOQ1","RANGO DIST":"<10","TIPO DE SU":"FARC","TIPO DE RI":"SEMIFIJO","DISTANCIAM":"1.6","RENOVACIÒ":null,"Area Calc":6.116},"geometry":{"type":"MultiPolygon","coordinates":[[[[-87.330573475703289,13.245779233306127],[-87.331256617246538,13.243482370593483],[-87.333385560933394,13.243479766676765],[-87.333358244085915,13.245071149452905],[-87.333354250767258,13.24507441445547],[-87.333316702325376,13.245095893991106],[-87.333276946538817,13.245123253967831],[-87.333232308084149,13.245150846372574],[-87.333193759157766,13.245190068399427],[-87.333154415143625,13.245221587327363],[-87.333102594450438,13.245241792394289],[-87.333073991675832,13.245250637021122],[-87.333043996421921,13.245253678236073],[-87.332988067470893,13.245259836739013],[-87.332936044788738,13.245280855852718],[-87.332891787533114,13.245310518413161],[-87.332834352827646,13.245336210446354],[-87.330728804295717,13.245967701959955],[-87.330718930502414,13.245969893973411],[-87.330674237699412,13.245971235896816],[-87.33063836116068,13.245952826814472],[-87.33061309917025,13.245920252609313],[-87.330588755693825,13.245884304393353],[-87.33057394109035,13.245843650824428],[-87.330570412511236,13.245800767248708],[-87.330573475703289,13.245779233306127]]]]}},
{"type":"Feature","properties":{"fid":360,"OBJECTID":541,"Name":"RAL005","LOTE_ID":"RAL005","FINCA":"RANCHO ALEGRE","DISTRITO":"D32","VARIEDAD":"CP72-2086","CICLO":"R1","TCH 23-24":"114.88","ESTIMADO 2":"115","AREA CAÑA":"10.82","ESTATUS":"Comercial","UBICACIÒN":"CENTRO","SEMAN COSE":"1","SEMANA COS":"2","FECHA COSE":"12/08/2024","EDAD COSEC":"12.23","FECHA CO_1":"12/07/2023","FECHA SIEM":null,"FECHA CORT":"12/07/2023","EDAD HOY":"264","TIPO COSEC":"COSECHA MECANICA","TIPO DE CO":"MANUAL","BLOQUE COS":"RAL BLOQ2","RANGO DIST":"<10","TIPO DE SU":"ARC","TIPO DE RI":"SEMIFIJO","DISTANCIAM":"1.6","RENOVACIÒ":null,"Area Calc":7.358},"geometry":{"type":"MultiPolygon","coordinates":[[[[-87.333428307740888,13.24340944591505],[-87.333454563064464,13.241875297351577],[-87.337437754280629,13.241875409312513],[-87.337404744476231,13.243425247084055],[-87.333428307740888,13.24340944591505]]]]}},
{"type":"Feature","properties":{"fid":361,"OBJECTID":542,"Name":"RAL005","LOTE_ID":"RAL005","FINCA":"RANCHO ALEGRE","DISTRITO":"D32","VARIEDAD":"CP72-2086","CICLO":"R1","TCH 23-24":"114.88","ESTIMADO 2":"115","AREA CAÑA":"10.82","ESTATUS":"Comercial","UBICACIÒN":"CENTRO","SEMAN COSE":"1","SEMANA COS":"2","FECHA COSE":"12/08/2024","EDAD COSEC":"12.23","FECHA CO_1":"12/07/2023","FECHA SIEM":null,"FECHA CORT":"12/07/2023","EDAD HOY":"264","TIPO COSEC":"COSECHA MECANICA","TIPO DE CO":"MANUAL","BLOQUE COS":"RAL BLOQ2","RANGO DIST":"<10","TIPO DE SU":"ARC","TIPO DE RI":"SEMIFIJO","DISTANCIAM":"1.6","RENOVACIÒ":null,"Area Calc":3.473},"geometry":{"type":"MultiPolygon","coordinates":[[[[-87.331801919365176,13.241875232206297],[-87.333413019559487,13.241875295539907],[-87.333386767445134,13.243409280433177],[-87.331280852554343,13.243400886926098],[-87.331298216508117,13.243342503775562],[-87.331714210186036,13.24193283962507],[-87.331726530450325,13.241917433435756],[-87.331760790451582,13.241894430241899],[-87.331801919365176,13.241875232206297]]]]}},
{"type":"Feature","properties":{"fid":362,"OBJECTID":543,"Name":"RAL006","LOTE_ID":"RAL006","FINCA":"RANCHO ALEGRE","DISTRITO":"D32","VARIEDAD":"CP72-2086","CICLO":"R1","TCH 23-24":"114.36","ESTIMADO 2":"115","AREA CAÑA":"7.37","ESTATUS":"Comercial","UBICACIÒN":"CENTRO","SEMAN COSE":"1","SEMANA COS":"2","FECHA COSE":"12/08/2024","EDAD COSEC":"12.23","FECHA CO_1":"12/07/2023","FECHA SIEM":null,"FECHA CORT":"12/07/2023","EDAD HOY":"264","TIPO COSEC":"COSECHA MECANICA","TIPO DE CO":"MANUAL","BLOQUE COS":"RAL BLOQ2","RANGO DIST":"<10","TIPO DE SU":"FARC","TIPO DE RI":"SEMIFIJO","DISTANCIAM":"1.6","RENOVACIÒ":null,"Area Calc":7.371},"geometry":{"type":"MultiPolygon","coordinates":[[[[-87.337530079091835,13.241875411162836],[-87.341521757038592,13.241875459945287],[-87.341469586332607,13.243417854260063],[-87.341461839658876,13.243418867423506],[-87.337498695948412,13.243420312342385],[-87.337530079091835,13.241875411162836]]]]}},
{"type":"Feature","properties":{"fid":363,"OBJECTID":544,"Name":"RAL007","LOTE_ID":"RAL007","FINCA":"RANCHO ALEGRE","DISTRITO":"D32","VARIEDAD":"CP72-2086","CICLO":"R1","TCH 23-24":"115.79","ESTIMADO 2":"115","AREA CAÑA":"6.82","ESTATUS":"Comercial","UBICACIÒN":"CENTRO","SEMAN COSE":"1","SEMANA COS":"2","FECHA COSE":"12/08/2024","EDAD COSEC":"12.27","FECHA CO_1":"12/06/2023","FECHA SIEM":null,"FECHA CORT":"12/06/2023","EDAD HOY":"265","TIPO COSEC":"COSECHA MECANICA","TIPO DE CO":"COSECHA MECANICA","BLOQUE COS":"RAL BLOQ2","RANGO DIST":"<10","TIPO DE SU":"FARC","TIPO DE RI":"SEMIFIJO","DISTANCIAM":"1.6","RENOVACIÒ":null,"Area Calc":6.823},"geometry":{"type":"MultiPolygon","coordinates":[[[[-87.341595641225467,13.241875459671668],[-87.34532987035054,13.241875447797289],[-87.345278362798069,13.243306786320854],[-87.345275070462478,13.243372415074948],[-87.344206620684915,13.24340462006321],[-87.341572603977582,13.243404378006018],[-87.341543798981135,13.243408146533483],[-87.341595641225467,13.241875459671668]]]]}},
{"type":"Feature","properties":{"fid":364,"OBJECTID":545,"Name":"RAL008","LOTE_ID":"RAL008","FINCA":"RANCHO ALEGRE","DISTRITO":"D32","VARIEDAD":"CP73-1547","CICLO":"R1","TCH 23-24":"128.16","ESTIMADO 2":"125","AREA CAÑA":"7.45","ESTATUS":"Comercial","UBICACIÒN":"CENTRO","SEMAN COSE":"4","SEMANA COS":"3","FECHA COSE":"12/15/2024","EDAD COSEC":"11.93","FECHA CO_1":"12/23/2023","FECHA SIEM":null,"FECHA CORT":"12/23/2023","EDAD HOY":"248","TIPO COSEC":"COSECHA MECANICA","TIPO DE CO":"COSECHA MECANICA","BLOQUE COS":"RAL BLOQ2","RANGO DIST":"<10","TIPO DE SU":"FARC","TIPO DE RI":"SEMIFIJO","DISTANCIAM":"1.5","RENOVACIÒ":null,"Area Calc":7.455},"geometry":{"type":"MultiPolygon","coordinates":[[[[-87.345403760048853,13.241875447318453],[-87.349991978758425,13.241875356246892],[-87.349378004869664,13.242735592706836],[-87.34886460733631,13.243409434158398],[-87.345348819795589,13.243402173323869],[-87.345403760048853,13.241875447318453]]]]}},
{"type":"Feature","properties":{"fid":365,"OBJECTID":546,"Name":"RAL009","LOTE_ID":"RAL009","FINCA":"RANCHO ALEGRE","DISTRITO":"D32","VARIEDAD":"CP73-1547","CICLO":"R1","TCH 23-24":"108.34","ESTIMADO 2":"105","AREA CAÑA":"9.55","ESTATUS":"Comercial","UBICACIÒN":"CENTRO","SEMAN COSE":"1","SEMANA COS":"2","FECHA COSE":"12/08/2024","EDAD COSEC":"12.13","FECHA CO_1":"12/10/2023","FECHA SIEM":null,"FECHA CORT":"12/10/2023","EDAD HOY":"261","TIPO COSEC":"COSECHA MECANICA","TIPO DE CO":"COSECHA MECANICA","BLOQUE COS":"RAL BLOQ3","RANGO DIST":"<10","TIPO DE SU":"FARC","TIPO DE RI":"SEMIFIJO","DISTANCIAM":"1.5","RENOVACIÒ":null,"Area Calc":9.557},"geometry":{"type":"MultiPolygon","coordinates":[[[[-87.345405061323319,13.241839277769625],[-87.345460750782493,13.240291705123553],[-87.351154590500911,13.240293466732798],[-87.351151689922119,13.240297056935505],[-87.350017794473501,13.241839185638936],[-87.345405061323319,13.241839277769625]]]]}},
{"type":"Feature","properties":{"fid":366,"OBJECTID":547,"Name":"RAL010","LOTE_ID":"RAL010","FINCA":"RANCHO ALEGRE","DISTRITO":"D32","VARIEDAD":"CP72-2086","CICLO":"R1","TCH 23-24":"130.73","ESTIMADO 2":"125","AREA CAÑA":"6.92","ESTATUS":"Comercial","UBICACIÒN":"CENTRO","SEMAN COSE":"2","SEMANA COS":"2","FECHA COSE":"12/08/2024","EDAD COSEC":"12.03","FECHA CO_1":"12/13/2023","FECHA SIEM":null,"FECHA CORT":"12/13/2023","EDAD HOY":"258","TIPO COSEC":"COSECHA MECANICA","TIPO DE CO":"COSECHA MECANICA","BLOQUE COS":"RAL BLOQ3","RANGO DIST":"<10","TIPO DE SU":"FARC","TIPO DE RI":"SEMIFIJO","DISTANCIAM":"1.6","RENOVACIÒ":null,"Area Calc":6.925},"geometry":{"type":"MultiPolygon","coordinates":[[[[-87.341648939565388,13.240299698098118],[-87.345387029463026,13.240287055777777],[-87.345331171635905,13.241839278248571],[-87.341596864603915,13.241839290233493],[-87.341648939565388,13.240299698098118]]]]}},
{"type":"Feature","properties":{"fid":367,"OBJECTID":548,"Name":"RAL011","LOTE_ID":"RAL011","FINCA":"RANCHO ALEGRE","DISTRITO":"D32","VARIEDAD":"CP72-2086","CICLO":"R1","TCH 23-24":"115.83","ESTIMADO 2":"110","AREA CAÑA":"7.4","ESTATUS":"Comercial","UBICACIÒN":"CENTRO","SEMAN COSE":"2","SEMANA COS":"3","FECHA COSE":"12/15/2024","EDAD COSEC":"12.23","FECHA CO_1":"12/14/2023","FECHA SIEM":null,"FECHA CORT":"12/14/2023","EDAD HOY":"257","TIPO COSEC":"COSECHA MECANICA","TIPO DE CO":"MANUAL","BLOQUE COS":"RAL BLOQ3","RANGO DIST":"<10","TIPO DE SU":"FARC","TIPO DE RI":"SEMIFIJO","DISTANCIAM":"1.6","RENOVACIÒ":null,"Area Calc":7.403},"geometry":{"type":"MultiPolygon","coordinates":[[[[-87.337563708084488,13.240296513713087],[-87.341575164910793,13.240296486367967],[-87.341522980427953,13.241839290507201],[-87.337530849855455,13.241839241424506],[-87.337563708084488,13.240296513713087]]]]}},
{"type":"Feature","properties":{"fid":368,"OBJECTID":549,"Name":"RAL012","LOTE_ID":"RAL012","FINCA":"RANCHO ALEGRE","DISTRITO":"D32","VARIEDAD":"CP72-2086","CICLO":"R1","TCH 23-24":"111.51","ESTIMADO 2":"115","AREA CAÑA":"10.01","ESTATUS":"Comercial","UBICACIÒN":"CENTRO","SEMAN COSE":"2","SEMANA COS":"2","FECHA COSE":"12/08/2024","EDAD COSEC":"12.23","FECHA CO_1":"12/07/2023","FECHA SIEM":null,"FECHA CORT":"12/07/2023","EDAD HOY":"264","TIPO COSEC":"COSECHA MECANICA","TIPO DE CO":"MANUAL","BLOQUE COS":"RAL BLOQ3","RANGO DIST":"<10","TIPO DE SU":"ARC","TIPO DE RI":"SEMIFIJO","DISTANCIAM":"1.8","RENOVACIÒ":null,"Area Calc":10.016},"geometry":{"type":"MultiPolygon","coordinates":[[[[-87.335273088738717,13.240325650452444],[-87.33527536684187,13.240324331790911],[-87.337470730143153,13.240327189994746],[-87.337438525057877,13.241839239574132],[-87.33180305096306,13.241839062901564],[-87.331786344734567,13.241809045722377],[-87.331752709096619,13.241781871771009],[-87.331738301586924,13.241748686757818],[-87.331746470214014,13.241714360195665],[-87.331814558892447,13.241418042341053],[-87.331835446016399,13.241355694900765],[-87.33199358801491,13.240822023250193],[-87.332012497843721,13.240771903705483],[-87.332041202529169,13.240695566515065],[-87.332064450790227,13.24061150515532],[-87.332086266055555,13.240532581746541],[-87.332115922107519,13.24045674968524],[-87.332167531819437,13.24035647455333],[-87.332184367621295,13.240328909467673],[-87.332226117047,13.240322353660449],[-87.332272822437858,13.240322048746469],[-87.332314288128742,13.240320674595786],[-87.332318410122028,13.240320452213684],[-87.334874398743082,13.240323808107785],[-87.334906697521475,13.24034931598081],[-87.334943693121062,13.240383212661534],[-87.334991373006474,13.240400294524548],[-87.335041951043578,13.24040372758075],[-87.33509299570153,13.240404139849971],[-87.335144177516653,13.240403602476032],[-87.335192290371666,13.240393050131274],[-87.335223453014109,13.240359914007454],[-87.335259083470305,13.240333752753862],[-87.335273088738717,13.240325650452444]]]]}},
{"type":"Feature","properties":{"fid":369,"OBJECTID":550,"Name":"RAL013","LOTE_ID":"RAL013","FINCA":"RANCHO ALEGRE","DISTRITO":"D32","VARIEDAD":"CP72-2086","CICLO":"R1","TCH 23-24":"93","ESTIMADO 2":"95","AREA CAÑA":"9.03","ESTATUS":"Comercial","UBICACIÒN":"CENTRO","SEMAN COSE":"2","SEMANA COS":"2","FECHA COSE":"12/08/2024","EDAD COSEC":"12.07","FECHA CO_1":"12/12/2023","FECHA SIEM":null,"FECHA CORT":"12/12/2023","EDAD HOY":"259","TIPO COSEC":"COSECHA MECANICA","TIPO DE CO":"COSECHA MECANICA","BLOQUE COS":"RAL BLOQ4","RANGO DIST":"<10","TIPO DE SU":"FARC","TIPO DE RI":"SEMIFIJO","DISTANCIAM":"1.6","RENOVACIÒ":null,"Area Calc":1.821},"geometry":{"type":"MultiPolygon","coordinates":[[[[-87.333437811142531,13.240249586163714],[-87.332333188677879,13.240248132572328],[-87.332333012899099,13.240246475327073],[-87.332308282484888,13.240204017219602],[-87.332288825023895,13.24015651562482],[-87.332268079732174,13.24011227097205],[-87.332271636765228,13.24008069024269],[-87.332272296642628,13.240070408162147],[-87.332579668182873,13.238876433196289],[-87.332589384202677,13.238863629147005],[-87.332616266710318,13.238832388772028],[-87.332663009572585,13.2388190988404],[-87.332715828203476,13.238807437661489],[-87.33276525777859,13.238794659628596],[-87.332816820268121,13.238789203160364],[-87.332868605474076,13.238784623505445],[-87.332914284970926,13.238769969510081],[-87.332954442458188,13.238753649859721],[-87.332993970787712,13.238743027742956],[-87.333053326865439,13.238743323794344],[-87.33309401167044,13.238744868527622],[-87.333148758859139,13.238746388580898],[-87.333203283537117,13.238747185519777],[-87.333255519378682,13.238748193409219],[-87.333306452503379,13.238748289704567],[-87.333361298348606,13.238747693659155],[-87.333411529402596,13.238747374899056],[-87.333458511468891,13.238749158210767],[-87.333437811142531,13.240249586163714]]]]}},
{"type":"Feature","properties":{"fid":370,"OBJECTID":551,"Name":"RAL013","LOTE_ID":"RAL013","FINCA":"RANCHO ALEGRE","DISTRITO":"D32","VARIEDAD":"CP72-2086","CICLO":"R1","TCH 23-24":"93","ESTIMADO 2":"95","AREA CAÑA":"9.03","ESTATUS":"Comercial","UBICACIÒN":"CENTRO","SEMAN COSE":"2","SEMANA COS":"2","FECHA COSE":"12/08/2024","EDAD COSEC":"12.07","FECHA CO_1":"12/12/2023","FECHA SIEM":null,"FECHA CORT":"12/12/2023","EDAD HOY":"259","TIPO COSEC":"COSECHA MECANICA","TIPO DE CO":"COSECHA MECANICA","BLOQUE COS":"RAL BLOQ4","RANGO DIST":"<10","TIPO DE SU":"FARC","TIPO DE RI":"SEMIFIJO","DISTANCIAM":"1.6","RENOVACIÒ":null,"Area Calc":7.22},"geometry":{"type":"MultiPolygon","coordinates":[[[[-87.333500582538008,13.240249668763637],[-87.333521390788022,13.238741331275994],[-87.337504638721697,13.238735184114208],[-87.337472271693258,13.24025485322213],[-87.333500582538008,13.240249668763637]]]]}},
{"type":"Feature","properties":{"fid":371,"OBJECTID":552,"Name":"RAL014","LOTE_ID":"RAL014","FINCA":"RANCHO ALEGRE","DISTRITO":"D32","VARIEDAD":"CP72-2086","CICLO":"R1","TCH 23-24":"108.1","ESTIMADO 2":"110","AREA CAÑA":"7.38","ESTATUS":"Comercial","UBICACIÒN":"CENTRO","SEMAN COSE":"2","SEMANA COS":"2","FECHA COSE":"12/08/2024","EDAD COSEC":"12.07","FECHA CO_1":"12/12/2023","FECHA SIEM":null,"FECHA CORT":"12/12/2023","EDAD HOY":"259","TIPO COSEC":"COSECHA MECANICA","TIPO DE CO":"COSECHA MECANICA","BLOQUE COS":"RAL BLOQ4","RANGO DIST":"<10","TIPO DE SU":"FARC","TIPO DE RI":"SEMIFIJO","DISTANCIAM":"1.5","RENOVACIÒ":null,"Area Calc":7.383},"geometry":{"type":"MultiPolygon","coordinates":[[[[-87.337564477920978,13.240260343971659],[-87.337596964917793,13.238735040382608],[-87.341640108368651,13.238728735974542],[-87.3415901518417,13.240166371450904],[-87.341546103117068,13.240172694947317],[-87.341513113293402,13.240192252576472],[-87.341508508498976,13.240232832000277],[-87.341512388487928,13.240260317527023],[-87.337564477920978,13.240260343971659]]]]}},
{"type":"Feature","properties":{"fid":372,"OBJECTID":553,"Name":"RAL015","LOTE_ID":"RAL015","FINCA":"RANCHO ALEGRE","DISTRITO":"D32","VARIEDAD":"CP72-2086","CICLO":"R1","TCH 23-24":"133.33","ESTIMADO 2":"128","AREA CAÑA":"6.85","ESTATUS":"Comercial","UBICACIÒN":"CENTRO","SEMAN COSE":"2","SEMANA COS":"3","FECHA COSE":"12/15/2024","EDAD COSEC":"12.2","FECHA CO_1":"12/15/2023","FECHA SIEM":null,"FECHA CORT":"12/15/2023","EDAD HOY":"256","TIPO COSEC":"COSECHA MECANICA","TIPO DE CO":"MANUAL","BLOQUE COS":"RAL BLOQ4","RANGO DIST":"<10","TIPO DE SU":"FARC","TIPO DE RI":"SEMIFIJO","DISTANCIAM":"1.6","RENOVACIÒ":null,"Area Calc":6.856},"geometry":{"type":"MultiPolygon","coordinates":[[[[-87.341686289444652,13.238728663341364],[-87.345443321161625,13.238722746462962],[-87.345388655817075,13.240241837959186],[-87.341633267102679,13.240254538696663],[-87.341686289444652,13.238728663341364]]]]}},
{"type":"Feature","properties":{"fid":373,"OBJECTID":554,"Name":"RAL016","LOTE_ID":"RAL016","FINCA":"RANCHO ALEGRE","DISTRITO":"D32","VARIEDAD":"CG02-163","CICLO":"R1","TCH 23-24":"112.61","ESTIMADO 2":"110","AREA CAÑA":"11.2","ESTATUS":"Comercial","UBICACIÒN":"CENTRO","SEMAN COSE":"2","SEMANA COS":"3","FECHA COSE":"12/15/2024","EDAD COSEC":"12.2","FECHA CO_1":"12/15/2023","FECHA SIEM":null,"FECHA CORT":"12/15/2023","EDAD HOY":"256","TIPO COSEC":"COSECHA MECANICA","TIPO DE CO":"COSECHA MECANICA","BLOQUE COS":"RAL BLOQ4","RANGO DIST":"<10","TIPO DE SU":"FARC","TIPO DE RI":"SEMIFIJO","DISTANCIAM":"1.6","RENOVACIÒ":null,"Area Calc":9.914},"geometry":{"type":"MultiPolygon","coordinates":[[[[-87.345517213436196,13.238722629322909],[-87.350340072651122,13.238714952063246],[-87.350353403647645,13.238801229892648],[-87.350375958809366,13.238869631810163],[-87.350422598516474,13.238965679455729],[-87.350480273803086,13.23903315605714],[-87.350559776249852,13.239105259517547],[-87.350689071335879,13.239218970986363],[-87.350892339323465,13.239378380493118],[-87.351101901008349,13.239543070978565],[-87.35148831463033,13.239844757075033],[-87.351367930320279,13.240014012826579],[-87.351336064492529,13.240057270278038],[-87.351278766558934,13.240131035584076],[-87.351220325267548,13.240212108705682],[-87.351205816851888,13.240230065155517],[-87.345462701341702,13.240237485156689],[-87.345517213436196,13.238722629322909]]]]}},
{"type":"Feature","properties":{"fid":374,"OBJECTID":555,"Name":"RAL016","LOTE_ID":"RAL016","FINCA":"RANCHO ALEGRE","DISTRITO":"D32","VARIEDAD":"CG02-163","CICLO":"R1","TCH 23-24":"112.61","ESTIMADO 2":"110","AREA CAÑA":"11.2","ESTATUS":"Comercial","UBICACIÒN":"CENTRO","SEMAN COSE":"2","SEMANA COS":"3","FECHA COSE":"12/15/2024","EDAD COSEC":"12.2","FECHA CO_1":"12/15/2023","FECHA SIEM":null,"FECHA CORT":"12/15/2023","EDAD HOY":"256","TIPO COSEC":"COSECHA MECANICA","TIPO DE CO":"COSECHA MECANICA","BLOQUE COS":"RAL BLOQ4","RANGO DIST":"<10","TIPO DE SU":"FARC","TIPO DE RI":"SEMIFIJO","DISTANCIAM":"1.6","RENOVACIÒ":null,"Area Calc":1.299},"geometry":{"type":"MultiPolygon","coordinates":[[[[-87.35042875274695,13.238714810503041],[-87.351536194413825,13.238714776905077],[-87.35157754453418,13.238715516618987],[-87.352301203116554,13.238715995089752],[-87.352262126986588,13.238791428208845],[-87.352239016254131,13.238837129607811],[-87.352180512837435,13.238925925233914],[-87.351707629066965,13.23953997686711],[-87.351646356496886,13.239622555020263],[-87.351568877188953,13.239731487831316],[-87.351350955330545,13.239595282844979],[-87.351219877855527,13.239513475750588],[-87.351101812489219,13.239436180937325],[-87.35098463586624,13.239347780783254],[-87.350863820664969,13.239251600068625],[-87.350753764582095,13.239165839442432],[-87.350666617151631,13.239085753063506],[-87.350598058960173,13.239011627200266],[-87.350533179506641,13.238921653988564],[-87.350473471822838,13.238820687148907],[-87.35042875274695,13.238714810503041]]]]}},
{"type":"Feature","properties":{"fid":375,"OBJECTID":556,"Name":"RAL017","LOTE_ID":"RAL017","FINCA":"RANCHO ALEGRE","DISTRITO":"D32","VARIEDAD":"CP73-1547","CICLO":"R1","TCH 23-24":"106.2","ESTIMADO 2":"115","AREA CAÑA":"13.6","ESTATUS":"Comercial","UBICACIÒN":"CENTRO","SEMAN COSE":"2","SEMANA COS":"2","FECHA COSE":"12/08/2024","EDAD COSEC":"12.23","FECHA CO_1":"12/07/2023","FECHA SIEM":null,"FECHA CORT":"12/07/2023","EDAD HOY":"264","TIPO COSEC":"COSECHA MECANICA","TIPO DE CO":"MANUAL","BLOQUE COS":"RAL BLOQ5","RANGO DIST":"<10","TIPO DE SU":"FARC","TIPO DE RI":"SEMIFIJO","DISTANCIAM":"1.5","RENOVACIÒ":null,"Area Calc":4.774},"geometry":{"type":"MultiPolygon","coordinates":[[[[-87.350383666256519,13.237103739532927],[-87.353409380738285,13.237093468169205],[-87.353410517478537,13.237094452217457],[-87.353444508210643,13.237123476485205],[-87.353447920133704,13.237172418251051],[-87.353441454668896,13.237220659335915],[-87.35341583339401,13.237260408990624],[-87.353374005414537,13.237332033808549],[-87.353342200041908,13.237379608258703],[-87.353268072340342,13.237482477623635],[-87.353187595203011,13.237586079139696],[-87.353099201865717,13.23769848078393],[-87.352511532764737,13.238484479956519],[-87.352470386681745,13.238537660819871],[-87.352411894049936,13.23860175265809],[-87.352344521589586,13.238650272165863],[-87.352341703238835,13.238652607183727],[-87.351831637340368,13.23864391261645],[-87.351812210813122,13.238621767423476],[-87.351792717758556,13.238564845265429],[-87.351769157424712,13.238510207391464],[-87.351728722145452,13.23847350574262],[-87.351673738708328,13.238480996225675],[-87.351632428339343,13.23850343303744],[-87.351623779253771,13.23855470628982],[-87.351618435752556,13.238606770721544],[-87.35157240761896,13.238658721166576],[-87.350405853266182,13.238660592061786],[-87.350384837620339,13.238610835264947],[-87.350385189822134,13.23857956617209],[-87.350383405450273,13.238357993715979],[-87.350383666256519,13.237103739532927]]]]}},
{"type":"Feature","properties":{"fid":376,"OBJECTID":557,"Name":"RAL017","LOTE_ID":"RAL017","FINCA":"RANCHO ALEGRE","DISTRITO":"D32","VARIEDAD":"CP73-1547","CICLO":"R1","TCH 23-24":"106.2","ESTIMADO 2":"115","AREA CAÑA":"13.6","ESTATUS":"Comercial","UBICACIÒN":"CENTRO","SEMAN COSE":"2","SEMANA COS":"2","FECHA COSE":"12/08/2024","EDAD COSEC":"12.23","FECHA CO_1":"12/07/2023","FECHA SIEM":null,"FECHA CORT":"12/07/2023","EDAD HOY":"264","TIPO COSEC":"COSECHA MECANICA","TIPO DE CO":"MANUAL","BLOQUE COS":"RAL BLOQ5","RANGO DIST":"<10","TIPO DE SU":"FARC","TIPO DE RI":"SEMIFIJO","DISTANCIAM":"1.5","RENOVACIÒ":null,"Area Calc":8.839},"geometry":{"type":"MultiPolygon","coordinates":[[[[-87.345519165773126,13.238668372273318],[-87.345574893380714,13.23711970959255],[-87.350098426144541,13.237104261785946],[-87.350122783537884,13.237120826624786],[-87.350166998530682,13.237154566496555],[-87.350212061420109,13.237193857230306],[-87.350248030474873,13.237251100544425],[-87.350278576174716,13.237317619748806],[-87.350300093232121,13.237383120498524],[-87.350306005339704,13.237476854931296],[-87.350308309387486,13.237629397026126],[-87.350308696854782,13.237945717657157],[-87.350306987554262,13.238273904781948],[-87.350305144170861,13.238488899352403],[-87.350331691524431,13.238660710985503],[-87.345519165773126,13.238668372273318]]]]}},
{"type":"Feature","properties":{"fid":377,"OBJECTID":558,"Name":"RAL019","LOTE_ID":"RAL019","FINCA":"RANCHO ALEGRE","DISTRITO":"D32","VARIEDAD":"CP73-1547","CICLO":"R1","TCH 23-24":"49.34","ESTIMADO 2":"100","AREA CAÑA":"7.46","ESTATUS":"Comercial","UBICACIÒN":"CENTRO","SEMAN COSE":"1","SEMANA COS":"6","FECHA COSE":"01/05/2025","EDAD COSEC":"8.93","FECHA CO_1":"04/12/2024","FECHA SIEM":null,"FECHA CORT":"04/12/2024","EDAD HOY":"137","TIPO COSEC":"MANUAL","TIPO DE CO":"MANUAL","BLOQUE COS":"RAL BLOQ18","RANGO DIST":"<10","TIPO DE SU":"FARC","TIPO DE RI":"SEMIFIJO","DISTANCIAM":"n/a","RENOVACIÒ":null,"Area Calc":7.469},"geometry":{"type":"MultiPolygon","coordinates":[[[[-87.337598120587586,13.238680784406444],[-87.337628812829394,13.237239759164634],[-87.337687822325208,13.237185738662433],[-87.337733146366631,13.237161408908806],[-87.337782425737814,13.237149257658395],[-87.33784375907257,13.237145926696844],[-87.341695561218813,13.237132894292046],[-87.341641993259088,13.238674478120762],[-87.337598120587586,13.238680784406444]]]]}},
{"type":"Feature","properties":{"fid":378,"OBJECTID":559,"Name":"RAL020","LOTE_ID":"RAL020","FINCA":"RANCHO ALEGRE","DISTRITO":"D32","VARIEDAD":"CP72-2086","CICLO":"R1","TCH 23-24":"92.41","ESTIMADO 2":"90","AREA CAÑA":"8.31","ESTATUS":"Comercial","UBICACIÒN":"CENTRO","SEMAN COSE":"3","SEMANA COS":"3","FECHA COSE":"12/15/2024","EDAD COSEC":"12.13","FECHA CO_1":"12/17/2023","FECHA SIEM":null,"FECHA CORT":"12/17/2023","EDAD HOY":"254","TIPO COSEC":"COSECHA MECANICA","TIPO DE CO":"MANUAL","BLOQUE COS":"RAL BLOQ5","RANGO DIST":"<10","TIPO DE SU":"ARC","TIPO DE RI":"SEMIFIJO","DISTANCIAM":"1.6","RENOVACIÒ":null,"Area Calc":1.078},"geometry":{"type":"MultiPolygon","coordinates":[[[[-87.333480546771497,13.237151932933838],[-87.333459372636355,13.238686725564483],[-87.332629723506344,13.238681995930868],[-87.333139294167026,13.237149838245786],[-87.333480546771497,13.237151932933838]]]]}},
{"type":"Feature","properties":{"fid":379,"OBJECTID":560,"Name":"RAL020","LOTE_ID":"RAL020","FINCA":"RANCHO ALEGRE","DISTRITO":"D32","VARIEDAD":"CP72-2086","CICLO":"R1","TCH 23-24":"92.41","ESTIMADO 2":"90","AREA CAÑA":"8.31","ESTATUS":"Comercial","UBICACIÒN":"CENTRO","SEMAN COSE":"3","SEMANA COS":"3","FECHA COSE":"12/15/2024","EDAD COSEC":"12.13","FECHA CO_1":"12/17/2023","FECHA SIEM":null,"FECHA CORT":"12/17/2023","EDAD HOY":"254","TIPO COSEC":"COSECHA MECANICA","TIPO DE CO":"MANUAL","BLOQUE COS":"RAL BLOQ5","RANGO DIST":"<10","TIPO DE SU":"ARC","TIPO DE RI":"SEMIFIJO","DISTANCIAM":"1.6","RENOVACIÒ":null,"Area Calc":7.239},"geometry":{"type":"MultiPolygon","coordinates":[[[[-87.333522139379227,13.238687074925313],[-87.333543312247386,13.237152318469617],[-87.337301761086323,13.23717536172815],[-87.337334390817759,13.237182588732205],[-87.337381090558168,13.237205458600075],[-87.337420960394496,13.237235390561311],[-87.337455430818949,13.237272238050515],[-87.337482210859832,13.237314647735557],[-87.337499284677591,13.237366682324257],[-87.3375083229258,13.23742162110098],[-87.337512376784019,13.23747653029411],[-87.337513107697887,13.237526715602433],[-87.337524505577889,13.237802448798941],[-87.337505794410703,13.238680927233718],[-87.333522139379227,13.238687074925313]]]]}},
{"type":"Feature","properties":{"fid":380,"OBJECTID":561,"Name":"RAL021","LOTE_ID":"RAL021","FINCA":"RANCHO ALEGRE","DISTRITO":"D32","VARIEDAD":"CG02-163","CICLO":"R1","TCH 23-24":"97.92","ESTIMADO 2":"95","AREA CAÑA":"7.76","ESTATUS":"Comercial","UBICACIÒN":"CENTRO","SEMAN COSE":"3","SEMANA COS":"3","FECHA COSE":"12/15/2024","EDAD COSEC":"12.17","FECHA CO_1":"12/16/2023","FECHA SIEM":null,"FECHA CORT":"12/16/2023","EDAD HOY":"255","TIPO COSEC":"COSECHA MECANICA","TIPO DE CO":"COSECHA MECANICA","BLOQUE COS":"RAL BLOQ6","RANGO DIST":"<10","TIPO DE SU":"ARC","TIPO DE RI":"SEMIFIJO","DISTANCIAM":"1.8","RENOVACIÒ":null,"Area Calc":7.767},"geometry":{"type":"MultiPolygon","coordinates":[[[[-87.337571916054003,13.235576473154838],[-87.33753988314227,13.237080461742773],[-87.33748884092843,13.237081986827807],[-87.333176807837546,13.23706561891761],[-87.333169853483767,13.237057952788996],[-87.333133895906698,13.237006240918262],[-87.333114788340922,13.236937652008899],[-87.333112469701831,13.23686158121153],[-87.333425519621585,13.235623727531594],[-87.333439735245122,13.235590595656664],[-87.333482295370018,13.235569941479271],[-87.333531293186695,13.235559187566272],[-87.333534251250626,13.235558347280671],[-87.337571916054003,13.235576473154838]]]]}},
{"type":"Feature","properties":{"fid":381,"OBJECTID":562,"Name":"RAL022","LOTE_ID":"RAL022","FINCA":"RANCHO ALEGRE","DISTRITO":"D32","VARIEDAD":"CP73-1547","CICLO":"R1","TCH 23-24":"91.14","ESTIMADO 2":"90","AREA CAÑA":"7.53","ESTATUS":"Comercial","UBICACIÒN":"CENTRO","SEMAN COSE":"3","SEMANA COS":"3","FECHA COSE":"12/15/2024","EDAD COSEC":"12.1","FECHA CO_1":"12/18/2023","FECHA SIEM":null,"FECHA CORT":"12/18/2023","EDAD HOY":"253","TIPO COSEC":"COSECHA MECANICA","TIPO DE CO":"MANUAL","BLOQUE COS":"RAL BLOQ6","RANGO DIST":"<10","TIPO DE SU":"ARC","TIPO DE RI":"SEMIFIJO","DISTANCIAM":"1.5","RENOVACIÒ":null,"Area Calc":7.535},"geometry":{"type":"MultiPolygon","coordinates":[[[[-87.337665093287626,13.235536323773795],[-87.341751340195472,13.235527665056939],[-87.341697725642049,13.237070598263214],[-87.337649044122855,13.237077199637392],[-87.337632264183924,13.237077701066861],[-87.337665093287626,13.235536323773795]]]]}},
{"type":"Feature","properties":{"fid":382,"OBJECTID":563,"Name":"RAL023","LOTE_ID":"RAL023","FINCA":"RANCHO ALEGRE","DISTRITO":"D32","VARIEDAD":"CP72-2086","CICLO":"R1","TCH 23-24":"110.97","ESTIMADO 2":"110","AREA CAÑA":"6.95","ESTATUS":"Comercial","UBICACIÒN":"CENTRO","SEMAN COSE":"3","SEMANA COS":"3","FECHA COSE":"12/15/2024","EDAD COSEC":"12.03","FECHA CO_1":"12/20/2023","FECHA SIEM":null,"FECHA CORT":"12/20/2023","EDAD HOY":"251","TIPO COSEC":"COSECHA MECANICA","TIPO DE CO":"COSECHA MECANICA","BLOQUE COS":"RAL BLOQ6","RANGO DIST":"<10","TIPO DE SU":"ARC","TIPO DE RI":"SEMIFIJO","DISTANCIAM":"1.5","RENOVACIÒ":null,"Area Calc":6.96},"geometry":{"type":"MultiPolygon","coordinates":[[[[-87.345502998338162,13.237064335333352],[-87.341743906401589,13.237070522914479],[-87.341797521555605,13.235527567098371],[-87.345558586477992,13.235519538284988],[-87.345502998338162,13.237064335333352]]]]}},
{"type":"Feature","properties":{"fid":383,"OBJECTID":564,"Name":"RAL024","LOTE_ID":"RAL024","FINCA":"RANCHO ALEGRE","DISTRITO":"D32","VARIEDAD":"CP72-2086","CICLO":"R1","TCH 23-24":"94.15","ESTIMADO 2":"90","AREA CAÑA":"8.41","ESTATUS":"Comercial","UBICACIÒN":"CENTRO","SEMAN COSE":"2","SEMANA COS":"3","FECHA COSE":"12/15/2024","EDAD COSEC":"12.13","FECHA CO_1":"12/17/2023","FECHA SIEM":null,"FECHA CORT":"12/17/2023","EDAD HOY":"254","TIPO COSEC":"MANUAL","TIPO DE CO":"MANUAL","BLOQUE COS":"RAL BLOQ6","RANGO DIST":"<10","TIPO DE SU":"FARC","TIPO DE RI":"SEMIFIJO","DISTANCIAM":"1.6","RENOVACIÒ":null,"Area Calc":8.417},"geometry":{"type":"MultiPolygon","coordinates":[[[[-87.348724495095979,13.236929467315475],[-87.348868492490325,13.236633649305219],[-87.349326378529568,13.235511440376966],[-87.350313232443227,13.235509309467684],[-87.350308424840733,13.23654114422393],[-87.350306189822632,13.236772759288804],[-87.350307664347881,13.236972657570597],[-87.35028944087577,13.237008056426335],[-87.350245334683606,13.237031075561225],[-87.350186369213176,13.237035722823215],[-87.350152930132722,13.237056605970494],[-87.345576891028955,13.237064213665889],[-87.345632479574746,13.23551938044209],[-87.349147296579801,13.235511826274827],[-87.34866322801183,13.236698199344199],[-87.348597274545313,13.236812017439377],[-87.348585311522726,13.236850527263178],[-87.348582706336671,13.236894377416276],[-87.348623882019581,13.236900533347347],[-87.348724495095979,13.236929467315475]]]]}},
{"type":"Feature","properties":{"fid":384,"OBJECTID":565,"Name":"RAL025","LOTE_ID":"RAL025","FINCA":"RANCHO ALEGRE","DISTRITO":"D32","VARIEDAD":"CP73-1547","CICLO":"R1","TCH 23-24":"121.03","ESTIMADO 2":"117","AREA CAÑA":"6.99","ESTATUS":"Comercial","UBICACIÒN":"CENTRO","SEMAN COSE":"6","SEMANA COS":"5","FECHA COSE":"12/29/2024","EDAD COSEC":"11.9","FECHA CO_1":"01/07/2024","FECHA SIEM":null,"FECHA CORT":"01/07/2024","EDAD HOY":"233","TIPO COSEC":"COSECHA MECANICA","TIPO DE CO":"COSECHA MECANICA","BLOQUE COS":"RAL BLOQ6","RANGO DIST":"<10","TIPO DE SU":"FARC","TIPO DE RI":"SEMIFIJO","DISTANCIAM":"1.5","RENOVACIÒ":null,"Area Calc":6.997},"geometry":{"type":"MultiPolygon","coordinates":[[[[-87.350384431211026,13.235509155753691],[-87.354723987429082,13.235499742108805],[-87.354714204399542,13.235516365670394],[-87.354692013391073,13.235547783543753],[-87.354685825735345,13.23555562465854],[-87.354667376744587,13.235578181211702],[-87.354615065243721,13.235645628727706],[-87.353692774516546,13.236906033939993],[-87.35365504749646,13.236955141175777],[-87.353596446085191,13.237013735650981],[-87.353559820493345,13.237050888205642],[-87.350383675865771,13.237056219908165],[-87.350383983986475,13.235572753370532],[-87.350384431211026,13.235509155753691]]]]}},
{"type":"Feature","properties":{"fid":385,"OBJECTID":566,"Name":"RAL026","LOTE_ID":"RAL026","FINCA":"RANCHO ALEGRE","DISTRITO":"D32","VARIEDAD":"CP89-2143","CICLO":"R1","TCH 23-24":"75.4","ESTIMADO 2":"92","AREA CAÑA":"8.83","ESTATUS":"Comercial","UBICACIÒN":"CENTRO","SEMAN COSE":"7","SEMANA COS":"5","FECHA COSE":"12/29/2024","EDAD COSEC":"11.97","FECHA CO_1":"01/05/2024","FECHA SIEM":null,"FECHA CORT":"01/05/2024","EDAD HOY":"235","TIPO COSEC":"COSECHA MECANICA","TIPO DE CO":"COSECHA MECANICA","BLOQUE COS":"RAL BLOQ18","RANGO DIST":"<10","TIPO DE SU":"ARC","TIPO DE RI":"SEMIFIJO","DISTANCIAM":"1.5","RENOVACIÒ":null,"Area Calc":8.836},"geometry":{"type":"MultiPolygon","coordinates":[[[[-87.350385555051503,13.233943984404908],[-87.355395954704946,13.23393454057206],[-87.355410132018363,13.23394906554328],[-87.355447233293944,13.233978229907336],[-87.355494370000599,13.233977124444323],[-87.355521071197018,13.233950565940129],[-87.355561651836496,13.233934893246019],[-87.355615211763705,13.233933136810995],[-87.355667161740769,13.233928687972165],[-87.355706052205861,13.23394410536541],[-87.355708966952761,13.233987278747163],[-87.355698199257276,13.23403448600323],[-87.35567144008067,13.234078333666996],[-87.355468312162103,13.23435194088619],[-87.355462892749443,13.234357400991671],[-87.35542285987033,13.234394422005792],[-87.355394778164481,13.234442892145722],[-87.355371406019842,13.23449287485376],[-87.355350917575052,13.234545548182371],[-87.355332601612403,13.234600569510413],[-87.355304997142284,13.234653551132327],[-87.355278076280896,13.234706938708424],[-87.355250591294606,13.234759585589789],[-87.355222833866534,13.234808950457479],[-87.355199406337505,13.234842413674416],[-87.355167104127702,13.234886801591234],[-87.354822537428007,13.235355703650203],[-87.35477572926402,13.235411813432014],[-87.35475597170354,13.235445388159379],[-87.350384797229921,13.235457196720251],[-87.350385334245018,13.235380862759984],[-87.35038861786181,13.235133819899231],[-87.350389177538148,13.234879592062221],[-87.350390632899675,13.23461269458921],[-87.350390197247165,13.234353069794194],[-87.350387890756863,13.23406962083474],[-87.350385555051503,13.233943984404908]]]]}},
{"type":"Feature","properties":{"fid":386,"OBJECTID":567,"Name":"RAL027","LOTE_ID":"RAL027","FINCA":"RANCHO ALEGRE","DISTRITO":"D32","VARIEDAD":"CP72-2086","CICLO":"R1","TCH 23-24":"89.71","ESTIMADO 2":"90","AREA CAÑA":"8.17","ESTATUS":"Comercial","UBICACIÒN":"CENTRO","SEMAN COSE":"4","SEMANA COS":"3","FECHA COSE":"12/15/2024","EDAD COSEC":"11.97","FECHA CO_1":"12/22/2023","FECHA SIEM":null,"FECHA CORT":"12/22/2023","EDAD HOY":"249","TIPO COSEC":"COSECHA MECANICA","TIPO DE CO":"COSECHA MECANICA","BLOQUE COS":"RAL BLOQ7","RANGO DIST":"<10","TIPO DE SU":"ARC","TIPO DE RI":"SEMIFIJO","DISTANCIAM":"1.6","RENOVACIÒ":null,"Area Calc":6.96},"geometry":{"type":"MultiPolygon","coordinates":[[[[-87.349790966012421,13.233934277466933],[-87.349168251676005,13.235460469349901],[-87.345634258686403,13.23546994411898],[-87.345688845785276,13.233952953626531],[-87.349790966012421,13.233934277466933]]]]}},
{"type":"Feature","properties":{"fid":387,"OBJECTID":568,"Name":"RAL027","LOTE_ID":"RAL027","FINCA":"RANCHO ALEGRE","DISTRITO":"D32","VARIEDAD":"CP72-2086","CICLO":"R1","TCH 23-24":"89.71","ESTIMADO 2":"90","AREA CAÑA":"8.17","ESTATUS":"Comercial","UBICACIÒN":"CENTRO","SEMAN COSE":"4","SEMANA COS":"3","FECHA COSE":"12/15/2024","EDAD COSEC":"11.97","FECHA CO_1":"12/22/2023","FECHA SIEM":null,"FECHA CORT":"12/22/2023","EDAD HOY":"249","TIPO COSEC":"COSECHA MECANICA","TIPO DE CO":"COSECHA MECANICA","BLOQUE COS":"RAL BLOQ7","RANGO DIST":"<10","TIPO DE SU":"ARC","TIPO DE RI":"SEMIFIJO","DISTANCIAM":"1.6","RENOVACIÒ":null,"Area Calc":1.213},"geometry":{"type":"MultiPolygon","coordinates":[[[[-87.350316734647478,13.233902304702081],[-87.350317338778979,13.233936233673406],[-87.35031991076356,13.234076097997916],[-87.35031347484707,13.235457388581613],[-87.34934737221802,13.235459987536002],[-87.349971395222113,13.233930588822977],[-87.350007164830998,13.233923509353046],[-87.350068492642308,13.233913807826719],[-87.350129866288754,13.23390647442772],[-87.350190028592181,13.233903423346998],[-87.35025105662632,13.233903564841158],[-87.350316734647478,13.233902304702081]]]]}},
{"type":"Feature","properties":{"fid":388,"OBJECTID":569,"Name":"RAL028","LOTE_ID":"RAL028","FINCA":"RANCHO ALEGRE","DISTRITO":"D32","VARIEDAD":"CP73-1547","CICLO":"R1","TCH 23-24":"122.75","ESTIMADO 2":"120","AREA CAÑA":"6.79","ESTATUS":"Comercial","UBICACIÒN":"CENTRO","SEMAN COSE":"4","SEMANA COS":"3","FECHA COSE":"12/15/2024","EDAD COSEC":"12.2","FECHA CO_1":"12/15/2023","FECHA SIEM":null,"FECHA CORT":"12/15/2023","EDAD HOY":"256","TIPO COSEC":"COSECHA MECANICA","TIPO DE CO":"COSECHA MECANICA","BLOQUE COS":"RAL BLOQ7","RANGO DIST":"<10","TIPO DE SU":"FARC","TIPO DE RI":"SEMIFIJO","DISTANCIAM":"1.5","RENOVACIÒ":null,"Area Calc":1.718},"geometry":{"type":"MultiPolygon","coordinates":[[[[-87.341851631459065,13.233970364125589],[-87.341904253128234,13.233970126421573],[-87.341925430740901,13.234007162003307],[-87.341951667667672,13.234063577733187],[-87.341984933502545,13.23411678032563],[-87.34203125477849,13.234156298739618],[-87.342073985396382,13.23419968486918],[-87.342120116072707,13.234245468101181],[-87.34216394484281,13.234289984853403],[-87.342215416533193,13.234328786504696],[-87.342268030004291,13.234366260998488],[-87.342318828245823,13.234403970303212],[-87.342369602089121,13.234443365134737],[-87.342421750529184,13.234478944025899],[-87.342471733472905,13.234516423810256],[-87.342520864077372,13.234556253040243],[-87.342573426810432,13.234593679611539],[-87.342625990823265,13.234628708123564],[-87.342677512069613,13.234667862264784],[-87.342729342332021,13.234705544780974],[-87.342781516332394,13.234744144629213],[-87.342830822276241,13.234781240946162],[-87.342881878049084,13.234820154236623],[-87.342932997403764,13.234859639815372],[-87.342983157778804,13.234899799425962],[-87.343038182732784,13.23493618361894],[-87.343091798710347,13.234971575027281],[-87.343147936844389,13.235005971988237],[-87.343204317852155,13.235037805992242],[-87.34325983149607,13.235073780762308],[-87.343310246773754,13.235114637132709],[-87.34336531987212,13.23515039907017],[-87.343418148748867,13.235187209314436],[-87.343463193733797,13.235228571109282],[-87.343515232122385,13.23526442661311],[-87.343566669188931,13.23529996010074],[-87.343617135304456,13.235333554383489],[-87.343667458694256,13.235374626012803],[-87.34371428330806,13.235417282951895],[-87.343764405527011,13.23545704820422],[-87.343781050453757,13.235474892692132],[-87.341799168601682,13.235480170927808],[-87.341851631459065,13.233970364125589]]]]}},
{"type":"Feature","properties":{"fid":389,"OBJECTID":570,"Name":"RAL028","LOTE_ID":"RAL028","FINCA":"RANCHO ALEGRE","DISTRITO":"D32","VARIEDAD":"CP73-1547","CICLO":"R1","TCH 23-24":"122.75","ESTIMADO 2":"120","AREA CAÑA":"6.79","ESTATUS":"Comercial","UBICACIÒN":"CENTRO","SEMAN COSE":"4","SEMANA COS":"3","FECHA COSE":"12/15/2024","EDAD COSEC":"12.2","FECHA CO_1":"12/15/2023","FECHA SIEM":null,"FECHA CORT":"12/15/2023","EDAD HOY":"256","TIPO COSEC":"COSECHA MECANICA","TIPO DE CO":"COSECHA MECANICA","BLOQUE COS":"RAL BLOQ7","RANGO DIST":"<10","TIPO DE SU":"FARC","TIPO DE RI":"SEMIFIJO","DISTANCIAM":"1.5","RENOVACIÒ":null,"Area Calc":5.082},"geometry":{"type":"MultiPolygon","coordinates":[[[[-87.343793523181617,13.235474859629528],[-87.343770752189315,13.235450447749784],[-87.343720337971106,13.235410450501776],[-87.343673559568103,13.235367836000895],[-87.343622696517684,13.235326323829307],[-87.343571923674588,13.235292525601807],[-87.343520547586337,13.235257033628255],[-87.343469033979389,13.235221539116099],[-87.343424005631945,13.235180193576205],[-87.343370546642504,13.235142944719188],[-87.343315754398148,13.23510736506196],[-87.343265335423979,13.235066505080605],[-87.34320917323312,13.235030109806919],[-87.343152690616222,13.234998219877506],[-87.343096825931667,13.234963990739049],[-87.343043346685548,13.234928687763697],[-87.342988670959159,13.234892536396963],[-87.342938774863427,13.234852588024941],[-87.34288756865223,13.234813035650101],[-87.342836466678648,13.234774086253116],[-87.342787108990919,13.234736950220064],[-87.342734874010276,13.234698306146962],[-87.342683091794683,13.23466065883278],[-87.342631420861281,13.2346213909591],[-87.34257873674612,13.234586283036034],[-87.34252652510834,13.234549105565465],[-87.342477483214964,13.234509348556852],[-87.342427195356137,13.234471639505166],[-87.342375109742505,13.234436103934424],[-87.34232448189276,13.234396821034169],[-87.34227353212097,13.234358999807712],[-87.342220946368855,13.234321545171179],[-87.342170114078954,13.234283225529129],[-87.342126723438483,13.234239153077617],[-87.34208059091614,13.23419336984926],[-87.342037618125516,13.234149738091535],[-87.341992063864339,13.234110873322198],[-87.341959834114292,13.234059325912908],[-87.341933671251667,13.234003071039616],[-87.341914805889559,13.233970077937188],[-87.345614946951073,13.233953289617887],[-87.345560364737622,13.235470141749776],[-87.343793523181617,13.235474859629528]]]]}},
{"type":"Feature","properties":{"fid":390,"OBJECTID":571,"Name":"RAL029","LOTE_ID":"RAL029","FINCA":"RANCHO ALEGRE","DISTRITO":"D32","VARIEDAD":"CG02-163","CICLO":"R1","TCH 23-24":"118.47","ESTIMADO 2":"115","AREA CAÑA":"7.39","ESTATUS":"Comercial","UBICACIÒN":"CENTRO","SEMAN COSE":"4","SEMANA COS":"3","FECHA COSE":"12/15/2024","EDAD COSEC":"12.07","FECHA CO_1":"12/19/2023","FECHA SIEM":null,"FECHA CORT":"12/19/2023","EDAD HOY":"252","TIPO COSEC":"COSECHA MECANICA","TIPO DE CO":"COSECHA MECANICA","BLOQUE COS":"RAL BLOQ7","RANGO DIST":"<10","TIPO DE SU":"ARC","TIPO DE RI":"SEMIFIJO","DISTANCIAM":"1.6","RENOVACIÒ":null,"Area Calc":7.391},"geometry":{"type":"MultiPolygon","coordinates":[[[[-87.337698185778677,13.233982575029779],[-87.341805136249079,13.233979503106477],[-87.341752986361513,13.235480293302134],[-87.337666055589921,13.235491127630974],[-87.337698185778677,13.233982575029779]]]]}},
{"type":"Feature","properties":{"fid":391,"OBJECTID":572,"Name":"RAL030","LOTE_ID":"RAL030","FINCA":"RANCHO ALEGRE","DISTRITO":"D32","VARIEDAD":"CP73-1547","CICLO":"R1","TCH 23-24":"99.51","ESTIMADO 2":"100","AREA CAÑA":"7.03","ESTATUS":"Comercial","UBICACIÒN":"CENTRO","SEMAN COSE":"3","SEMANA COS":"3","FECHA COSE":"12/15/2024","EDAD COSEC":"12.07","FECHA CO_1":"12/19/2023","FECHA SIEM":null,"FECHA CORT":"12/19/2023","EDAD HOY":"252","TIPO COSEC":"COSECHA MECANICA","TIPO DE CO":"COSECHA MECANICA","BLOQUE COS":"RAL BLOQ7","RANGO DIST":"<10","TIPO DE SU":"ARC","TIPO DE RI":"SEMIFIJO","DISTANCIAM":"1.5","RENOVACIÒ":null,"Area Calc":7.038},"geometry":{"type":"MultiPolygon","coordinates":[[[[-87.333796617864948,13.234023852335572],[-87.336185727114042,13.234010034151938],[-87.337251806081994,13.234028008724268],[-87.33730398606761,13.23402940470586],[-87.337354937599144,13.234030187414993],[-87.33740900681444,13.234029437828786],[-87.337462054333841,13.234030760292994],[-87.337513587463647,13.234031614541497],[-87.337544800362224,13.234049196962701],[-87.337603414762185,13.234097566037905],[-87.337573360431861,13.235508661306769],[-87.333571416042645,13.235490695858539],[-87.333542533948588,13.235456217774981],[-87.333514154099717,13.235417752231921],[-87.333493131921202,13.235373372383595],[-87.333476702018913,13.235325776481305],[-87.333484428880112,13.235279143707977],[-87.333513170469104,13.235183220427317],[-87.333796617864948,13.234023852335572]]]]}},
{"type":"Feature","properties":{"fid":392,"OBJECTID":573,"Name":"RAL031","LOTE_ID":"RAL031","FINCA":"RANCHO ALEGRE","DISTRITO":"D32","VARIEDAD":"CG00-102","CICLO":"R1","TCH 23-24":"126.3","ESTIMADO 2":"125","AREA CAÑA":"6.41","ESTATUS":"Comercial","UBICACIÒN":"CENTRO","SEMAN COSE":"3","SEMANA COS":"4","FECHA COSE":"12/22/2024","EDAD COSEC":"11.9","FECHA CO_1":"12/31/2023","FECHA SIEM":null,"FECHA CORT":"12/31/2023","EDAD HOY":"240","TIPO COSEC":"MANUAL","TIPO DE CO":"MANUAL","BLOQUE COS":"RAL BLOQ7","RANGO DIST":"<10","TIPO DE SU":"ARC","TIPO DE RI":"SEMIFIJO","DISTANCIAM":"1.5","RENOVACIÒ":null,"Area Calc":6.143},"geometry":{"type":"MultiPolygon","coordinates":[[[[-87.334451800115545,13.232059936037754],[-87.334491009055384,13.232071107252809],[-87.334564045987307,13.232097641540369],[-87.33527283794912,13.232364268455697],[-87.335391515077518,13.232409008285115],[-87.335489378021776,13.232446740391424],[-87.33560344904329,13.232484469255084],[-87.335736956263801,13.232520427341608],[-87.335858278086235,13.232561881078526],[-87.335964674156855,13.232596075240743],[-87.336062528534782,13.232627441275337],[-87.336176061781245,13.232656544123756],[-87.336275473290954,13.23268586444118],[-87.336380354767385,13.232719355112657],[-87.336490006636467,13.232738226917938],[-87.336586754961459,13.232750469501546],[-87.336686003745598,13.23277549472523],[-87.336786335219401,13.232789079830319],[-87.336873333456197,13.232785610400827],[-87.336896469319825,13.232775967809784],[-87.336960771954523,13.232719666331031],[-87.336996648461664,13.232685420607208],[-87.337035134331913,13.232678724572454],[-87.337128009968964,13.232738154464872],[-87.337139454685385,13.232751133310135],[-87.337191607707126,13.232813665108116],[-87.337260798408877,13.232902216552443],[-87.337335111529939,13.232990517067837],[-87.337405837415375,13.233074454812133],[-87.337479019615259,13.23315915789564],[-87.337524326491931,13.233230162360609],[-87.337551206479262,13.233318679187912],[-87.337566065699249,13.233425016403451],[-87.337575760635502,13.233534679005905],[-87.337606832347589,13.233937108452889],[-87.337606224596399,13.233965637159843],[-87.333805473808013,13.233987631319474],[-87.333826305635156,13.233902423649697],[-87.334305383662709,13.232139412454829],[-87.334327931693494,13.232104777627805],[-87.334362295979332,13.232071429443863],[-87.334408611692183,13.23205727170399],[-87.334451800115545,13.232059936037754]]]]}},
{"type":"Feature","properties":{"fid":393,"OBJECTID":574,"Name":"RAL031","LOTE_ID":"RAL031","FINCA":"RANCHO ALEGRE","DISTRITO":"D32","VARIEDAD":"CG00-102","CICLO":"R1","TCH 23-24":"126.3","ESTIMADO 2":"125","AREA CAÑA":"6.41","ESTATUS":"Comercial","UBICACIÒN":"CENTRO","SEMAN COSE":"3","SEMANA COS":"4","FECHA COSE":"12/22/2024","EDAD COSEC":"11.9","FECHA CO_1":"12/31/2023","FECHA SIEM":null,"FECHA CORT":"12/31/2023","EDAD HOY":"240","TIPO COSEC":"MANUAL","TIPO DE CO":"MANUAL","BLOQUE COS":"RAL BLOQ7","RANGO DIST":"<10","TIPO DE SU":"ARC","TIPO DE RI":"SEMIFIJO","DISTANCIAM":"1.5","RENOVACIÒ":null,"Area Calc":0.275},"geometry":{"type":"MultiPolygon","coordinates":[[[[-87.337323676515311,13.232851758262917],[-87.337289883767625,13.232810542348824],[-87.337261337727568,13.232772231160892],[-87.337229953731409,13.232730776955748],[-87.337196775390993,13.23268662143313],[-87.337165171225166,13.232646135047995],[-87.337131931231426,13.232604113606913],[-87.337109024038099,13.232565225287642],[-87.337104836781805,13.232520561292962],[-87.337107428781508,13.232479071282846],[-87.337153173152018,13.232452227296315],[-87.337196885018614,13.232444158033212],[-87.337250813469495,13.232441979972881],[-87.337307074554175,13.232437927042255],[-87.337364351679255,13.232434406260047],[-87.337423358472606,13.232433532607647],[-87.337479075010435,13.232422798015492],[-87.337532192718982,13.232415014671016],[-87.337573157289228,13.232436155965758],[-87.337604749979803,13.232481687981489],[-87.337630288749352,13.232521250958387],[-87.337630615959455,13.232564491342055],[-87.337628451561315,13.232621515654566],[-87.337628002252956,13.232677298889911],[-87.337625959127436,13.232735254410143],[-87.337623927887662,13.232788435520767],[-87.337623373250523,13.232841460958886],[-87.337617809398424,13.232896473304516],[-87.337615799393021,13.232951670844294],[-87.337607285844427,13.23300284406203],[-87.337585822994896,13.233087943435301],[-87.337580417478819,13.233090364901772],[-87.337534825552353,13.23309389742538],[-87.337493838978688,13.233070260451321],[-87.33746000691194,13.233027344640204],[-87.337425683409649,13.232982792796617],[-87.337390299590993,13.232939065207715],[-87.337356579677873,13.232897134856479],[-87.337323676515311,13.232851758262917]]]]}},
{"type":"Feature","properties":{"fid":394,"OBJECTID":575,"Name":"RAL032","LOTE_ID":"RAL032","FINCA":"RANCHO ALEGRE","DISTRITO":"D32","VARIEDAD":"CP72-2086","CICLO":"R1","TCH 23-24":"82.28","ESTIMADO 2":"80","AREA CAÑA":"7.45","ESTATUS":"Comercial","UBICACIÒN":"CENTRO","SEMAN COSE":"3","SEMANA COS":"3","FECHA COSE":"12/15/2024","EDAD COSEC":"12.03","FECHA CO_1":"12/20/2023","FECHA SIEM":null,"FECHA CORT":"12/20/2023","EDAD HOY":"251","TIPO COSEC":"COSECHA MECANICA","TIPO DE CO":"COSECHA MECANICA","BLOQUE COS":"RAL BLOQ8","RANGO DIST":"<10","TIPO DE SU":"ARC","TIPO DE RI":"SEMIFIJO","DISTANCIAM":"1.5","RENOVACIÒ":null,"Area Calc":1.349},"geometry":{"type":"MultiPolygon","coordinates":[[[[-87.341810031189311,13.233838614937875],[-87.34176147609061,13.233787016099063],[-87.341757394390385,13.233783610763007],[-87.341707904511779,13.233756006289427],[-87.341656921705891,13.233717498658239],[-87.34160891894183,13.233677389238137],[-87.341559636908656,13.233636625944245],[-87.341509897214308,13.233597286527202],[-87.341462572333242,13.233558086742509],[-87.341414888720564,13.233518443445718],[-87.341369201345458,13.233477291006945],[-87.34132446694997,13.233433784451604],[-87.341280310075263,13.233390724715701],[-87.341237091304436,13.23334390659781],[-87.341191678394509,13.233297640276492],[-87.341147200786054,13.233252233534991],[-87.34110266527486,13.233210309998437],[-87.341058596514117,13.233164182918834],[-87.341017128567231,13.233120530883941],[-87.340972927463255,13.233077445831588],[-87.340932399953303,13.233030372687676],[-87.34088470651821,13.232992159808248],[-87.340839808491765,13.232949006034675],[-87.340793630790657,13.232905566411031],[-87.340750798547177,13.232859793896221],[-87.340708455945602,13.232818316769547],[-87.340668759616506,13.232773508500163],[-87.340632962432181,13.23272628341501],[-87.340594958398043,13.232681090383034],[-87.340556066637546,13.23263803163268],[-87.340527623169478,13.232590181845435],[-87.340492427655349,13.23254614609902],[-87.340461386421154,13.232497978759906],[-87.340432645871445,13.232452854739043],[-87.340418455550704,13.232419628321102],[-87.341859404827517,13.232417707101567],[-87.341810031189311,13.233838614937875]]]]}},
{"type":"Feature","properties":{"fid":395,"OBJECTID":576,"Name":"RAL032","LOTE_ID":"RAL032","FINCA":"RANCHO ALEGRE","DISTRITO":"D32","VARIEDAD":"CP72-2086","CICLO":"R1","TCH 23-24":"82.28","ESTIMADO 2":"80","AREA CAÑA":"7.45","ESTATUS":"Comercial","UBICACIÒN":"CENTRO","SEMAN COSE":"3","SEMANA COS":"3","FECHA COSE":"12/15/2024","EDAD COSEC":"12.03","FECHA CO_1":"12/20/2023","FECHA SIEM":null,"FECHA CORT":"12/20/2023","EDAD HOY":"251","TIPO COSEC":"COSECHA MECANICA","TIPO DE CO":"COSECHA MECANICA","BLOQUE COS":"RAL BLOQ8","RANGO DIST":"<10","TIPO DE SU":"ARC","TIPO DE RI":"SEMIFIJO","DISTANCIAM":"1.5","RENOVACIÒ":null,"Area Calc":6.111},"geometry":{"type":"MultiPolygon","coordinates":[[[[-87.341806706954785,13.233934289869827],[-87.337699148976526,13.233937362604113],[-87.337731397706946,13.232423188001032],[-87.340408455687992,13.232419641644364],[-87.340424420256909,13.232457019782109],[-87.340453567820404,13.232502785272656],[-87.340484871755493,13.232551360979583],[-87.340519965559864,13.232595268460367],[-87.340548549653349,13.232643354972172],[-87.34058793875559,13.232686962839187],[-87.340625691316532,13.232731857807943],[-87.340661558777128,13.232779175032993],[-87.340701698848733,13.232824485469715],[-87.340744130179786,13.23286604928629],[-87.340787025280818,13.23291188863219],[-87.340833380431064,13.232955494400619],[-87.340878540944317,13.23299890101254],[-87.340925895258081,13.233036843073343],[-87.34096613154702,13.233083576612339],[-87.341010492550524,13.23312681879033],[-87.341051848648348,13.233170352520029],[-87.341096093038828,13.233216664735687],[-87.341140671061439,13.233258626194722],[-87.341185021115749,13.233303904705473],[-87.341230339745124,13.233350075304338],[-87.341273626919332,13.233396965671245],[-87.34131795940533,13.233440196979448],[-87.341362823198722,13.233483829956731],[-87.341408776733743,13.233525220760525],[-87.341456606353916,13.233564986840033],[-87.341504018096757,13.233604257040472],[-87.341553759640178,13.233643598264651],[-87.341602947418252,13.233684283920963],[-87.34165110543023,13.233724523345217],[-87.341702777532348,13.233763552706762],[-87.341752071579535,13.233791047125891],[-87.341755068397731,13.23379354605553],[-87.341809584849429,13.233851481073094],[-87.341809394058444,13.233856973686953],[-87.341806706954785,13.233934289869827]]]]}},
{"type":"Feature","properties":{"fid":396,"OBJECTID":577,"Name":"RAL033","LOTE_ID":"RAL033","FINCA":"RANCHO ALEGRE","DISTRITO":"D32","VARIEDAD":"CP73-1547","CICLO":"R1","TCH 23-24":"94.83","ESTIMADO 2":"92","AREA CAÑA":"6.87","ESTATUS":"Comercial","UBICACIÒN":"CENTRO","SEMAN COSE":"5","SEMANA COS":"3","FECHA COSE":"12/15/2024","EDAD COSEC":"11.77","FECHA CO_1":"12/28/2023","FECHA SIEM":null,"FECHA CORT":"12/28/2023","EDAD HOY":"243","TIPO COSEC":"COSECHA MECANICA","TIPO DE CO":"COSECHA MECANICA","BLOQUE COS":"RAL BLOQ8","RANGO DIST":"<10","TIPO DE SU":"FARC","TIPO DE RI":"SEMIFIJO","DISTANCIAM":"1.5","RENOVACIÒ":null,"Area Calc":6.875},"geometry":{"type":"MultiPolygon","coordinates":[[[[-87.341881848088036,13.233916005946575],[-87.341876099694247,13.233908825829198],[-87.341854564313735,13.233885940281311],[-87.341906352296149,13.232395530166208],[-87.345671677344626,13.232376747293268],[-87.345616746473993,13.23390327273907],[-87.341881848088036,13.233916005946575]]]]}},
{"type":"Feature","properties":{"fid":397,"OBJECTID":578,"Name":"RAL034","LOTE_ID":"RAL034","FINCA":"RANCHO ALEGRE","DISTRITO":"D32","VARIEDAD":"CG02-163","CICLO":"R1","TCH 23-24":"98.05","ESTIMADO 2":"95","AREA CAÑA":"8.07","ESTATUS":"Comercial","UBICACIÒN":"CENTRO","SEMAN COSE":"2","SEMANA COS":"3","FECHA COSE":"12/15/2024","EDAD COSEC":"11.8","FECHA CO_1":"12/27/2023","FECHA SIEM":null,"FECHA CORT":"12/27/2023","EDAD HOY":"244","TIPO COSEC":"COSECHA MECANICA","TIPO DE CO":"COSECHA MECANICA","BLOQUE COS":"RAL BLOQ8","RANGO DIST":"<10","TIPO DE SU":"ARC","TIPO DE RI":"SEMIFIJO","DISTANCIAM":"1.6","RENOVACIÒ":null,"Area Calc":0.304},"geometry":{"type":"MultiPolygon","coordinates":[[[[-87.349987782157925,13.232355147656174],[-87.35028915320855,13.23235363690914],[-87.35031592980198,13.233857099228072],[-87.350250659753826,13.233858351573414],[-87.350188889626779,13.233858209287629],[-87.350125875426428,13.233861403529335],[-87.350062017463742,13.233869035113541],[-87.349998914185761,13.23387901757645],[-87.349993215261563,13.23388014483314],[-87.350004569053951,13.233853493982338],[-87.350008630208151,13.233843720816976],[-87.350092698405078,13.233638231904392],[-87.350116604398153,13.233574209688969],[-87.350139587089657,13.233506761666707],[-87.350157464613289,13.233434160141112],[-87.350170539304273,13.233364515732523],[-87.350178703762865,13.233296301327249],[-87.350186820370126,13.233229484038031],[-87.350192887643402,13.233159909816461],[-87.350196558823626,13.233094891727839],[-87.350202881529327,13.233030322124481],[-87.350205167434666,13.232957666009083],[-87.350200747067532,13.232887818613131],[-87.350192464012153,13.23281869086083],[-87.350178310204001,13.232749270946531],[-87.350161468887791,13.232682637061169],[-87.350148949082794,13.232647657412571],[-87.350144450915082,13.232637720552294],[-87.349987782157925,13.232355147656174]]]]}},
{"type":"Feature","properties":{"fid":398,"OBJECTID":579,"Name":"RAL034","LOTE_ID":"RAL034","FINCA":"RANCHO ALEGRE","DISTRITO":"D32","VARIEDAD":"CG02-163","CICLO":"R1","TCH 23-24":"98.05","ESTIMADO 2":"95","AREA CAÑA":"8.07","ESTATUS":"Comercial","UBICACIÒN":"CENTRO","SEMAN COSE":"2","SEMANA COS":"3","FECHA COSE":"12/15/2024","EDAD COSEC":"11.8","FECHA CO_1":"12/27/2023","FECHA SIEM":null,"FECHA CORT":"12/27/2023","EDAD HOY":"244","TIPO COSEC":"COSECHA MECANICA","TIPO DE CO":"COSECHA MECANICA","BLOQUE COS":"RAL BLOQ8","RANGO DIST":"<10","TIPO DE SU":"ARC","TIPO DE RI":"SEMIFIJO","DISTANCIAM":"1.6","RENOVACIÒ":null,"Area Calc":7.776},"geometry":{"type":"MultiPolygon","coordinates":[[[[-87.349809476024362,13.233888912619429],[-87.345690642641344,13.233903019941264],[-87.345745576579063,13.232376377839062],[-87.349799238799037,13.23235609307817],[-87.349994741393829,13.232708707790632],[-87.350002086456882,13.232729228501793],[-87.350016128130164,13.232784789291776],[-87.350028233236614,13.23284416048905],[-87.350035205654962,13.232902354162821],[-87.350038867666214,13.232960200622159],[-87.350036984296949,13.233020032251948],[-87.350030855321677,13.233082621300957],[-87.350027137309254,13.233148485821211],[-87.350021516794769,13.233212935099095],[-87.350013709409538,13.233277206524587],[-87.350006158769972,13.233340291234844],[-87.349994886809895,13.233400330136478],[-87.349979743964411,13.233461825645588],[-87.349959760458802,13.233520471289985],[-87.349937538030261,13.233579984453069],[-87.349854580848046,13.233782759076334],[-87.349850963979478,13.233791463723444],[-87.349810291912064,13.233886932120685],[-87.349809476024362,13.233888912619429]]]]}},
{"type":"Feature","properties":{"fid":399,"OBJECTID":580,"Name":"RAL035","LOTE_ID":"RAL035","FINCA":"RANCHO ALEGRE","DISTRITO":"D32","VARIEDAD":"CG00-102","CICLO":"R1","TCH 23-24":"133.36","ESTIMADO 2":"60","AREA CAÑA":"15.77","ESTATUS":"Semillero","UBICACIÒN":"CENTRO","SEMAN COSE":"3","SEMANA COS":"3","FECHA COSE":"12/15/2024","EDAD COSEC":"11.97","FECHA CO_1":"12/22/2023","FECHA SIEM":null,"FECHA CORT":"12/22/2023","EDAD HOY":"249","TIPO COSEC":"COSECHA MECANICA","TIPO DE CO":"COSECHA MECANICA","BLOQUE COS":"RAL BLOQ8","RANGO DIST":"<10","TIPO DE SU":"ARC","TIPO DE RI":"SEMIFIJO","DISTANCIAM":"1.5","RENOVACIÒ":null,"Area Calc":6.28},"geometry":{"type":"MultiPolygon","coordinates":[[[[-87.357667711883096,13.230750585554706],[-87.35769856396422,13.23075047455078],[-87.357711135674194,13.230757098592255],[-87.357725678822618,13.230786438893881],[-87.357743851503599,13.230813444791863],[-87.357756731297258,13.230832583980249],[-87.357811649552673,13.230908264279872],[-87.357854210886728,13.230985345358771],[-87.357889036467469,13.23106805259226],[-87.357890938597279,13.231100186603234],[-87.357875259929756,13.231140293503744],[-87.357822516042376,13.231213800666822],[-87.357768408825365,13.231289190546576],[-87.356831737640661,13.232565469152485],[-87.356794378405056,13.232619061352178],[-87.356720451825353,13.232718630932766],[-87.35636324949229,13.233177343782176],[-87.356314658793309,13.233244858784598],[-87.356025471658484,13.233652658045044],[-87.356002337664435,13.233675811688867],[-87.355959762600648,13.233716371903704],[-87.355906292730921,13.233741982124533],[-87.355855911786975,13.233765417856763],[-87.355819866524925,13.233751587984619],[-87.355797892808283,13.233696559439336],[-87.355776135238528,13.233644180012707],[-87.355754456104862,13.233588599466364],[-87.355734020250637,13.233531091156175],[-87.355716369771102,13.233472114097493],[-87.355695875564805,13.233412544198188],[-87.355673832483646,13.233354197176535],[-87.355656655885142,13.233291005695847],[-87.355636539343209,13.233230883678303],[-87.355619367235718,13.233170775645007],[-87.355602227845921,13.23310139910811],[-87.354743646887258,13.230793978029658],[-87.354754948120558,13.230777387622979],[-87.35477265434092,13.230760990873055],[-87.357667711883096,13.230750585554706]]]]}},
{"type":"Feature","properties":{"fid":400,"OBJECTID":581,"Name":"RAL035","LOTE_ID":"RAL035","FINCA":"RANCHO ALEGRE","DISTRITO":"D32","VARIEDAD":"CG00-102","CICLO":"R1","TCH 23-24":"133.36","ESTIMADO 2":"60","AREA CAÑA":"15.77","ESTATUS":"Semillero","UBICACIÒN":"CENTRO","SEMAN COSE":"3","SEMANA COS":"3","FECHA COSE":"12/15/2024","EDAD COSEC":"11.97","FECHA CO_1":"12/22/2023","FECHA SIEM":null,"FECHA CORT":"12/22/2023","EDAD HOY":"249","TIPO COSEC":"COSECHA MECANICA","TIPO DE CO":"COSECHA MECANICA","BLOQUE COS":"RAL BLOQ8","RANGO DIST":"<10","TIPO DE SU":"ARC","TIPO DE RI":"SEMIFIJO","DISTANCIAM":"1.5","RENOVACIÒ":null,"Area Calc":9.505},"geometry":{"type":"MultiPolygon","coordinates":[[[[-87.350355980358302,13.23235330204033],[-87.355184624644281,13.232329044943704],[-87.3551914472378,13.232346695261374],[-87.355209320374499,13.232387487795762],[-87.355229513782817,13.232443450245412],[-87.355252697806534,13.232499453746756],[-87.35527647703276,13.232558539875283],[-87.355300346907455,13.23261647749057],[-87.355325417855838,13.232675209163661],[-87.35534919597751,13.232733508596786],[-87.355372245315024,13.232792071270378],[-87.355395007941738,13.232850227432312],[-87.355416754497668,13.232907851503759],[-87.355438186179711,13.232964743576765],[-87.355458133296864,13.233022650461372],[-87.355478458844104,13.233080547775002],[-87.355500104696958,13.233138714521282],[-87.355522610676189,13.23319806462224],[-87.355543453467064,13.233256187269335],[-87.355562449121791,13.233313534838855],[-87.355582434858107,13.233372571956604],[-87.355600551405772,13.233434722258322],[-87.355617571506329,13.233491837469739],[-87.355633845340876,13.233549894127609],[-87.355646536617655,13.233607069616401],[-87.355647569896021,13.233663999103966],[-87.355622459636152,13.233711931630703],[-87.355586649387334,13.233758305671245],[-87.355548939859375,13.233806156260767],[-87.355513254032232,13.233849238686002],[-87.355405720159482,13.233889310484919],[-87.350384883169951,13.233907865457502],[-87.350355980358302,13.23235330204033]]]]}},
{"type":"Feature","properties":{"fid":401,"OBJECTID":582,"Name":"RAL036","LOTE_ID":"RAL036","FINCA":"RANCHO ALEGRE","DISTRITO":"D32","VARIEDAD":"CP73-1547","CICLO":"R1","TCH 23-24":"106.82","ESTIMADO 2":"105","AREA CAÑA":"8.25","ESTATUS":"Comercial","UBICACIÒN":"CENTRO","SEMAN COSE":"3","SEMANA COS":"3","FECHA COSE":"12/15/2024","EDAD COSEC":"11.97","FECHA CO_1":"12/22/2023","FECHA SIEM":null,"FECHA CORT":"12/22/2023","EDAD HOY":"249","TIPO COSEC":"COSECHA MECANICA","TIPO DE CO":"COSECHA MECANICA","BLOQUE COS":"RAL BLOQ9","RANGO DIST":"<10","TIPO DE SU":"ARC","TIPO DE RI":"SEMIFIJO","DISTANCIAM":"1.5","RENOVACIÒ":null,"Area Calc":8.254},"geometry":{"type":"MultiPolygon","coordinates":[[[[-87.354426933860879,13.230762231098096],[-87.354414718256905,13.230782254349517],[-87.35442693753744,13.230838860904928],[-87.354477575885525,13.230872491684007],[-87.354537906291384,13.230880944008749],[-87.35459533204714,13.230878567555997],[-87.354630090359166,13.230902752948616],[-87.354632707052758,13.230905932241475],[-87.354656853244435,13.230963688700349],[-87.355165437264574,13.232279407152388],[-87.350355055524759,13.232303572811995],[-87.350327100211331,13.23079995369099],[-87.350326909453358,13.23077690486781],[-87.354426933860879,13.230762231098096]]]]}},
{"type":"Feature","properties":{"fid":402,"OBJECTID":583,"Name":"RAL037","LOTE_ID":"RAL037","FINCA":"RANCHO ALEGRE","DISTRITO":"D32","VARIEDAD":"CG00-102","CICLO":"R1","TCH 23-24":"105.37","ESTIMADO 2":"100","AREA CAÑA":"7.56","ESTATUS":"Comercial","UBICACIÒN":"CENTRO","SEMAN COSE":"3","SEMANA COS":"3","FECHA COSE":"12/15/2024","EDAD COSEC":"11.93","FECHA CO_1":"12/23/2023","FECHA SIEM":null,"FECHA CORT":"12/23/2023","EDAD HOY":"248","TIPO COSEC":"MANUAL","TIPO DE CO":"COSECHA MECANICA","BLOQUE COS":"RAL BLOQ9","RANGO DIST":"<10","TIPO DE SU":"ARC","TIPO DE RI":"SEMIFIJO","DISTANCIAM":"1.5","RENOVACIÒ":null,"Area Calc":1.349},"geometry":{"type":"MultiPolygon","coordinates":[[[[-87.349960284191866,13.232305551577054],[-87.349150520194414,13.230845025472227],[-87.349133897381535,13.230781162697808],[-87.350260610550905,13.230777142241131],[-87.350263290324804,13.230901433628363],[-87.350288267154824,13.232303907627083],[-87.349960284191866,13.232305551577054]]]]}},
{"type":"Feature","properties":{"fid":403,"OBJECTID":584,"Name":"RAL037","LOTE_ID":"RAL037","FINCA":"RANCHO ALEGRE","DISTRITO":"D32","VARIEDAD":"CG00-102","CICLO":"R1","TCH 23-24":"105.37","ESTIMADO 2":"100","AREA CAÑA":"7.56","ESTATUS":"Comercial","UBICACIÒN":"CENTRO","SEMAN COSE":"3","SEMANA COS":"3","FECHA COSE":"12/15/2024","EDAD COSEC":"11.93","FECHA CO_1":"12/23/2023","FECHA SIEM":null,"FECHA CORT":"12/23/2023","EDAD HOY":"248","TIPO COSEC":"MANUAL","TIPO DE CO":"COSECHA MECANICA","BLOQUE COS":"RAL BLOQ9","RANGO DIST":"<10","TIPO DE SU":"ARC","TIPO DE RI":"SEMIFIJO","DISTANCIAM":"1.5","RENOVACIÒ":null,"Area Calc":2.742},"geometry":{"type":"MultiPolygon","coordinates":[[[[-87.345777996887321,13.231475399277452],[-87.345802551168433,13.230793021536023],[-87.348962600112174,13.230781773755416],[-87.348994646582554,13.230904892051557],[-87.349309099052306,13.231472055852437],[-87.345777996887321,13.231475399277452]]]]}},
{"type":"Feature","properties":{"fid":404,"OBJECTID":585,"Name":"RAL037","LOTE_ID":"RAL037","FINCA":"RANCHO ALEGRE","DISTRITO":"D32","VARIEDAD":"CG00-102","CICLO":"R1","TCH 23-24":"105.37","ESTIMADO 2":"100","AREA CAÑA":"7.56","ESTATUS":"Comercial","UBICACIÒN":"CENTRO","SEMAN COSE":"3","SEMANA COS":"3","FECHA COSE":"12/15/2024","EDAD COSEC":"11.93","FECHA CO_1":"12/23/2023","FECHA SIEM":null,"FECHA CORT":"12/23/2023","EDAD HOY":"248","TIPO COSEC":"MANUAL","TIPO DE CO":"COSECHA MECANICA","BLOQUE COS":"RAL BLOQ9","RANGO DIST":"<10","TIPO DE SU":"ARC","TIPO DE RI":"SEMIFIJO","DISTANCIAM":"1.5","RENOVACIÒ":null,"Area Calc":3.474},"geometry":{"type":"MultiPolygon","coordinates":[[[[-87.345747366305204,13.232326634952216],[-87.345775068491136,13.23155678399192],[-87.34935419572011,13.231553394815226],[-87.349771740870494,13.232306496977817],[-87.345747366305204,13.232326634952216]]]]}},
{"type":"Feature","properties":{"fid":405,"OBJECTID":586,"Name":"RAL038","LOTE_ID":"RAL038","FINCA":"RANCHO ALEGRE","DISTRITO":"D32","VARIEDAD":"CP72-2086","CICLO":"R1","TCH 23-24":"88.2","ESTIMADO 2":"85","AREA CAÑA":"6.93","ESTATUS":"Comercial","UBICACIÒN":"CENTRO","SEMAN COSE":"3","SEMANA COS":"3","FECHA COSE":"12/15/2024","EDAD COSEC":"12.07","FECHA CO_1":"12/19/2023","FECHA SIEM":null,"FECHA CORT":"12/19/2023","EDAD HOY":"252","TIPO COSEC":"COSECHA MECANICA","TIPO DE CO":"COSECHA MECANICA","BLOQUE COS":"RAL BLOQ9","RANGO DIST":"<10","TIPO DE SU":"FARC","TIPO DE RI":"SEMIFIJO","DISTANCIAM":"1.6","RENOVACIÒ":null,"Area Calc":6.937},"geometry":{"type":"MultiPolygon","coordinates":[[[[-87.345673467085788,13.232327004406566],[-87.341908080960394,13.232345787370011],[-87.341961562587514,13.230806641649629],[-87.345728655953181,13.230793284289815],[-87.345673467085788,13.232327004406566]]]]}},
{"type":"Feature","properties":{"fid":406,"OBJECTID":587,"Name":"RAL039","LOTE_ID":"RAL039","FINCA":"RANCHO ALEGRE","DISTRITO":"D32","VARIEDAD":"CP72-2086","CICLO":"R1","TCH 23-24":"79.25","ESTIMADO 2":"75","AREA CAÑA":"7.48","ESTATUS":"Comercial","UBICACIÒN":"CENTRO","SEMAN COSE":"4","SEMANA COS":"3","FECHA COSE":"12/15/2024","EDAD COSEC":"12","FECHA CO_1":"12/21/2023","FECHA SIEM":null,"FECHA CORT":"12/21/2023","EDAD HOY":"250","TIPO COSEC":"COSECHA MECANICA","TIPO DE CO":"COSECHA MECANICA","BLOQUE COS":"RAL BLOQ9","RANGO DIST":"<10","TIPO DE SU":"ARC","TIPO DE RI":"SEMIFIJO","DISTANCIAM":"1.6","RENOVACIÒ":null,"Area Calc":3.375},"geometry":{"type":"MultiPolygon","coordinates":[[[[-87.341915379439072,13.230806804725153],[-87.34186270420274,13.232322757393041],[-87.34037792833854,13.232324737007769],[-87.340367231900771,13.232299692025761],[-87.340347209884811,13.232269686140057],[-87.340313024424333,13.23221382516479],[-87.340284038357652,13.232156021279689],[-87.340256950330655,13.232096453401541],[-87.340232664510339,13.232036178289015],[-87.34021014524069,13.23197450196051],[-87.340184585621671,13.231914174283887],[-87.340155166722113,13.231854367159363],[-87.340130698907714,13.231790611853244],[-87.340103019622504,13.231733263750003],[-87.340076503651176,13.231676141059413],[-87.34005783451552,13.231614609693771],[-87.340033685140099,13.231552150633975],[-87.3400118791469,13.23149491496665],[-87.339988206344017,13.231437316467536],[-87.339668310890133,13.230814745070653],[-87.341915379439072,13.230806804725153]]]]}},
{"type":"Feature","properties":{"fid":407,"OBJECTID":588,"Name":"RAL039","LOTE_ID":"RAL039","FINCA":"RANCHO ALEGRE","DISTRITO":"D32","VARIEDAD":"CP72-2086","CICLO":"R1","TCH 23-24":"79.25","ESTIMADO 2":"75","AREA CAÑA":"7.48","ESTATUS":"Comercial","UBICACIÒN":"CENTRO","SEMAN COSE":"4","SEMANA COS":"3","FECHA COSE":"12/15/2024","EDAD COSEC":"12","FECHA CO_1":"12/21/2023","FECHA SIEM":null,"FECHA CORT":"12/21/2023","EDAD HOY":"250","TIPO COSEC":"COSECHA MECANICA","TIPO DE CO":"COSECHA MECANICA","BLOQUE COS":"RAL BLOQ9","RANGO DIST":"<10","TIPO DE SU":"ARC","TIPO DE RI":"SEMIFIJO","DISTANCIAM":"1.6","RENOVACIÒ":null,"Area Calc":4.108},"geometry":{"type":"MultiPolygon","coordinates":[[[[-87.339657996379884,13.230814781387327],[-87.33997978816366,13.23144104409954],[-87.340003273883781,13.231498185302392],[-87.340025044678285,13.231555332401689],[-87.340049082892605,13.231617504061576],[-87.340067837331461,13.231679315629107],[-87.340094645844786,13.231737068187273],[-87.34012219183451,13.231794141579577],[-87.340146672613059,13.23185792851773],[-87.340176160004091,13.231917872996709],[-87.340201532562119,13.231977759653617],[-87.340224024036885,13.232039361872159],[-87.340248437671931,13.232099955108179],[-87.340275677532105,13.232159855545735],[-87.340304909799741,13.232218151011017],[-87.340339385743334,13.232274487231228],[-87.340359043333407,13.232303945632948],[-87.340367928479651,13.232324750329353],[-87.337733420316766,13.232328239996979],[-87.337765511985509,13.230821453973167],[-87.339657996379884,13.230814781387327]]]]}},
{"type":"Feature","properties":{"fid":408,"OBJECTID":589,"Name":"RAL040","LOTE_ID":"RAL040","FINCA":"RANCHO ALEGRE","DISTRITO":"D32","VARIEDAD":"CP72-2086","CICLO":"R1","TCH 23-24":"94.39","ESTIMADO 2":"90","AREA CAÑA":"3.14","ESTATUS":"Comercial","UBICACIÒN":"CENTRO","SEMAN COSE":"4","SEMANA COS":"3","FECHA COSE":"12/15/2024","EDAD COSEC":"11.63","FECHA CO_1":"01/01/2024","FECHA SIEM":null,"FECHA CORT":"01/01/2024","EDAD HOY":"239","TIPO COSEC":"MANUAL","TIPO DE CO":"MANUAL","BLOQUE COS":"RAL BLOQ9","RANGO DIST":"<10","TIPO DE SU":"ARC","TIPO DE RI":"SEMIFIJO","DISTANCIAM":"1.5","RENOVACIÒ":null,"Area Calc":2.449},"geometry":{"type":"MultiPolygon","coordinates":[[[[-87.335532368473167,13.230854278526607],[-87.337672502995915,13.230853786879862],[-87.337643027247481,13.232237725557109],[-87.337629661115358,13.232265179708198],[-87.3375837901213,13.232300550940851],[-87.337436579282212,13.232307156472588],[-87.337279886686659,13.232305274568354],[-87.337162381821486,13.23228761610236],[-87.337121186812979,13.232259946421996],[-87.33707103694222,13.232197475258117],[-87.337046983951311,13.232117336953671],[-87.337027350172534,13.232029018475375],[-87.336992150007433,13.231944147600418],[-87.336928834991994,13.231872660397078],[-87.33684851130424,13.23182301494441],[-87.33675702723086,13.231779171319648],[-87.336628160189079,13.231754610128894],[-87.336507132915528,13.23175271692177],[-87.33644000936431,13.23173072373937],[-87.33629595458892,13.231662625068507],[-87.336162500200942,13.231597586789158],[-87.336027843733177,13.231524176743234],[-87.335890019183068,13.231455861668163],[-87.335790144418254,13.231404641065932],[-87.335707602127229,13.231358985864615],[-87.335631051307573,13.231300672427388],[-87.335567778559593,13.231225938587917],[-87.335528401746018,13.231150694106647],[-87.335517489540081,13.231054569477203],[-87.335524581819953,13.230942515597294],[-87.335532368473167,13.230854278526607]]]]}},
{"type":"Feature","properties":{"fid":409,"OBJECTID":590,"Name":"RAL041","LOTE_ID":"RAL041","FINCA":"RANCHO ALEGRE","DISTRITO":"D32","VARIEDAD":"CG02-163","CICLO":"R1","TCH 23-24":"100.47","ESTIMADO 2":"100","AREA CAÑA":"6.23","ESTATUS":"Comercial","UBICACIÒN":"CENTRO","SEMAN COSE":"4","SEMANA COS":"1","FECHA COSE":"12/01/2024","EDAD COSEC":"11.37","FECHA CO_1":"12/26/2023","FECHA SIEM":null,"FECHA CORT":"12/26/2023","EDAD HOY":"245","TIPO COSEC":"MANUAL","TIPO DE CO":"MANUAL","BLOQUE COS":"RAL BLOQ10","RANGO DIST":"<10","TIPO DE SU":"ARC","TIPO DE RI":"SEMIFIJO","DISTANCIAM":"1.6","RENOVACIÒ":"SEMIFIJO - GOTEO","Area Calc":0.505},"geometry":{"type":"MultiPolygon","coordinates":[[[[-87.334099465229968,13.229245782946048],[-87.334588425665373,13.229244150382966],[-87.334538537816016,13.23077831775954],[-87.334481684092765,13.230729297291123],[-87.334456628412994,13.230671214477288],[-87.334417519710897,13.230562132738577],[-87.33438316627732,13.230461119647654],[-87.33436110614835,13.230352521962844],[-87.334340694641696,13.230227763319],[-87.334316732134738,13.230098090242755],[-87.334293863712304,13.229978796425863],[-87.334259348245041,13.229873922410583],[-87.334226301363032,13.229749451550317],[-87.334112790145014,13.229328829173731],[-87.334109064126309,13.229303849845266],[-87.334099465229968,13.229245782946048]]]]}},
{"type":"Feature","properties":{"fid":410,"OBJECTID":591,"Name":"RAL041","LOTE_ID":"RAL041","FINCA":"RANCHO ALEGRE","DISTRITO":"D32","VARIEDAD":"CG02-163","CICLO":"R1","TCH 23-24":"100.47","ESTIMADO 2":"100","AREA CAÑA":"6.23","ESTATUS":"Comercial","UBICACIÒN":"CENTRO","SEMAN COSE":"4","SEMANA COS":"1","FECHA COSE":"12/01/2024","EDAD COSEC":"11.37","FECHA CO_1":"12/26/2023","FECHA SIEM":null,"FECHA CORT":"12/26/2023","EDAD HOY":"245","TIPO COSEC":"MANUAL","TIPO DE CO":"MANUAL","BLOQUE COS":"RAL BLOQ10","RANGO DIST":"<10","TIPO DE SU":"ARC","TIPO DE RI":"SEMIFIJO","DISTANCIAM":"1.6","RENOVACIÒ":"SEMIFIJO - GOTEO","Area Calc":5.731},"geometry":{"type":"MultiPolygon","coordinates":[[[[-87.334634603953816,13.229243996782778],[-87.337707007803743,13.229233718648608],[-87.337673851114104,13.230790490011875],[-87.335180207849646,13.230791060396621],[-87.334584508232112,13.230784573698655],[-87.334634603953816,13.229243996782778]]]]}},
{"type":"Feature","properties":{"fid":411,"OBJECTID":592,"Name":"RAL042","LOTE_ID":"RAL042","FINCA":"RANCHO ALEGRE","DISTRITO":"D32","VARIEDAD":"CP72-2086","CICLO":"R1","TCH 23-24":"73.03","ESTIMADO 2":"70","AREA CAÑA":"7.58","ESTATUS":"Comercial","UBICACIÒN":"CENTRO","SEMAN COSE":"4","SEMANA COS":"1","FECHA COSE":"12/01/2024","EDAD COSEC":"11.53","FECHA CO_1":"12/21/2023","FECHA SIEM":null,"FECHA CORT":"12/21/2023","EDAD HOY":"250","TIPO COSEC":"COSECHA MECANICA","TIPO DE CO":"COSECHA MECANICA","BLOQUE COS":"RAL BLOQ10","RANGO DIST":"<10","TIPO DE SU":"ARC","TIPO DE RI":"SEMIFIJO","DISTANCIAM":"1.6","RENOVACIÒ":"SEMIFIJO - GOTEO","Area Calc":4.933},"geometry":{"type":"MultiPolygon","coordinates":[[[[-87.339635846284807,13.230751562774515],[-87.338853966992573,13.229229872900964],[-87.341970538105556,13.229219396331471],[-87.341917579304479,13.230743499485961],[-87.339635846284807,13.230751562774515]]]]}},
{"type":"Feature","properties":{"fid":412,"OBJECTID":593,"Name":"RAL042","LOTE_ID":"RAL042","FINCA":"RANCHO ALEGRE","DISTRITO":"D32","VARIEDAD":"CP72-2086","CICLO":"R1","TCH 23-24":"73.03","ESTIMADO 2":"70","AREA CAÑA":"7.58","ESTATUS":"Comercial","UBICACIÒN":"CENTRO","SEMAN COSE":"4","SEMANA COS":"1","FECHA COSE":"12/01/2024","EDAD COSEC":"11.53","FECHA CO_1":"12/21/2023","FECHA SIEM":null,"FECHA CORT":"12/21/2023","EDAD HOY":"250","TIPO COSEC":"COSECHA MECANICA","TIPO DE CO":"COSECHA MECANICA","BLOQUE COS":"RAL BLOQ10","RANGO DIST":"<10","TIPO DE SU":"ARC","TIPO DE RI":"SEMIFIJO","DISTANCIAM":"1.6","RENOVACIÒ":"SEMIFIJO - GOTEO","Area Calc":2.653},"geometry":{"type":"MultiPolygon","coordinates":[[[[-87.337799333884249,13.229233409449057],[-87.338843651622525,13.229229907375927],[-87.339625531777173,13.230751599089816],[-87.337766860072222,13.23075815167965],[-87.337799333884249,13.229233409449057]]]]}},
{"type":"Feature","properties":{"fid":413,"OBJECTID":594,"Name":"RAL043","LOTE_ID":"RAL043","FINCA":"RANCHO ALEGRE","DISTRITO":"D32","VARIEDAD":"CP72-2086","CICLO":"R1","TCH 23-24":"85.49","ESTIMADO 2":"85","AREA CAÑA":"6.88","ESTATUS":"Comercial","UBICACIÒN":"CENTRO","SEMAN COSE":"4","SEMANA COS":"1","FECHA COSE":"12/01/2024","EDAD COSEC":"11.33","FECHA CO_1":"12/27/2023","FECHA SIEM":null,"FECHA CORT":"12/27/2023","EDAD HOY":"244","TIPO COSEC":"COSECHA MECANICA","TIPO DE CO":"COSECHA MECANICA","BLOQUE COS":"RAL BLOQ10","RANGO DIST":"<10","TIPO DE SU":"FARC","TIPO DE RI":"SEMIFIJO","DISTANCIAM":"1.5","RENOVACIÒ":"SEMIFIJO - GOTEO","Area Calc":6.884},"geometry":{"type":"MultiPolygon","coordinates":[[[[-87.342016720041883,13.229219240488396],[-87.345785752190821,13.229206518649111],[-87.345730933288422,13.230729978935701],[-87.341963761517988,13.230743336411562],[-87.342016720041883,13.229219240488396]]]]}},
{"type":"Feature","properties":{"fid":414,"OBJECTID":595,"Name":"RAL044","LOTE_ID":"RAL044","FINCA":"RANCHO ALEGRE","DISTRITO":"D32","VARIEDAD":"CG02-163","CICLO":"R1","TCH 23-24":"91.65","ESTIMADO 2":"90","AREA CAÑA":"7.75","ESTATUS":"Comercial","UBICACIÒN":"CENTRO","SEMAN COSE":"7","SEMANA COS":"5","FECHA COSE":"12/29/2024","EDAD COSEC":"12","FECHA CO_1":"01/04/2024","FECHA SIEM":null,"FECHA CORT":"01/04/2024","EDAD HOY":"236","TIPO COSEC":"COSECHA MECANICA","TIPO DE CO":"COSECHA MECANICA","BLOQUE COS":"RAL BLOQ18","RANGO DIST":"<10","TIPO DE SU":"ARC","TIPO DE RI":"SEMIFIJO","DISTANCIAM":"1.5","RENOVACIÒ":null,"Area Calc":5.814},"geometry":{"type":"MultiPolygon","coordinates":[[[[-87.345804829407584,13.230729716180484],[-87.345859646946678,13.229206269454153],[-87.349073565068906,13.229195376478465],[-87.348957846141104,13.230718493366261],[-87.345804829407584,13.230729716180484]]]]}},
{"type":"Feature","properties":{"fid":415,"OBJECTID":596,"Name":"RAL044","LOTE_ID":"RAL044","FINCA":"RANCHO ALEGRE","DISTRITO":"D32","VARIEDAD":"CG02-163","CICLO":"R1","TCH 23-24":"91.65","ESTIMADO 2":"90","AREA CAÑA":"7.75","ESTATUS":"Comercial","UBICACIÒN":"CENTRO","SEMAN COSE":"7","SEMANA COS":"5","FECHA COSE":"12/29/2024","EDAD COSEC":"12","FECHA CO_1":"01/04/2024","FECHA SIEM":null,"FECHA CORT":"01/04/2024","EDAD HOY":"236","TIPO COSEC":"COSECHA MECANICA","TIPO DE CO":"COSECHA MECANICA","BLOQUE COS":"RAL BLOQ18","RANGO DIST":"<10","TIPO DE SU":"ARC","TIPO DE RI":"SEMIFIJO","DISTANCIAM":"1.5","RENOVACIÒ":null,"Area Calc":1.946},"geometry":{"type":"MultiPolygon","coordinates":[[[[-87.349124491460813,13.230717899519648],[-87.349240206622497,13.229194810617253],[-87.350238107432759,13.229191419455704],[-87.350238030553655,13.229197047553313],[-87.350239961981103,13.229444327525618],[-87.350260206190384,13.230687250459852],[-87.350259655302295,13.230713848538864],[-87.349124491460813,13.230717899519648]]]]}},
{"type":"Feature","properties":{"fid":416,"OBJECTID":597,"Name":"RAL045","LOTE_ID":"RAL045","FINCA":"RANCHO ALEGRE","DISTRITO":"D32","VARIEDAD":"CP73-1547","CICLO":"R1","TCH 23-24":"82.11","ESTIMADO 2":"87","AREA CAÑA":"15.66","ESTATUS":"Comercial","UBICACIÒN":"CENTRO","SEMAN COSE":"7","SEMANA COS":"5","FECHA COSE":"12/29/2024","EDAD COSEC":"12.07","FECHA CO_1":"01/02/2024","FECHA SIEM":null,"FECHA CORT":"01/02/2024","EDAD HOY":"238","TIPO COSEC":"COSECHA MECANICA","TIPO DE CO":"COSECHA MECANICA","BLOQUE COS":"RAL BLOQ18","RANGO DIST":"<10","TIPO DE SU":"ARC","TIPO DE RI":"SEMIFIJO","DISTANCIAM":"1.5","RENOVACIÒ":null,"Area Calc":7.361},"geometry":{"type":"MultiPolygon","coordinates":[[[[-87.354493000939954,13.230698697075482],[-87.350326386150385,13.230713609669783],[-87.350325884025011,13.230652862591523],[-87.350321796676809,13.230434250018673],[-87.350314543140612,13.229191159160692],[-87.354089228276393,13.229178296272432],[-87.354102304063389,13.229211977373433],[-87.354107031984569,13.229239061854463],[-87.354110136978235,13.229248036655834],[-87.35411935220678,13.229301762873009],[-87.354137938746007,13.229357492558574],[-87.354161603004499,13.229407681256326],[-87.354186321380496,13.229459179638557],[-87.354207202954044,13.229512654579226],[-87.354232412314289,13.229565382041994],[-87.35425946906112,13.229619065435246],[-87.354293076490521,13.229670940305704],[-87.354326753110428,13.229719586938463],[-87.354355318997506,13.229770076260339],[-87.35437717307434,13.229825828520559],[-87.354393409496595,13.229883930550708],[-87.354405578803934,13.229944316904721],[-87.354415539201767,13.23000266273896],[-87.354425388413802,13.230060710327452],[-87.354434122202235,13.230119726999057],[-87.354442504890216,13.230178490969788],[-87.35444983898492,13.230239761139034],[-87.354458697285139,13.230301897263798],[-87.354471197578263,13.230361360827981],[-87.354484988546602,13.230419764639944],[-87.354494396454072,13.230478988347219],[-87.35450225830283,13.230541379038378],[-87.354508509039746,13.23060024542834],[-87.354505071409832,13.230661286392346],[-87.354493000939954,13.230698697075482]]]]}},
{"type":"Feature","properties":{"fid":417,"OBJECTID":598,"Name":"RAL045","LOTE_ID":"RAL045","FINCA":"RANCHO ALEGRE","DISTRITO":"D32","VARIEDAD":"CP73-1547","CICLO":"R1","TCH 23-24":"82.11","ESTIMADO 2":"87","AREA CAÑA":"15.66","ESTATUS":"Comercial","UBICACIÒN":"CENTRO","SEMAN COSE":"7","SEMANA COS":"5","FECHA COSE":"12/29/2024","EDAD COSEC":"12.07","FECHA CO_1":"01/02/2024","FECHA SIEM":null,"FECHA CORT":"01/02/2024","EDAD HOY":"238","TIPO COSEC":"COSECHA MECANICA","TIPO DE CO":"COSECHA MECANICA","BLOQUE COS":"RAL BLOQ18","RANGO DIST":"<10","TIPO DE SU":"ARC","TIPO DE RI":"SEMIFIJO","DISTANCIAM":"1.5","RENOVACIÒ":null,"Area Calc":8.31},"geometry":{"type":"MultiPolygon","coordinates":[[[[-87.353979588005075,13.227642377480482],[-87.354030617494487,13.227644394691209],[-87.355173100550388,13.22763650523307],[-87.355179737541022,13.227635709321044],[-87.355230176798415,13.227618298610105],[-87.355276018800282,13.227603550032883],[-87.355312693882951,13.227619540268915],[-87.355385875533514,13.227700838211675],[-87.357384334680077,13.230324244214152],[-87.357397177080742,13.230345629606358],[-87.357429153344057,13.230392397370323],[-87.357465070137152,13.230438689412839],[-87.357499014521522,13.230486901197374],[-87.3575264379852,13.230538323109069],[-87.357550791367842,13.230592145548238],[-87.357572697680055,13.230645193762788],[-87.357588345268042,13.230687574376001],[-87.354679863455658,13.230698026346536],[-87.35466409646277,13.230668471447784],[-87.354642844335174,13.230614201337131],[-87.354627079524548,13.230556785896535],[-87.354610606562034,13.230501134705102],[-87.354595956882534,13.230442533159918],[-87.354578556832038,13.230384043938665],[-87.354560563482991,13.230323765143883],[-87.354548822015744,13.230265674976238],[-87.354539975930749,13.230205618589881],[-87.354531950181041,13.23014477437594],[-87.3545248768352,13.230085113394413],[-87.354520653240556,13.230023847954056],[-87.354512193472075,13.229962850619716],[-87.354501019418592,13.229901386845281],[-87.354486910504079,13.229840107989117],[-87.35446422439783,13.229783452653079],[-87.354439863341341,13.229723797560876],[-87.354411098909821,13.229670053259898],[-87.354375905314669,13.229619157184331],[-87.354347806792077,13.22957271821106],[-87.354290562174981,13.229463863785051],[-87.354283931888318,13.229429719831186],[-87.354264561221967,13.229374307728499],[-87.354242118103329,13.229319668486875],[-87.354221096170988,13.229264864509714],[-87.354207361043379,13.229206686657829],[-87.354195829070349,13.229146561635158],[-87.354185920344605,13.229085584376206],[-87.354175024752521,13.22902511485856],[-87.354161276164405,13.228963989198546],[-87.35414408638681,13.228903953394068],[-87.354121156804766,13.228844757442239],[-87.354096548941286,13.228786639858871],[-87.354073515869132,13.228726069600146],[-87.354048055809656,13.228665828227436],[-87.354021576553819,13.228609268520698],[-87.353998454402827,13.228550904722818],[-87.353983662620877,13.228489581561428],[-87.353969833054009,13.228429848528675],[-87.353964868530369,13.228366703273988],[-87.353958446637023,13.228304220132525],[-87.353952911209589,13.228242007034861],[-87.35394531323773,13.22817683088547],[-87.35393895548215,13.228114013084673],[-87.353928529837688,13.228052928015362],[-87.353915575246802,13.227991873574409],[-87.353901575962908,13.227929626981931],[-87.353885709136975,13.2278716238605],[-87.353870982037662,13.227810300598152],[-87.353856440535154,13.227749664300063],[-87.353840917038212,13.227692908550628],[-87.353834568303114,13.227642713924549],[-87.353840530462818,13.227636068547389],[-87.353871279052996,13.227632300506558],[-87.353927741014488,13.227634148357291],[-87.353979588005075,13.227642377480482]]]]}},
{"type":"Feature","properties":{"fid":418,"OBJECTID":599,"Name":"RAL046","LOTE_ID":"RAL046","FINCA":"RANCHO ALEGRE","DISTRITO":"D32","VARIEDAD":"CG02-163","CICLO":"R1","TCH 23-24":"91.23","ESTIMADO 2":"88","AREA CAÑA":"6.5","ESTATUS":"Comercial","UBICACIÒN":"CENTRO","SEMAN COSE":"7","SEMANA COS":"5","FECHA COSE":"12/29/2024","EDAD COSEC":"12","FECHA CO_1":"01/04/2024","FECHA SIEM":null,"FECHA CORT":"01/04/2024","EDAD HOY":"236","TIPO COSEC":"COSECHA MECANICA","TIPO DE CO":"COSECHA MECANICA","BLOQUE COS":"RAL BLOQ18","RANGO DIST":"<10","TIPO DE SU":"ARC","TIPO DE RI":"SEMIFIJO","DISTANCIAM":"1.5","RENOVACIÒ":null,"Area Calc":6.51},"geometry":{"type":"MultiPolygon","coordinates":[[[[-87.354082443648025,13.229133118084039],[-87.35031426938977,13.229144248448563],[-87.350305341852206,13.227614227068969],[-87.353652655043845,13.227624624094135],[-87.353682131971695,13.227645972203156],[-87.353699375704537,13.227685960969438],[-87.35373690615323,13.227757524852366],[-87.353750707535795,13.22780418262899],[-87.353783358993226,13.227929437996094],[-87.353817131633292,13.228057693882239],[-87.353844565908432,13.228200516803831],[-87.353858557558439,13.228295858598015],[-87.353865715825904,13.228388949251766],[-87.353866076006923,13.22839549545167],[-87.353870645903683,13.228447428677487],[-87.353880433091234,13.228501009438228],[-87.353891651155152,13.22855475098012],[-87.353906679653889,13.228607429283622],[-87.353926790251649,13.228664006865163],[-87.353950305786839,13.228719946760863],[-87.353975379167551,13.228774482924024],[-87.354003193103836,13.228828499871213],[-87.354029391841308,13.228882537137183],[-87.354055277882395,13.228937343437247],[-87.35407405206962,13.228995215919053],[-87.354082342535634,13.229054124715901],[-87.354080561696207,13.229112043759786],[-87.354082443648025,13.229133118084039]]]]}},
{"type":"Feature","properties":{"fid":419,"OBJECTID":600,"Name":"RAL047","LOTE_ID":"RAL047","FINCA":"RANCHO ALEGRE","DISTRITO":"D32","VARIEDAD":"CP72-2086","CICLO":"R1","TCH 23-24":"101.19","ESTIMADO 2":"98","AREA CAÑA":"7.48","ESTATUS":"Comercial","UBICACIÒN":"CENTRO","SEMAN COSE":"4","SEMANA COS":"5","FECHA COSE":"12/29/2024","EDAD COSEC":"11.93","FECHA CO_1":"01/06/2024","FECHA SIEM":null,"FECHA CORT":"01/06/2024","EDAD HOY":"234","TIPO COSEC":"MANUAL","TIPO DE CO":"COSECHA MECANICA","BLOQUE COS":"RAL BLOQ11","RANGO DIST":"<10","TIPO DE SU":"ARC","TIPO DE RI":"SEMIFIJO","DISTANCIAM":"1.5","RENOVACIÒ":null,"Area Calc":5.438},"geometry":{"type":"MultiPolygon","coordinates":[[[[-87.345915368257337,13.227657722314033],[-87.348530971111046,13.227651642453948],[-87.349077257285998,13.228576172845049],[-87.349110303385515,13.228711813519194],[-87.3490771728586,13.229147890785999],[-87.345861408240737,13.229157330463851],[-87.345915368257337,13.227657722314033]]]]}},
{"type":"Feature","properties":{"fid":420,"OBJECTID":601,"Name":"RAL047","LOTE_ID":"RAL047","FINCA":"RANCHO ALEGRE","DISTRITO":"D32","VARIEDAD":"CP72-2086","CICLO":"R1","TCH 23-24":"101.19","ESTIMADO 2":"98","AREA CAÑA":"7.48","ESTATUS":"Comercial","UBICACIÒN":"CENTRO","SEMAN COSE":"4","SEMANA COS":"5","FECHA COSE":"12/29/2024","EDAD COSEC":"11.93","FECHA CO_1":"01/06/2024","FECHA SIEM":null,"FECHA CORT":"01/06/2024","EDAD HOY":"234","TIPO COSEC":"MANUAL","TIPO DE CO":"COSECHA MECANICA","BLOQUE COS":"RAL BLOQ11","RANGO DIST":"<10","TIPO DE SU":"ARC","TIPO DE RI":"SEMIFIJO","DISTANCIAM":"1.5","RENOVACIÒ":null,"Area Calc":2.052},"geometry":{"type":"MultiPolygon","coordinates":[[[[-87.349243808950064,13.229147400886845],[-87.349277902275517,13.228698649358732],[-87.349236662786964,13.228529381252727],[-87.349233215564624,13.22851523098204],[-87.34872267375566,13.227651195595362],[-87.35024096855183,13.227647652829942],[-87.350239465238218,13.22815915841605],[-87.350236753129764,13.228276559672587],[-87.350238093684013,13.228484967175751],[-87.350242193217923,13.228692828350168],[-87.350241675586162,13.228931467150149],[-87.350238752024069,13.229144471314955],[-87.349243808950064,13.229147400886845]]]]}},
{"type":"Feature","properties":{"fid":421,"OBJECTID":602,"Name":"RAL048","LOTE_ID":"RAL048","FINCA":"RANCHO ALEGRE","DISTRITO":"D32","VARIEDAD":"CP72-2086","CICLO":"R1","TCH 23-24":"71.79","ESTIMADO 2":"70","AREA CAÑA":"6.78","ESTATUS":"Comercial","UBICACIÒN":"CENTRO","SEMAN COSE":"4","SEMANA COS":"1","FECHA COSE":"12/01/2024","EDAD COSEC":"11.4","FECHA CO_1":"12/25/2023","FECHA SIEM":null,"FECHA CORT":"12/25/2023","EDAD HOY":"246","TIPO COSEC":"COSECHA MECANICA","TIPO DE CO":"COSECHA MECANICA","BLOQUE COS":"RAL BLOQ11","RANGO DIST":"<10","TIPO DE SU":"ARC","TIPO DE RI":"SEMIFIJO","DISTANCIAM":"1.6","RENOVACIÒ":"SEMIFIJO - GOTEO","Area Calc":6.784},"geometry":{"type":"MultiPolygon","coordinates":[[[[-87.34207066841671,13.227666610636764],[-87.345841476627783,13.22765789374532],[-87.345787514376752,13.229157547105112],[-87.342018480595456,13.229168558131008],[-87.34207066841671,13.227666610636764]]]]}},
{"type":"Feature","properties":{"fid":422,"OBJECTID":603,"Name":"RAL049","LOTE_ID":"RAL049","FINCA":"RANCHO ALEGRE","DISTRITO":"D32","VARIEDAD":"CP72-2086","CICLO":"R1","TCH 23-24":"76.18","ESTIMADO 2":"70","AREA CAÑA":"7.5","ESTATUS":"Comercial","UBICACIÒN":"CENTRO","SEMAN COSE":"4","SEMANA COS":"1","FECHA COSE":"12/01/2024","EDAD COSEC":"11.37","FECHA CO_1":"12/26/2023","FECHA SIEM":null,"FECHA CORT":"12/26/2023","EDAD HOY":"245","TIPO COSEC":"COSECHA MECANICA","TIPO DE CO":"COSECHA MECANICA","BLOQUE COS":"RAL BLOQ11","RANGO DIST":"<10","TIPO DE SU":"ARC","TIPO DE RI":"SEMIFIJO","DISTANCIAM":"1.5","RENOVACIÒ":"SEMIFIJO - GOTEO","Area Calc":0.561},"geometry":{"type":"MultiPolygon","coordinates":[[[[-87.338816912498842,13.229177867567252],[-87.337800453962004,13.229180814572493],[-87.337819949648917,13.228265460404707],[-87.337854519613572,13.228290369060728],[-87.337896401263251,13.228329815482608],[-87.337938678572471,13.228369030792409],[-87.337982789638545,13.228404718032143],[-87.338026819822332,13.228443992496844],[-87.338069541937159,13.228484461378359],[-87.338112058000576,13.228523418633136],[-87.338152405869337,13.228562308218397],[-87.338195078172603,13.228604777325652],[-87.338236856936021,13.228646507938384],[-87.33827323918976,13.228683050819631],[-87.338798729103956,13.229160239073856],[-87.338816080488854,13.229176249174023],[-87.338816912498842,13.229177867567252]]]]}},
{"type":"Feature","properties":{"fid":423,"OBJECTID":604,"Name":"RAL049","LOTE_ID":"RAL049","FINCA":"RANCHO ALEGRE","DISTRITO":"D32","VARIEDAD":"CP72-2086","CICLO":"R1","TCH 23-24":"76.18","ESTIMADO 2":"70","AREA CAÑA":"7.5","ESTATUS":"Comercial","UBICACIÒN":"CENTRO","SEMAN COSE":"4","SEMANA COS":"1","FECHA COSE":"12/01/2024","EDAD COSEC":"11.37","FECHA CO_1":"12/26/2023","FECHA SIEM":null,"FECHA CORT":"12/26/2023","EDAD HOY":"245","TIPO COSEC":"COSECHA MECANICA","TIPO DE CO":"COSECHA MECANICA","BLOQUE COS":"RAL BLOQ11","RANGO DIST":"<10","TIPO DE SU":"ARC","TIPO DE RI":"SEMIFIJO","DISTANCIAM":"1.5","RENOVACIÒ":"SEMIFIJO - GOTEO","Area Calc":6.941},"geometry":{"type":"MultiPolygon","coordinates":[[[[-87.337860478145515,13.228283438310731],[-87.337820184555724,13.228254405741563],[-87.337832496789815,13.22767634130429],[-87.339510263802495,13.22767249771918],[-87.339513804620992,13.227762021054478],[-87.339553595706036,13.22778268436411],[-87.339609411144451,13.227784219754275],[-87.339663415461104,13.227770937022562],[-87.339678907354823,13.227720568272321],[-87.339681899037856,13.227672103286492],[-87.342024488549583,13.227666716746857],[-87.341972299561391,13.229168692271195],[-87.338827230641954,13.229177837610973],[-87.338823593485756,13.229170759510502],[-87.33880503143061,13.229153631565058],[-87.338279683839531,13.228676573345899],[-87.338243455017206,13.228640185792008],[-87.338201661464723,13.228598439827815],[-87.338158931857365,13.228555913830236],[-87.338118447203726,13.22851689240769],[-87.338075903413298,13.228477908063397],[-87.338033136937653,13.228437397646474],[-87.337988838757312,13.2283978848175],[-87.337944797916307,13.228362253548926],[-87.3379027719851,13.228323273010536],[-87.337860478145515,13.228283438310731]]]]}},
{"type":"Feature","properties":{"fid":424,"OBJECTID":605,"Name":"RAL050","LOTE_ID":"RAL050","FINCA":"RANCHO ALEGRE","DISTRITO":"D32","VARIEDAD":"CP72-2086","CICLO":"R1","TCH 23-24":"92.3","ESTIMADO 2":"88","AREA CAÑA":"6.81","ESTATUS":"Comercial","UBICACIÒN":"CENTRO","SEMAN COSE":"4","SEMANA COS":"1","FECHA COSE":"12/01/2024","EDAD COSEC":"11.37","FECHA CO_1":"12/26/2023","FECHA SIEM":null,"FECHA CORT":"12/26/2023","EDAD HOY":"245","TIPO COSEC":"COSECHA MECANICA","TIPO DE CO":"COSECHA MECANICA","BLOQUE COS":"RAL BLOQ11","RANGO DIST":"<10","TIPO DE SU":"ARC","TIPO DE RI":"SEMIFIJO","DISTANCIAM":"1.5","RENOVACIÒ":"SEMIFIJO - GOTEO","Area Calc":5.354},"geometry":{"type":"MultiPolygon","coordinates":[[[[-87.334685346845674,13.2276835219019],[-87.337178767000381,13.227677835730994],[-87.337729076046898,13.228197568883274],[-87.337708128767034,13.229181082175723],[-87.334636360539122,13.229189963326947],[-87.334685346845674,13.2276835219019]]]]}},
{"type":"Feature","properties":{"fid":425,"OBJECTID":606,"Name":"RAL050","LOTE_ID":"RAL050","FINCA":"RANCHO ALEGRE","DISTRITO":"D32","VARIEDAD":"CP72-2086","CICLO":"R1","TCH 23-24":"92.3","ESTIMADO 2":"88","AREA CAÑA":"6.81","ESTATUS":"Comercial","UBICACIÒN":"CENTRO","SEMAN COSE":"4","SEMANA COS":"1","FECHA COSE":"12/01/2024","EDAD COSEC":"11.37","FECHA CO_1":"12/26/2023","FECHA SIEM":null,"FECHA CORT":"12/26/2023","EDAD HOY":"245","TIPO COSEC":"COSECHA MECANICA","TIPO DE CO":"COSECHA MECANICA","BLOQUE COS":"RAL BLOQ11","RANGO DIST":"<10","TIPO DE SU":"ARC","TIPO DE RI":"SEMIFIJO","DISTANCIAM":"1.5","RENOVACIÒ":"SEMIFIJO - GOTEO","Area Calc":0.167},"geometry":{"type":"MultiPolygon","coordinates":[[[[-87.337740173005955,13.227676551937156],[-87.337729337840045,13.228185257288793],[-87.337192034040001,13.227677805568774],[-87.337740173005955,13.227676551937156]]]]}},
{"type":"Feature","properties":{"fid":426,"OBJECTID":607,"Name":"RAL050","LOTE_ID":"RAL050","FINCA":"RANCHO ALEGRE","DISTRITO":"D32","VARIEDAD":"CP72-2086","CICLO":"R1","TCH 23-24":"92.3","ESTIMADO 2":"88","AREA CAÑA":"6.81","ESTATUS":"Comercial","UBICACIÒN":"CENTRO","SEMAN COSE":"4","SEMANA COS":"1","FECHA COSE":"12/01/2024","EDAD COSEC":"11.37","FECHA CO_1":"12/26/2023","FECHA SIEM":null,"FECHA CORT":"12/26/2023","EDAD HOY":"245","TIPO COSEC":"COSECHA MECANICA","TIPO DE CO":"COSECHA MECANICA","BLOQUE COS":"RAL BLOQ11","RANGO DIST":"<10","TIPO DE SU":"ARC","TIPO DE RI":"SEMIFIJO","DISTANCIAM":"1.5","RENOVACIÒ":"SEMIFIJO - GOTEO","Area Calc":1.291},"geometry":{"type":"MultiPolygon","coordinates":[[[[-87.33370736522771,13.227685744716497],[-87.334639170630624,13.227683626672864],[-87.334590183156735,13.229190097032708],[-87.33409049733595,13.229191537451134],[-87.334090311200896,13.229190410104993],[-87.334082191256684,13.229151538323837],[-87.334069066659225,13.229111190127924],[-87.334034130110638,13.22900194009042],[-87.334011718044565,13.228878685057113],[-87.333995689490635,13.228752754164367],[-87.333982635625617,13.228662645442443],[-87.333961099880341,13.228552518846303],[-87.333895928417107,13.228404245041723],[-87.333847928951386,13.228259077463234],[-87.333790958809274,13.228080555063872],[-87.333748643855529,13.227907330452775],[-87.33371403253507,13.227718027393877],[-87.33370736522771,13.227685744716497]]]]}},
{"type":"Feature","properties":{"fid":427,"OBJECTID":608,"Name":"RAL051","LOTE_ID":"RAL051","FINCA":"RANCHO ALEGRE","DISTRITO":"D32","VARIEDAD":"CP72-2086","CICLO":"R1","TCH 23-24":"58.97","ESTIMADO 2":"50","AREA CAÑA":"7.01","ESTATUS":"Comercial","UBICACIÒN":"CENTRO","SEMAN COSE":"4","SEMANA COS":"1","FECHA COSE":"12/01/2024","EDAD COSEC":"11.33","FECHA CO_1":"12/27/2023","FECHA SIEM":null,"FECHA CORT":"12/27/2023","EDAD HOY":"244","TIPO COSEC":"COSECHA MECANICA","TIPO DE CO":"COSECHA MECANICA","BLOQUE COS":"RAL BLOQ12","RANGO DIST":"<10","TIPO DE SU":"FARC","TIPO DE RI":"SEMIFIJO","DISTANCIAM":"1.6","RENOVACIÒ":"SEMIFIJO - GOTEO","Area Calc":1.509},"geometry":{"type":"MultiPolygon","coordinates":[[[[-87.334686768699996,13.226219825519548],[-87.334640934289069,13.22762936804523],[-87.333696164791121,13.227631515676492],[-87.333691696695794,13.227609882096811],[-87.333681560824047,13.227561337539003],[-87.333663571841328,13.227466424664316],[-87.33365522186746,13.227360123840917],[-87.33365547900776,13.227250592679134],[-87.333669791458561,13.227146504789445],[-87.333704005053974,13.227043521218835],[-87.334073797621329,13.226370182678213],[-87.334085681727515,13.226346937169465],[-87.334134188305413,13.22626149523893],[-87.334183614800253,13.226180600433825],[-87.334230809676683,13.226094427764236],[-87.334275736571058,13.226010159672915],[-87.334279786778836,13.226008912852041],[-87.33432697194705,13.226003715046881],[-87.334380810706207,13.226004458441453],[-87.334426785618078,13.226005194028435],[-87.334465262622928,13.226030616181223],[-87.334506474890858,13.226065167592287],[-87.334542814176785,13.226106760376471],[-87.334579237406885,13.226148986014545],[-87.334624527193355,13.226181985814499],[-87.334660568969412,13.226215205689899],[-87.334686768699996,13.226219825519548]]]]}},
{"type":"Feature","properties":{"fid":428,"OBJECTID":609,"Name":"RAL051","LOTE_ID":"RAL051","FINCA":"RANCHO ALEGRE","DISTRITO":"D32","VARIEDAD":"CP72-2086","CICLO":"R1","TCH 23-24":"58.97","ESTIMADO 2":"50","AREA CAÑA":"7.01","ESTATUS":"Comercial","UBICACIÒN":"CENTRO","SEMAN COSE":"4","SEMANA COS":"1","FECHA COSE":"12/01/2024","EDAD COSEC":"11.33","FECHA CO_1":"12/27/2023","FECHA SIEM":null,"FECHA CORT":"12/27/2023","EDAD HOY":"244","TIPO COSEC":"COSECHA MECANICA","TIPO DE CO":"COSECHA MECANICA","BLOQUE COS":"RAL BLOQ12","RANGO DIST":"<10","TIPO DE SU":"FARC","TIPO DE RI":"SEMIFIJO","DISTANCIAM":"1.6","RENOVACIÒ":"SEMIFIJO - GOTEO","Area Calc":2.15},"geometry":{"type":"MultiPolygon","coordinates":[[[[-87.337128731982304,13.227623695161817],[-87.334687110493888,13.227629263274178],[-87.334733329984218,13.226207881002377],[-87.335984857910134,13.226986395320731],[-87.336829526970959,13.22727428466761],[-87.337128731982304,13.227623695161817]]]]}},
{"type":"Feature","properties":{"fid":429,"OBJECTID":610,"Name":"RAL051","LOTE_ID":"RAL051","FINCA":"RANCHO ALEGRE","DISTRITO":"D32","VARIEDAD":"CP72-2086","CICLO":"R1","TCH 23-24":"58.97","ESTIMADO 2":"50","AREA CAÑA":"7.01","ESTATUS":"Comercial","UBICACIÒN":"CENTRO","SEMAN COSE":"4","SEMANA COS":"1","FECHA COSE":"12/01/2024","EDAD COSEC":"11.33","FECHA CO_1":"12/27/2023","FECHA SIEM":null,"FECHA CORT":"12/27/2023","EDAD HOY":"244","TIPO COSEC":"COSECHA MECANICA","TIPO DE CO":"COSECHA MECANICA","BLOQUE COS":"RAL BLOQ12","RANGO DIST":"<10","TIPO DE SU":"FARC","TIPO DE RI":"SEMIFIJO","DISTANCIAM":"1.6","RENOVACIÒ":"SEMIFIJO - GOTEO","Area Calc":3.356},"geometry":{"type":"MultiPolygon","coordinates":[[[[-87.33473023744159,13.226112101417172],[-87.337773596330962,13.226107216320862],[-87.337741328651987,13.22762229501132],[-87.3371407566774,13.227623668449523],[-87.33683496201067,13.227266563419285],[-87.33598890229905,13.226978199382376],[-87.334733671932526,13.226197382305806],[-87.334733934997189,13.226189274528176],[-87.334732293953138,13.226182528319685],[-87.334734687161983,13.226176370915107],[-87.334731117839894,13.226124182744995],[-87.33473023744159,13.226112101417172]]]]}},
{"type":"Feature","properties":{"fid":430,"OBJECTID":611,"Name":"RAL052","LOTE_ID":"RAL052","FINCA":"RANCHO ALEGRE","DISTRITO":"D32","VARIEDAD":"CP72-2086","CICLO":"R1","TCH 23-24":"81.21","ESTIMADO 2":"78","AREA CAÑA":"6.62","ESTATUS":"Comercial","UBICACIÒN":"CENTRO","SEMAN COSE":"4","SEMANA COS":"1","FECHA COSE":"12/01/2024","EDAD COSEC":"11.4","FECHA CO_1":"12/25/2023","FECHA SIEM":null,"FECHA CORT":"12/25/2023","EDAD HOY":"246","TIPO COSEC":"COSECHA MECANICA","TIPO DE CO":"COSECHA MECANICA","BLOQUE COS":"RAL BLOQ12","RANGO DIST":"<10","TIPO DE SU":"ARC","TIPO DE RI":"SEMIFIJO","DISTANCIAM":"1.6","RENOVACIÒ":"SEMIFIJO - GOTEO","Area Calc":7.628},"geometry":{"type":"MultiPolygon","coordinates":[[[[-87.337865918686859,13.226107068083905],[-87.342078917739983,13.22610024394544],[-87.34202637425372,13.227612457942078],[-87.337833651491195,13.227622083475509],[-87.337865918686859,13.226107068083905]]]]}},
{"type":"Feature","properties":{"fid":431,"OBJECTID":612,"Name":"RAL053","LOTE_ID":"RAL053","FINCA":"RANCHO ALEGRE","DISTRITO":"D32","VARIEDAD":"CP72-2086","CICLO":"R1","TCH 23-24":"66.91","ESTIMADO 2":"60","AREA CAÑA":"6.83","ESTATUS":"Comercial","UBICACIÒN":"CENTRO","SEMAN COSE":"4","SEMANA COS":"3","FECHA COSE":"12/15/2024","EDAD COSEC":"11.8","FECHA CO_1":"12/27/2023","FECHA SIEM":null,"FECHA CORT":"12/27/2023","EDAD HOY":"244","TIPO COSEC":"COSECHA MECANICA","TIPO DE CO":"COSECHA MECANICA","BLOQUE COS":"RAL BLOQ12","RANGO DIST":"<10","TIPO DE SU":"ARC","TIPO DE RI":"SEMIFIJO","DISTANCIAM":"1.6","RENOVACIÒ":null,"Area Calc":6.833},"geometry":{"type":"MultiPolygon","coordinates":[[[[-87.342125096431857,13.226100168578073],[-87.345897749486539,13.226093997999374],[-87.345843428865052,13.227603634841886],[-87.342072554110615,13.227612351831908],[-87.342125096431857,13.226100168578073]]]]}},
{"type":"Feature","properties":{"fid":432,"OBJECTID":613,"Name":"RAL054","LOTE_ID":"RAL054","FINCA":"RANCHO ALEGRE","DISTRITO":"D32","VARIEDAD":"CP72-2086","CICLO":"R1","TCH 23-24":"94.6","ESTIMADO 2":"90","AREA CAÑA":"7.47","ESTATUS":"Comercial","UBICACIÒN":"CENTRO","SEMAN COSE":"5","SEMANA COS":"4","FECHA COSE":"12/22/2024","EDAD COSEC":"11.9","FECHA CO_1":"12/31/2023","FECHA SIEM":null,"FECHA CORT":"12/31/2023","EDAD HOY":"240","TIPO COSEC":"COSECHA MECANICA","TIPO DE CO":"COSECHA MECANICA","BLOQUE COS":"RAL BLOQ12","RANGO DIST":"<10","TIPO DE SU":"ARC","TIPO DE RI":"SEMIFIJO","DISTANCIAM":"1.5","RENOVACIÒ":null,"Area Calc":3.601},"geometry":{"type":"MultiPolygon","coordinates":[[[[-87.350241127374332,13.227593398181753],[-87.348690659424804,13.227597015579633],[-87.347800714475881,13.226090865122158],[-87.35022408416296,13.226086853670854],[-87.350225510690322,13.226175147195439],[-87.350234319471198,13.226365097992163],[-87.35023762219663,13.226564424262543],[-87.35024128195397,13.226781084332153],[-87.350242863055342,13.227002847162975],[-87.350241127374332,13.227593398181753]]]]}},
{"type":"Feature","properties":{"fid":433,"OBJECTID":614,"Name":"RAL054","LOTE_ID":"RAL054","FINCA":"RANCHO ALEGRE","DISTRITO":"D32","VARIEDAD":"CP72-2086","CICLO":"R1","TCH 23-24":"94.6","ESTIMADO 2":"90","AREA CAÑA":"7.47","ESTATUS":"Comercial","UBICACIÒN":"CENTRO","SEMAN COSE":"5","SEMANA COS":"4","FECHA COSE":"12/22/2024","EDAD COSEC":"11.9","FECHA CO_1":"12/31/2023","FECHA SIEM":null,"FECHA CORT":"12/31/2023","EDAD HOY":"240","TIPO COSEC":"COSECHA MECANICA","TIPO DE CO":"COSECHA MECANICA","BLOQUE COS":"RAL BLOQ12","RANGO DIST":"<10","TIPO DE SU":"ARC","TIPO DE RI":"SEMIFIJO","DISTANCIAM":"1.5","RENOVACIÒ":null,"Area Calc":3.874},"geometry":{"type":"MultiPolygon","coordinates":[[[[-87.345971638870068,13.226093877203308],[-87.347640899125068,13.226091128641965],[-87.34853090787152,13.227597388100756],[-87.34591732047825,13.227603463410423],[-87.345971638870068,13.226093877203308]]]]}},
{"type":"Feature","properties":{"fid":434,"OBJECTID":615,"Name":"RAL055","LOTE_ID":"RAL055","FINCA":"RANCHO ALEGRE","DISTRITO":"D32","VARIEDAD":"CP72-2086","CICLO":"R1","TCH 23-24":"77.55","ESTIMADO 2":"75","AREA CAÑA":"8.16","ESTATUS":"Comercial","UBICACIÒN":"CENTRO","SEMAN COSE":"5","SEMANA COS":"4","FECHA COSE":"12/22/2024","EDAD COSEC":"11.97","FECHA CO_1":"12/29/2023","FECHA SIEM":null,"FECHA CORT":"12/29/2023","EDAD HOY":"242","TIPO COSEC":"COSECHA MECANICA","TIPO DE CO":"COSECHA MECANICA","BLOQUE COS":"RAL BLOQ17","RANGO DIST":"<10","TIPO DE SU":"ARC","TIPO DE RI":"SEMIFIJO","DISTANCIAM":"1.6","RENOVACIÒ":null,"Area Calc":5.126},"geometry":{"type":"MultiPolygon","coordinates":[[[[-87.350293122579586,13.226053310305053],[-87.352595370650633,13.226055590267952],[-87.352622342450189,13.226089873506162],[-87.352629452870104,13.226098689083491],[-87.352644899603121,13.226108731969255],[-87.352731925080917,13.226164620543532],[-87.352803252388142,13.226221733394397],[-87.352868257775341,13.22629844079829],[-87.352918313283254,13.22638326177724],[-87.352961766597772,13.226472495512471],[-87.353008554475863,13.226569917051195],[-87.353054138868288,13.226664808369126],[-87.353094317095824,13.226748612116927],[-87.353133223766505,13.226833900568122],[-87.353165558495689,13.22691898107518],[-87.353193397890806,13.227010189495731],[-87.353230697555389,13.227120364841797],[-87.353272655441273,13.227215704201768],[-87.353315320201872,13.227301954961591],[-87.353354509515569,13.227378300044691],[-87.353394539489187,13.227455141290518],[-87.353422201341573,13.227538329313449],[-87.353462823345836,13.22758786619411],[-87.350305130522855,13.227578056834169],[-87.350296609076253,13.226117576237117],[-87.350293122579586,13.226053310305053]]]]}},
{"type":"Feature","properties":{"fid":435,"OBJECTID":616,"Name":"RAL055","LOTE_ID":"RAL055","FINCA":"RANCHO ALEGRE","DISTRITO":"D32","VARIEDAD":"CP72-2086","CICLO":"R1","TCH 23-24":"77.55","ESTIMADO 2":"75","AREA CAÑA":"8.16","ESTATUS":"Comercial","UBICACIÒN":"CENTRO","SEMAN COSE":"5","SEMANA COS":"4","FECHA COSE":"12/22/2024","EDAD COSEC":"11.97","FECHA CO_1":"12/29/2023","FECHA SIEM":null,"FECHA CORT":"12/29/2023","EDAD HOY":"242","TIPO COSEC":"COSECHA MECANICA","TIPO DE CO":"COSECHA MECANICA","BLOQUE COS":"RAL BLOQ17","RANGO DIST":"<10","TIPO DE SU":"ARC","TIPO DE RI":"SEMIFIJO","DISTANCIAM":"1.6","RENOVACIÒ":null,"Area Calc":3.044},"geometry":{"type":"MultiPolygon","coordinates":[[[[-87.352300226531057,13.223644663536968],[-87.355235214267665,13.227516812361927],[-87.355233516563928,13.227528059851139],[-87.355217777394074,13.2275647848309],[-87.355180656465265,13.227585091397239],[-87.355177281832098,13.227587514929066],[-87.354005092863389,13.227599439575947],[-87.353995315923314,13.227578534425168],[-87.353985537978076,13.227531346630036],[-87.353981383366587,13.227485769636134],[-87.353974918952829,13.22743857725095],[-87.353960663204489,13.227384080352332],[-87.353938515532818,13.227329323109258],[-87.353675400335646,13.226670758417979],[-87.353664143473395,13.226641223421513],[-87.353641238635404,13.226586150709867],[-87.353631860007255,13.226534169868989],[-87.353623355819764,13.22648052401556],[-87.353590907510053,13.2264319750312],[-87.353553329132495,13.226384617692949],[-87.353515467837013,13.226339476128681],[-87.353479652320956,13.226292071128446],[-87.35344620831178,13.226244264977742],[-87.353410598935028,13.226192573582622],[-87.353376637457743,13.226144334101875],[-87.353343198851121,13.226093842334892],[-87.353310874019712,13.226041233101123],[-87.353280541814826,13.225987906758855],[-87.353253161693829,13.225933554541168],[-87.353226482217991,13.225878622638],[-87.353201950371968,13.225821653223187],[-87.35318500483092,13.225764248330718],[-87.353174732268059,13.225706707623447],[-87.35317260467086,13.225645710506321],[-87.353177811372575,13.225582343188142],[-87.35318097980867,13.225520036647076],[-87.353182008505001,13.225458827192943],[-87.353170235614911,13.225397734891908],[-87.353150111575303,13.225337911021411],[-87.353125753933881,13.225280082326114],[-87.353090004669255,13.225227242685389],[-87.353063212991543,13.225171225825932],[-87.353047388855572,13.225110546020376],[-87.353015744441649,13.225056000726386],[-87.352996711730512,13.224997667330328],[-87.352973300600439,13.224936898528805],[-87.352939389160511,13.224884761633573],[-87.352907896430906,13.224832965005639],[-87.352873037343826,13.224782909161865],[-87.35283049488929,13.224736354285769],[-87.35278752802445,13.22468989945421],[-87.352738535410026,13.2246507591927],[-87.352682277875161,13.224623700554943],[-87.352621041144275,13.224612879889882],[-87.352562633729832,13.224605536633986],[-87.352525140075727,13.224584691341779],[-87.352491229896231,13.224566740097956],[-87.352482815209413,13.224522483701088],[-87.352456856291298,13.224474187835852],[-87.352435501125541,13.224424556387135],[-87.352418051360715,13.224369331345883],[-87.35240200954928,13.224311174622784],[-87.352386439281418,13.224253586919794],[-87.352368349402411,13.224196075027574],[-87.352350425382099,13.224138363972097],[-87.352334511222537,13.224079094851135],[-87.352317972330567,13.224021834003784],[-87.352299982338437,13.223963155496882],[-87.352282463098078,13.223904494424378],[-87.352267223131975,13.223845495640552],[-87.352255854003886,13.223782549032897],[-87.352239433061683,13.223723841230745],[-87.35222866002367,13.223664637355837],[-87.352240385153337,13.223621959129147],[-87.352273470899235,13.223613504104259],[-87.352300226531057,13.223644663536968]]]]}},
{"type":"Feature","properties":{"fid":436,"OBJECTID":617,"Name":"RAL056","LOTE_ID":"RAL056","FINCA":"RANCHO ALEGRE","DISTRITO":"D32","VARIEDAD":"CP73-1547","CICLO":"R1","TCH 23-24":"117.45","ESTIMADO 2":"115","AREA CAÑA":"3.19","ESTATUS":"Comercial","UBICACIÒN":"CENTRO","SEMAN COSE":"4","SEMANA COS":"5","FECHA COSE":"12/29/2024","EDAD COSEC":"12.03","FECHA CO_1":"01/03/2024","FECHA SIEM":null,"FECHA CORT":"01/03/2024","EDAD HOY":"237","TIPO COSEC":"MANUAL","TIPO DE CO":"MANUAL","BLOQUE COS":"RAL BLOQ17","RANGO DIST":"<10","TIPO DE SU":"ARC","TIPO DE RI":"SEMIFIJO","DISTANCIAM":"1.5","RENOVACIÒ":null,"Area Calc":3.191},"geometry":{"type":"MultiPolygon","coordinates":[[[[-87.350292440739125,13.224704299009865],[-87.352285055232102,13.224736007868147],[-87.352341888866377,13.225270300417257],[-87.35250562011835,13.225867039768351],[-87.352551060965666,13.225989443805995],[-87.35029475367331,13.225994611098644],[-87.350292440739125,13.224704299009865]]]]}},
{"type":"Feature","properties":{"fid":437,"OBJECTID":618,"Name":"RAL057","LOTE_ID":"RAL057","FINCA":"RANCHO ALEGRE","DISTRITO":"D32","VARIEDAD":"CP73-1547","CICLO":"R1","TCH 23-24":"95.16","ESTIMADO 2":"92","AREA CAÑA":"6.53","ESTATUS":"Comercial","UBICACIÒN":"CENTRO","SEMAN COSE":"5","SEMANA COS":"4","FECHA COSE":"12/22/2024","EDAD COSEC":"11.93","FECHA CO_1":"12/30/2023","FECHA SIEM":null,"FECHA CORT":"12/30/2023","EDAD HOY":"241","TIPO COSEC":"COSECHA MECANICA","TIPO DE CO":"COSECHA MECANICA","BLOQUE COS":"RAL BLOQ17","RANGO DIST":"<10","TIPO DE SU":"ARC","TIPO DE RI":"SEMIFIJO","DISTANCIAM":"1.5","RENOVACIÒ":null,"Area Calc":4.556},"geometry":{"type":"MultiPolygon","coordinates":[[[[-87.347768688528674,13.226036663288843],[-87.347044324941123,13.224810726648267],[-87.347013212449184,13.224692120710815],[-87.347014747645375,13.224681225235608],[-87.350216032366134,13.224716911156108],[-87.350221821642833,13.225937942807906],[-87.350222372059179,13.225980839229152],[-87.350223208333844,13.226032600433632],[-87.347768688528674,13.226036663288843]]]]}},
{"type":"Feature","properties":{"fid":438,"OBJECTID":619,"Name":"RAL057","LOTE_ID":"RAL057","FINCA":"RANCHO ALEGRE","DISTRITO":"D32","VARIEDAD":"CP73-1547","CICLO":"R1","TCH 23-24":"95.16","ESTIMADO 2":"92","AREA CAÑA":"6.53","ESTATUS":"Comercial","UBICACIÒN":"CENTRO","SEMAN COSE":"5","SEMANA COS":"4","FECHA COSE":"12/22/2024","EDAD COSEC":"11.93","FECHA CO_1":"12/30/2023","FECHA SIEM":null,"FECHA CORT":"12/30/2023","EDAD HOY":"241","TIPO COSEC":"COSECHA MECANICA","TIPO DE CO":"COSECHA MECANICA","BLOQUE COS":"RAL BLOQ17","RANGO DIST":"<10","TIPO DE SU":"ARC","TIPO DE RI":"SEMIFIJO","DISTANCIAM":"1.5","RENOVACIÒ":null,"Area Calc":1.983},"geometry":{"type":"MultiPolygon","coordinates":[[[[-87.346022866884496,13.224670160835023],[-87.34687520756404,13.224679669430426],[-87.346872340028881,13.224700023265214],[-87.346914971495139,13.224862543425452],[-87.347608873212607,13.226036926787756],[-87.34597359107623,13.22603961919752],[-87.346022866884496,13.224670160835023]]]]}},
{"type":"Feature","properties":{"fid":439,"OBJECTID":620,"Name":"RAL058","LOTE_ID":"RAL058","FINCA":"RANCHO ALEGRE","DISTRITO":"D32","VARIEDAD":"CP73-1547","CICLO":"R1","TCH 23-24":"65.56","ESTIMADO 2":"63","AREA CAÑA":"6.34","ESTATUS":"Comercial","UBICACIÒN":"CENTRO","SEMAN COSE":"4","SEMANA COS":"1","FECHA COSE":"12/01/2024","EDAD COSEC":"11.47","FECHA CO_1":"12/23/2023","FECHA SIEM":null,"FECHA CORT":"12/23/2023","EDAD HOY":"248","TIPO COSEC":"COSECHA MECANICA","TIPO DE CO":"COSECHA MECANICA","BLOQUE COS":"RAL BLOQ13","RANGO DIST":"<10","TIPO DE SU":"ARC","TIPO DE RI":"SEMIFIJO","DISTANCIAM":"1.5","RENOVACIÒ":"SEMIFIJO - GOTEO","Area Calc":6.343},"geometry":{"type":"MultiPolygon","coordinates":[[[[-87.34217716720012,13.224601581051287],[-87.345948618227368,13.224680284837021],[-87.345899701710351,13.226039740897987],[-87.342126982111722,13.226045910671015],[-87.34217716720012,13.224601581051287]]]]}},
{"type":"Feature","properties":{"fid":440,"OBJECTID":621,"Name":"RAL059","LOTE_ID":"RAL059","FINCA":"RANCHO ALEGRE","DISTRITO":"D32","VARIEDAD":"CP73-1547","CICLO":"R1","TCH 23-24":"84.13","ESTIMADO 2":"80","AREA CAÑA":"7.56","ESTATUS":"Comercial","UBICACIÒN":"CENTRO","SEMAN COSE":"4","SEMANA COS":"1","FECHA COSE":"12/01/2024","EDAD COSEC":"11.47","FECHA CO_1":"12/23/2023","FECHA SIEM":null,"FECHA CORT":"12/23/2023","EDAD HOY":"248","TIPO COSEC":"COSECHA MECANICA","TIPO DE CO":"COSECHA MECANICA","BLOQUE COS":"RAL BLOQ13","RANGO DIST":"<10","TIPO DE SU":"ARC","TIPO DE RI":"SEMIFIJO","DISTANCIAM":"1.5","RENOVACIÒ":"SEMIFIJO - GOTEO","Area Calc":7.561},"geometry":{"type":"MultiPolygon","coordinates":[[[[-87.342131024260951,13.224600617400309],[-87.342080803430079,13.226045986038459],[-87.337867074306388,13.226052811151714],[-87.337899883943223,13.224512253649911],[-87.342131024260951,13.224600617400309]]]]}},
{"type":"Feature","properties":{"fid":441,"OBJECTID":622,"Name":"RAL060","LOTE_ID":"RAL060","FINCA":"RANCHO ALEGRE","DISTRITO":"D32","VARIEDAD":"CP72-2086","CICLO":"R1","TCH 23-24":"76.7","ESTIMADO 2":"70","AREA CAÑA":"5.6","ESTATUS":"Comercial","UBICACIÒN":"CENTRO","SEMAN COSE":"4","SEMANA COS":"1","FECHA COSE":"12/01/2024","EDAD COSEC":"11.47","FECHA CO_1":"12/23/2023","FECHA SIEM":null,"FECHA CORT":"12/23/2023","EDAD HOY":"248","TIPO COSEC":"COSECHA MECANICA","TIPO DE CO":"COSECHA MECANICA","BLOQUE COS":"RAL BLOQ13","RANGO DIST":"<10","TIPO DE SU":"FARC","TIPO DE RI":"SEMIFIJO","DISTANCIAM":"1.6","RENOVACIÒ":"SEMIFIJO - GOTEO","Area Calc":5.606},"geometry":{"type":"MultiPolygon","coordinates":[[[[-87.334395070053503,13.225807504927728],[-87.334473083097166,13.22567383727745],[-87.334497582915589,13.225636016946302],[-87.334559243509716,13.225551877916914],[-87.335216758033184,13.224646141581296],[-87.335313068219776,13.224515759213419],[-87.33533308585487,13.22448337736926],[-87.337807731311614,13.22450451576859],[-87.337774751972177,13.226052960292833],[-87.334655872461354,13.22605796597416],[-87.334642883384319,13.226051949877208],[-87.334597223765726,13.226011698543351],[-87.334387800966795,13.225819945051466],[-87.334395070053503,13.225807504927728]]]]}},
{"type":"Feature","properties":{"fid":442,"OBJECTID":623,"Name":"RAL061","LOTE_ID":"RAL061","FINCA":"RANCHO ALEGRE","DISTRITO":"D32","VARIEDAD":"CP72-2086","CICLO":"R1","TCH 23-24":"73.69","ESTIMADO 2":"68","AREA CAÑA":"5.05","ESTATUS":"Comercial","UBICACIÒN":"CENTRO","SEMAN COSE":"4","SEMANA COS":"1","FECHA COSE":"12/01/2024","EDAD COSEC":"11.43","FECHA CO_1":"12/24/2023","FECHA SIEM":null,"FECHA CORT":"12/24/2023","EDAD HOY":"247","TIPO COSEC":"COSECHA MECANICA","TIPO DE CO":"COSECHA MECANICA","BLOQUE COS":"RAL BLOQ14","RANGO DIST":"<10","TIPO DE SU":"FARC","TIPO DE RI":"SEMIFIJO","DISTANCIAM":"1.6","RENOVACIÒ":"SEMIFIJO - GOTEO","Area Calc":5.049},"geometry":{"type":"MultiPolygon","coordinates":[[[[-87.335811456926564,13.222383092194294],[-87.335836701169455,13.222363563577279],[-87.335912343592881,13.222326679640743],[-87.336005269446815,13.222307242926968],[-87.336102245096654,13.222299800148665],[-87.336207507508448,13.222297988907751],[-87.336302493540259,13.222313679182125],[-87.336402173510464,13.222346652353284],[-87.336511748100449,13.222386602253339],[-87.336614622705525,13.222427103471682],[-87.336735140630083,13.222471460609881],[-87.336858447524449,13.222523671878687],[-87.336984813306771,13.222571927517464],[-87.337104659547734,13.222610986505121],[-87.337218320796666,13.222635802739827],[-87.3373286918725,13.222650694687662],[-87.337462264649346,13.222664244814061],[-87.337580200941048,13.222683530325511],[-87.33770620483223,13.222689982975664],[-87.337782833793952,13.222699421501286],[-87.337842438618992,13.22276591303712],[-87.337859481857379,13.222809210937118],[-87.33782745797437,13.224459470214756],[-87.335360888217522,13.224438400975513],[-87.335388880283304,13.224393116887637],[-87.335393223438828,13.224383381545723],[-87.335402788765379,13.224365510216737],[-87.335462167413695,13.224266725248867],[-87.335531873804484,13.224167691609866],[-87.335601206134342,13.224071886587364],[-87.335652248810888,13.223972126895477],[-87.335693082831838,13.223851772923082],[-87.335726788116972,13.223735741539949],[-87.335749687229622,13.22360087089757],[-87.335752865646185,13.22280059442093],[-87.335755710419761,13.222727862494253],[-87.335760312736866,13.222610757099622],[-87.335756840578298,13.222521757109613],[-87.335775269766259,13.222445677104371],[-87.335811456926564,13.222383092194294]]]]}},
{"type":"Feature","properties":{"fid":443,"OBJECTID":624,"Name":"RAL062","LOTE_ID":"RAL062","FINCA":"RANCHO ALEGRE","DISTRITO":"D32","VARIEDAD":"CP72-2086","CICLO":"R1","TCH 23-24":"73.41","ESTIMADO 2":"68","AREA CAÑA":"7.62","ESTATUS":"Comercial","UBICACIÒN":"CENTRO","SEMAN COSE":"4","SEMANA COS":"1","FECHA COSE":"12/01/2024","EDAD COSEC":"11.43","FECHA CO_1":"12/24/2023","FECHA SIEM":null,"FECHA CORT":"12/24/2023","EDAD HOY":"247","TIPO COSEC":"COSECHA MECANICA","TIPO DE CO":"COSECHA MECANICA","BLOQUE COS":"RAL BLOQ14","RANGO DIST":"<10","TIPO DE SU":"FARC","TIPO DE RI":"SEMIFIJO","DISTANCIAM":"1.6","RENOVACIÒ":"SEMIFIJO - GOTEO","Area Calc":7.625},"geometry":{"type":"MultiPolygon","coordinates":[[[[-87.337899065009793,13.222910137127855],[-87.338062036522459,13.222956526315658],[-87.338206401216326,13.222998427845507],[-87.338368404638999,13.223027411460119],[-87.33854162375431,13.223037427211343],[-87.338727375541367,13.223053168176486],[-87.338923636980866,13.22308675384976],[-87.339111378021414,13.223119328879305],[-87.339276009719285,13.223159946019589],[-87.339447194547432,13.223180516354891],[-87.339629709202697,13.22318462336731],[-87.339777339332159,13.223158222285363],[-87.339906890777797,13.223080258165353],[-87.340028665203363,13.223018309402571],[-87.340178646569456,13.222990322541776],[-87.340345123640972,13.222990544060654],[-87.340496488318294,13.22300168171021],[-87.340659697229341,13.223027895281687],[-87.340845476665066,13.223023605715834],[-87.341032335948952,13.223012659356373],[-87.341189042464705,13.222989012337015],[-87.341356479691257,13.222969528491555],[-87.341403727204892,13.222963253264886],[-87.341466341610911,13.222949904421876],[-87.341528208553683,13.222936665071142],[-87.341590477027907,13.222920142772164],[-87.341652496492486,13.222903765469601],[-87.341715550041627,13.222887649000114],[-87.341780947022684,13.22287087832861],[-87.341845121884134,13.22285801559817],[-87.341908990356345,13.222843860196072],[-87.341970177138762,13.222826073313982],[-87.342029046120132,13.222807475700737],[-87.342087800402965,13.22278605699392],[-87.342148059671473,13.222771653174211],[-87.342195172777764,13.222754418574885],[-87.342132909056289,13.224546390232566],[-87.337869040805742,13.224457342738091],[-87.337899065009793,13.222910137127855]]]]}},
{"type":"Feature","properties":{"fid":444,"OBJECTID":625,"Name":"RAL063","LOTE_ID":"RAL063","FINCA":"RANCHO ALEGRE","DISTRITO":"D32","VARIEDAD":"CP72-2086","CICLO":"R1","TCH 23-24":"69.22","ESTIMADO 2":"65","AREA CAÑA":"9.76","ESTATUS":"Comercial","UBICACIÒN":"CENTRO","SEMAN COSE":"4","SEMANA COS":"1","FECHA COSE":"12/01/2024","EDAD COSEC":"11.43","FECHA CO_1":"12/24/2023","FECHA SIEM":null,"FECHA CORT":"12/24/2023","EDAD HOY":"247","TIPO COSEC":"COSECHA MECANICA","TIPO DE CO":"COSECHA MECANICA","BLOQUE COS":"RAL BLOQ14","RANGO DIST":"<10","TIPO DE SU":"FLARC","TIPO DE RI":"SEMIFIJO","DISTANCIAM":"1.5","RENOVACIÒ":"SEMIFIJO - GOTEO","Area Calc":9.768},"geometry":{"type":"MultiPolygon","coordinates":[[[[-87.342931345314469,13.222225623737883],[-87.34442881222995,13.222399138609658],[-87.346023708744724,13.22259340802573],[-87.345950569557075,13.224626058475224],[-87.342179051061024,13.224547352980435],[-87.34224194270611,13.222737309211716],[-87.34237714455881,13.222687848840861],[-87.342438261143855,13.222666110406738],[-87.342500432718367,13.222646387003559],[-87.342561101168897,13.222621005047472],[-87.342603827435369,13.222576079333802],[-87.342642095476492,13.222524359691628],[-87.342679570265261,13.222473011846088],[-87.342714950983449,13.22242244444986],[-87.342753275959666,13.222371873101926],[-87.34279565425814,13.222322372361512],[-87.342844488253945,13.222282447917996],[-87.342891257354026,13.222250971850388],[-87.342918274678496,13.222233888855312],[-87.342931345314469,13.222225623737883]]]]}},
{"type":"Feature","properties":{"fid":445,"OBJECTID":626,"Name":"RAL064","LOTE_ID":"RAL064","FINCA":"RANCHO ALEGRE","DISTRITO":"D32","VARIEDAD":"CP73-1547","CICLO":"R1","TCH 23-24":"88.1","ESTIMADO 2":"85","AREA CAÑA":"8.41","ESTATUS":"Comercial","UBICACIÒN":"CENTRO","SEMAN COSE":"6","SEMANA COS":"5","FECHA COSE":"12/29/2024","EDAD COSEC":"11.97","FECHA CO_1":"01/05/2024","FECHA SIEM":null,"FECHA CORT":"01/05/2024","EDAD HOY":"235","TIPO COSEC":"COSECHA MECANICA","TIPO DE CO":"COSECHA MECANICA","BLOQUE COS":"RAL BLOQ17","RANGO DIST":"<10","TIPO DE SU":"ARC","TIPO DE RI":"SEMIFIJO","DISTANCIAM":"1.5","RENOVACIÒ":null,"Area Calc":6.265},"geometry":{"type":"MultiPolygon","coordinates":[[[[-87.347021106811994,13.22463608141399],[-87.347263788201744,13.222913430399471],[-87.347326758263833,13.222844478764989],[-87.347368845696991,13.222811796567429],[-87.34740852160553,13.222790348314302],[-87.348952416060058,13.222934452520485],[-87.349493037012138,13.223043868704401],[-87.34952865515362,13.223057257032176],[-87.349581514114277,13.223076897213293],[-87.349632511935141,13.22310530202256],[-87.349684708204208,13.22312622711013],[-87.349731112279429,13.223150008468879],[-87.349786316797562,13.223163993892708],[-87.349840165996696,13.223172519544235],[-87.349897252509393,13.223179413120304],[-87.349955752264478,13.223180598989366],[-87.350014353172639,13.223181522476686],[-87.350074036641004,13.223184325289196],[-87.350126581808013,13.223203929615794],[-87.350169968355033,13.22324102545072],[-87.350217031051159,13.223297474229572],[-87.350218908769662,13.224524492023773],[-87.350215337934543,13.224570522768694],[-87.350215817380374,13.224671693989325],[-87.347021106811994,13.22463608141399]]]]}},
{"type":"Feature","properties":{"fid":446,"OBJECTID":627,"Name":"RAL064","LOTE_ID":"RAL064","FINCA":"RANCHO ALEGRE","DISTRITO":"D32","VARIEDAD":"CP73-1547","CICLO":"R1","TCH 23-24":"88.1","ESTIMADO 2":"85","AREA CAÑA":"8.41","ESTATUS":"Comercial","UBICACIÒN":"CENTRO","SEMAN COSE":"6","SEMANA COS":"5","FECHA COSE":"12/29/2024","EDAD COSEC":"11.97","FECHA CO_1":"01/05/2024","FECHA SIEM":null,"FECHA CORT":"01/05/2024","EDAD HOY":"235","TIPO COSEC":"COSECHA MECANICA","TIPO DE CO":"COSECHA MECANICA","BLOQUE COS":"RAL BLOQ17","RANGO DIST":"<10","TIPO DE SU":"ARC","TIPO DE RI":"SEMIFIJO","DISTANCIAM":"1.5","RENOVACIÒ":null,"Area Calc":2.149},"geometry":{"type":"MultiPolygon","coordinates":[[[[-87.347086823607228,13.223177537297159],[-87.346881567678096,13.224634524706149],[-87.346024493120836,13.224624963760252],[-87.346093106486833,13.222718053267087],[-87.346150139085083,13.222684242435808],[-87.346200170248039,13.222675466852234],[-87.346254356362564,13.222674353597398],[-87.346306253625031,13.222673324813019],[-87.346360981684427,13.222676903813351],[-87.346413484248799,13.222692756370174],[-87.346455170884354,13.22272914080499],[-87.346499816359454,13.222756216580994],[-87.346548935135914,13.222781079937191],[-87.346594192622533,13.222803624618361],[-87.346642018512568,13.222788757352282],[-87.346680455589464,13.222759281228845],[-87.346733057676062,13.22275409189244],[-87.346782786600357,13.222746980408637],[-87.346837741361568,13.222741154890928],[-87.346893523172881,13.222752355100029],[-87.346949590470615,13.222763102788864],[-87.346999294644718,13.222771128293193],[-87.347022574763244,13.222812239667581],[-87.347044764112027,13.222858696585147],[-87.347072503526647,13.222900742312044],[-87.347075902990866,13.222948490670438],[-87.34708862147447,13.2229941104533],[-87.347086823607228,13.223177537297159]]]]}},
{"type":"Feature","properties":{"fid":447,"OBJECTID":628,"Name":"RAL065","LOTE_ID":"RAL065","FINCA":"RANCHO ALEGRE","DISTRITO":"D32","VARIEDAD":"CP72-2086","CICLO":"R1","TCH 23-24":"92.35","ESTIMADO 2":"85","AREA CAÑA":"3.07","ESTATUS":"Comercial","UBICACIÒN":"CENTRO","SEMAN COSE":"5","SEMANA COS":"5","FECHA COSE":"12/29/2024","EDAD COSEC":"11.77","FECHA CO_1":"01/11/2024","FECHA SIEM":null,"FECHA CORT":"01/11/2024","EDAD HOY":"229","TIPO COSEC":"MANUAL","TIPO DE CO":"MANUAL","BLOQUE COS":"RAL BLOQ17","RANGO DIST":"<10","TIPO DE SU":"ARC","TIPO DE RI":"SEMIFIJO","DISTANCIAM":"1.5","RENOVACIÒ":null,"Area Calc":3.077},"geometry":{"type":"MultiPolygon","coordinates":[[[[-87.352286387854164,13.224694754578499],[-87.350291686549724,13.22467253949258],[-87.350314831954563,13.223404666388722],[-87.350322088626356,13.223365402447927],[-87.350332977780781,13.22331426265603],[-87.350350675501019,13.223265563121844],[-87.350371833805227,13.22322293534215],[-87.350398103549296,13.223191956219372],[-87.350449369654811,13.223181939303259],[-87.350505020483325,13.223178806680654],[-87.350560442944058,13.223177338162156],[-87.350609499529668,13.223184179292108],[-87.350668684671035,13.223193493182634],[-87.351070605241546,13.223240414233222],[-87.351126081819402,13.223257410113447],[-87.351183883675859,13.22326752151541],[-87.351242675525569,13.223272866195448],[-87.351300527628922,13.223279387666128],[-87.351358769687877,13.223287518136198],[-87.351415938383397,13.223293751162771],[-87.351475279899489,13.223302657741893],[-87.351534218679788,13.223313915886706],[-87.351589187078432,13.223324058219456],[-87.3516494087702,13.22334173468205],[-87.351705492960434,13.223364046534371],[-87.351758228183115,13.223393786797836],[-87.351814848885454,13.223416911703985],[-87.351871852952542,13.223430604839571],[-87.351926602699493,13.223436280450828],[-87.351967178826158,13.223469970854083],[-87.351999073339343,13.223544752856251],[-87.352281075481372,13.22450017385543],[-87.352282901567975,13.224563477219812],[-87.352285690398105,13.224648046994641],[-87.352286387854164,13.224694754578499]]]]}},
{"type":"Feature","properties":{"fid":448,"OBJECTID":629,"Name":"RAL066","LOTE_ID":"RAL066","FINCA":"RANCHO ALEGRE","DISTRITO":"D32","VARIEDAD":"CG02-163","CICLO":"R1","TCH 23-24":"101.89","ESTIMADO 2":"100","AREA CAÑA":"4.48","ESTATUS":"Comercial","UBICACIÒN":"CENTRO","SEMAN COSE":"9","SEMANA COS":"1","FECHA COSE":"12/01/2024","EDAD COSEC":"10.87","FECHA CO_1":"01/10/2024","FECHA SIEM":null,"FECHA CORT":"01/10/2024","EDAD HOY":"230","TIPO COSEC":"MANUAL","TIPO DE CO":"MANUAL","BLOQUE COS":"RAL BLOQ18","RANGO DIST":"<10","TIPO DE SU":"FLARC","TIPO DE RI":"ASPERSIÃ“N","DISTANCIAM":"1.5","RENOVACIÒ":"SEMIFIJO - GOTEO","Area Calc":4.478},"geometry":{"type":"MultiPolygon","coordinates":[[[[-87.335908591339333,13.222039822802648],[-87.335869559755963,13.222006715518864],[-87.335845147433176,13.221959681782778],[-87.335799305348004,13.221812629029646],[-87.335853189939769,13.221422632762517],[-87.335972810212894,13.221391550533435],[-87.339446702297607,13.221803718452813],[-87.341963494071805,13.22210886676495],[-87.341963370226367,13.222140540705587],[-87.341948224910709,13.222193983555229],[-87.341906066442903,13.222235761641853],[-87.341852541080797,13.222267246565496],[-87.341796210720489,13.22229271297882],[-87.341734382284258,13.222313593181173],[-87.341670682023931,13.222329149887006],[-87.341609272547842,13.222339386575756],[-87.341544242798534,13.222348027578247],[-87.341482014492783,13.22235351806189],[-87.341420996041322,13.222359558502266],[-87.341358886520297,13.222364189767866],[-87.341295040204855,13.222374303041203],[-87.341232801988326,13.222385951363311],[-87.341168030881363,13.222394763731405],[-87.341105503289583,13.222404079465436],[-87.341039811552591,13.222414583961378],[-87.340976544719922,13.222423285765773],[-87.340912271682001,13.222431871344845],[-87.340852313491183,13.222437105461406],[-87.340789886171478,13.222432242475454],[-87.340724202212044,13.222435069868455],[-87.340656540505464,13.222442683318276],[-87.340592388596761,13.222458755777161],[-87.340529309224308,13.222482847415558],[-87.340470887220036,13.222517630016119],[-87.34041304554141,13.222551598013405],[-87.340358086135495,13.222587452026174],[-87.340301653723017,13.222619365494083],[-87.340236873774501,13.222628530294323],[-87.340171359108652,13.222633681222552],[-87.340106463907745,13.2226396089579],[-87.340043636674622,13.222632585184863],[-87.339981843366388,13.222612376176892],[-87.339922550627904,13.222585002234556],[-87.339869861248573,13.222547256889866],[-87.339818844003105,13.222503957267003],[-87.339760114495363,13.222476709131016],[-87.339694400535762,13.222464553013646],[-87.339630025727246,13.222453000942375],[-87.339022964801458,13.222349927308793],[-87.338988657130187,13.222342648438374],[-87.338923685785574,13.222340193651533],[-87.338857663567424,13.22233868969486],[-87.338790083553192,13.222338652657088],[-87.338724101349428,13.222339391132698],[-87.338657640074061,13.222340763195138],[-87.338592768311571,13.222336897574909],[-87.338526952801573,13.222331351297804],[-87.338460697199395,13.222327930554702],[-87.338393708948928,13.222321969844332],[-87.338327375772863,13.222315836443537],[-87.338260424185123,13.222309685758777],[-87.338192565863537,13.222308618095294],[-87.338128027167883,13.222305321588617],[-87.338062835718674,13.222303879624633],[-87.337996959203622,13.222307637940713],[-87.337935971564818,13.222329420362385],[-87.33788141764046,13.222365056296507],[-87.337826368961871,13.222396650911501],[-87.337757118899717,13.222437252440512],[-87.337731418524157,13.222440442194378],[-87.337670756433454,13.222437258003689],[-87.337610483794577,13.222428674959849],[-87.33754706368228,13.222419987547992],[-87.337483253775375,13.222409736296186],[-87.337422617390502,13.222391677232018],[-87.337359707555862,13.222378187574964],[-87.337297499694472,13.222365067715408],[-87.337234859050028,13.222352680847413],[-87.337170745994626,13.222336733192138],[-87.337106703182641,13.22231816312615],[-87.337042678702787,13.2222994935531],[-87.336979558332786,13.222280524372309],[-87.336915271902228,13.222259278022332],[-87.336852714004579,13.222239901159613],[-87.336788456636611,13.222219640362715],[-87.336725838504293,13.222196709876554],[-87.336663019686966,13.22217549769889],[-87.336600108595661,13.222154294669417],[-87.336538128076896,13.222131896799795],[-87.33647529093119,13.222110756938651],[-87.336416057163035,13.222085642697957],[-87.33635130968247,13.222071377559098],[-87.336285156088522,13.222061508869572],[-87.336222287785006,13.222058019791897],[-87.336158960562344,13.222056403083249],[-87.336097027208865,13.222054920162972],[-87.336032679527918,13.222056252593667],[-87.335968847861665,13.222050223799309],[-87.335908591339333,13.222039822802648]]]]}},
{"type":"Feature","properties":{"fid":742,"OBJECTID":942,"Name":"RAL018","LOTE_ID":"RAL018","FINCA":"RANCHO ALEGRE","DISTRITO":"D32","VARIEDAD":"CP89-2143","CICLO":"R1","TCH 23-24":"61.79","ESTIMADO 2":"60","AREA CAÑA":"6.96","ESTATUS":"Semillero","UBICACIÒN":"CENTRO","SEMAN COSE":"17","SEMANA COS":"6","FECHA COSE":"01/05/2025","EDAD COSEC":"9.2","FECHA CO_1":"04/04/2024","FECHA SIEM":null,"FECHA CORT":"04/04/2024","EDAD HOY":"145","TIPO COSEC":"MANUAL","TIPO DE CO":"MANUAL","BLOQUE COS":"RAL BLOQ18","RANGO DIST":"<10","TIPO DE SU":"FARC","TIPO DE RI":"SEMIFIJO","DISTANCIAM":"1.5","RENOVACIÒ":null,"Area Calc":6.84},"geometry":{"type":"MultiPolygon","coordinates":[[[[-87.341716280224787,13.238650254502055],[-87.341788700267017,13.237109801962852],[-87.345506242106097,13.237141133495404],[-87.345460732530796,13.238658062507128],[-87.341716280224787,13.238650254502055]]]]}}
]
}
